[
    {
        "uri": "https://pncp.gov.br/pncp-api/v1/orgaos/37115383000153/compras/2021/1/arquivos/1",
        "url": "https://pncp.gov.br/pncp-api/v1/orgaos/37115383000153/compras/2021/1/arquivos/1",
        "sequencialDocumento": 1,
        "dataPublicacaoPncp": "2021-08-20T07:00:27",
        "cnpj": "37115383000153",
        "anoCompra": 2021,
        "sequencialCompra": 1,
        "statusAtivo": true,
        "titulo": "SEI_MME - 0536237 - Termo de Referencia",
        "tipoDocumentoId": 1,
        "tipoDocumentoDescricao": "Aviso de Contratação Direta",
        "tipoDocumentoNome": "Aviso de Contratação Direta",
        "nome_real": [
            "SEI_MME - 0536237 - Termo de Referencia.pdf"
        ],
        "extensao_real": "pdf"
    }
]