[
    {
        "uri": "https://pncp.gov.br/pncp-api/v1/orgaos/00394502000144/compras/2022/202/arquivos/1",
        "url": "https://pncp.gov.br/pncp-api/v1/orgaos/00394502000144/compras/2022/202/arquivos/1",
        "sequencialDocumento": 1,
        "dataPublicacaoPncp": "2022-02-24T10:01:52",
        "cnpj": "00394502000144",
        "anoCompra": 2022,
        "sequencialCompra": 202,
        "statusAtivo": true,
        "titulo": "relatorio da homologacao",
        "tipoDocumentoId": 1,
        "tipoDocumentoDescricao": "Aviso de Contratação Direta",
        "tipoDocumentoNome": "Aviso de Contratação Direta",
        "nome_real": [
            "relatorio da homologacao.pdf"
        ],
        "extensao_real": "pdf"
    }
]