[
    {
        "uri": "https://pncp.gov.br/pncp-api/v1/orgaos/03277610000125/compras/2021/28/arquivos/1",
        "url": "https://pncp.gov.br/pncp-api/v1/orgaos/03277610000125/compras/2021/28/arquivos/1",
        "sequencialDocumento": 1,
        "dataPublicacaoPncp": "2021-10-29T07:00:25",
        "cnpj": "03277610000125",
        "anoCompra": 2021,
        "sequencialCompra": 28,
        "statusAtivo": true,
        "titulo": "ARATU2",
        "tipoDocumentoDescricao": "Aviso de Contratação Direta",
        "tipoDocumentoId": 1,
        "tipoDocumentoNome": "Aviso de Contratação Direta",
        "nome_real": [
            "ARATU2.pdf"
        ],
        "extensao_real": "pdf"
    }
]