[
    {
        "uri": "https://pncp.gov.br/pncp-api/v1/orgaos/00394452000103/compras/2022/316/arquivos/1",
        "url": "https://pncp.gov.br/pncp-api/v1/orgaos/00394452000103/compras/2022/316/arquivos/1",
        "sequencialDocumento": 1,
        "dataPublicacaoPncp": "2022-02-18T16:05:35",
        "cnpj": "00394452000103",
        "anoCompra": 2022,
        "sequencialCompra": 316,
        "statusAtivo": true,
        "titulo": "Aviso dispensa eletronica 1_2022 - PASSEx",
        "tipoDocumentoId": 1,
        "tipoDocumentoNome": "Aviso de Contratação Direta",
        "tipoDocumentoDescricao": "Aviso de Contratação Direta",
        "nome_real": [
            "Aviso dispensa eletronica 1_2022 - PASSEx.pdf"
        ],
        "extensao_real": "pdf"
    }
]