[
    {
        "uri": "https://pncp.gov.br/pncp-api/v1/orgaos/10764307000112/compras/2022/3/arquivos/1",
        "url": "https://pncp.gov.br/pncp-api/v1/orgaos/10764307000112/compras/2022/3/arquivos/1",
        "sequencialDocumento": 1,
        "dataPublicacaoPncp": "2022-02-16T13:53:32",
        "cnpj": "10764307000112",
        "anoCompra": 2022,
        "sequencialCompra": 3,
        "statusAtivo": true,
        "tipoDocumentoId": 1,
        "tipoDocumentoDescricao": "Aviso de Contratação Direta",
        "titulo": "AVISO E ANEXOS",
        "tipoDocumentoNome": "Aviso de Contratação Direta",
        "nome_real": [
            "AVISO E ANEXOS.rar"
        ],
        "extensao_real": "rar"
    }
]