[
    {
        "uri": "https://pncp.gov.br/pncp-api/v1/orgaos/00394544000185/compras/2021/17/arquivos/1",
        "url": "https://pncp.gov.br/pncp-api/v1/orgaos/00394544000185/compras/2021/17/arquivos/1",
        "sequencialDocumento": 1,
        "dataPublicacaoPncp": "2021-09-30T07:00:16",
        "cnpj": "00394544000185",
        "anoCompra": 2021,
        "sequencialCompra": 17,
        "statusAtivo": true,
        "titulo": "Dispensa Eletronica n 1-2021",
        "tipoDocumentoId": 1,
        "tipoDocumentoDescricao": "Aviso de Contratação Direta",
        "tipoDocumentoNome": "Aviso de Contratação Direta",
        "nome_real": [
            "Dispensa Eletronica n 1-2021.pdf"
        ],
        "extensao_real": "pdf"
    }
]