[
    {
        "uri": "https://pncp.gov.br/pncp-api/v1/orgaos/17217985000104/compras/2021/26/arquivos/1",
        "url": "https://pncp.gov.br/pncp-api/v1/orgaos/17217985000104/compras/2021/26/arquivos/1",
        "sequencialDocumento": 1,
        "dataPublicacaoPncp": "2021-09-13T07:00:37",
        "cnpj": "17217985000104",
        "anoCompra": 2021,
        "sequencialCompra": 26,
        "statusAtivo": true,
        "titulo": "INSTRUCOES GERAIS PARA CONTRATACAO - DISPENSA ELETRONICA",
        "tipoDocumentoNome": "Aviso de Contratação Direta",
        "tipoDocumentoId": 1,
        "tipoDocumentoDescricao": "Aviso de Contratação Direta",
        "nome_real": [
            "INSTRUCOES GERAIS PARA CONTRATACAO - DISPENSA ELETRONICA.pdf"
        ],
        "extensao_real": "pdf"
    }
]