[
    {
        "uri": "https://pncp.gov.br/pncp-api/v1/orgaos/23274194000119/compras/2021/19/arquivos/1",
        "url": "https://pncp.gov.br/pncp-api/v1/orgaos/23274194000119/compras/2021/19/arquivos/1",
        "sequencialDocumento": 1,
        "dataPublicacaoPncp": "2021-09-23T07:01:45",
        "cnpj": "23274194000119",
        "anoCompra": 2021,
        "sequencialCompra": 19,
        "statusAtivo": true,
        "titulo": "Descritivo Cotacao 843",
        "tipoDocumentoId": 1,
        "tipoDocumentoDescricao": "Aviso de Contratação Direta",
        "tipoDocumentoNome": "Aviso de Contratação Direta",
        "nome_real": [
            "Descritivo Cotacao 843.docx"
        ],
        "extensao_real": "docx"
    }
]