[
    {
        "uri": "https://pncp.gov.br/pncp-api/v1/orgaos/15126437000143/compras/2022/58/arquivos/1",
        "url": "https://pncp.gov.br/pncp-api/v1/orgaos/15126437000143/compras/2022/58/arquivos/1",
        "sequencialDocumento": 1,
        "dataPublicacaoPncp": "2022-02-17T11:02:45",
        "cnpj": "15126437000143",
        "anoCompra": 2022,
        "sequencialCompra": 58,
        "statusAtivo": true,
        "titulo": "Termo de Referencia",
        "tipoDocumentoId": 1,
        "tipoDocumentoDescricao": "Aviso de Contratação Direta",
        "tipoDocumentoNome": "Aviso de Contratação Direta",
        "nome_real": [
            "Termo de Referencia.pdf"
        ],
        "extensao_real": "pdf"
    }
]