[
    {
        "uri": "https://pncp.gov.br/pncp-api/v1/orgaos/15126437000143/compras/2022/84/arquivos/1",
        "url": "https://pncp.gov.br/pncp-api/v1/orgaos/15126437000143/compras/2022/84/arquivos/1",
        "sequencialDocumento": 1,
        "dataPublicacaoPncp": "2022-03-10T14:47:46",
        "cnpj": "15126437000143",
        "anoCompra": 2022,
        "sequencialCompra": 84,
        "statusAtivo": true,
        "titulo": "SEI_23532.000753_2022_26 - Aviso e Termo de referencia n 8-2022",
        "tipoDocumentoId": 1,
        "tipoDocumentoDescricao": "Aviso de Contratação Direta",
        "tipoDocumentoNome": "Aviso de Contratação Direta",
        "nome_real": [
            "SEI_23532.000753_2022_26 - Aviso e Termo de referencia n 8-2022.pdf"
        ],
        "extensao_real": "pdf"
    }
]