[
    {
        "uri": "https://pncp.gov.br/pncp-api/v1/orgaos/42498600000171/compras/2022/5/arquivos/1",
        "url": "https://pncp.gov.br/pncp-api/v1/orgaos/42498600000171/compras/2022/5/arquivos/1",
        "sequencialDocumento": 1,
        "dataPublicacaoPncp": "2022-02-08T11:57:14",
        "cnpj": "42498600000171",
        "anoCompra": 2022,
        "sequencialCompra": 5,
        "statusAtivo": true,
        "tipoDocumentoId": 1,
        "tipoDocumentoDescricao": "Aviso de Contratação Direta",
        "titulo": "DOCUMENTOS DA DE",
        "tipoDocumentoNome": "Aviso de Contratação Direta",
        "nome_real": [
            "DOCUMENTOS DA DE.pdf"
        ],
        "extensao_real": "pdf"
    }
]