[
    {
        "uri": "https://pncp.gov.br/pncp-api/v1/orgaos/00394452000103/compras/2021/1632/arquivos/1",
        "url": "https://pncp.gov.br/pncp-api/v1/orgaos/00394452000103/compras/2021/1632/arquivos/1",
        "sequencialDocumento": 1,
        "dataPublicacaoPncp": "2021-11-11T07:02:42",
        "cnpj": "00394452000103",
        "anoCompra": 2021,
        "sequencialCompra": 1632,
        "statusAtivo": true,
        "tipoDocumentoId": 1,
        "tipoDocumentoDescricao": "Aviso de Contratação Direta",
        "titulo": "publicado",
        "tipoDocumentoNome": "Aviso de Contratação Direta",
        "nome_real": [
            "publicado.pdf"
        ],
        "extensao_real": "pdf"
    }
]