[
    {
        "uri": "https://pncp.gov.br/pncp-api/v1/orgaos/01678363000143/compras/2021/3/arquivos/1",
        "url": "https://pncp.gov.br/pncp-api/v1/orgaos/01678363000143/compras/2021/3/arquivos/1",
        "sequencialDocumento": 1,
        "dataPublicacaoPncp": "2021-11-30T07:00:27",
        "cnpj": "01678363000143",
        "anoCompra": 2021,
        "sequencialCompra": 3,
        "statusAtivo": true,
        "titulo": "INEP_Dispensa Eletronica_112021",
        "tipoDocumentoId": 1,
        "tipoDocumentoDescricao": "Aviso de Contratação Direta",
        "tipoDocumentoNome": "Aviso de Contratação Direta",
        "nome_real": [
            "INEP_Dispensa Eletronica_112021.zip",
            "INEP_Dispensa Eletronica_112021/",
            "INEP_Dispensa Eletronica_112021/Anexo II - Projeto Básico.pdf",
            "INEP_Dispensa Eletronica_112021/Anexo III - Documento de Formalizaç╞o da Demanda (IN 05_2017).pdf",
            "INEP_Dispensa Eletronica_112021/Anexo IV - Minuta de Contrato.pdf",
            "INEP_Dispensa Eletronica_112021/Aviso de Dispensa Eletronica_112021.pdf"
        ],
        "extensao_real": "zip"
    }
]