[
    {
        "uri": "https://pncp.gov.br/pncp-api/v1/orgaos/00394502000144/compras/2022/234/arquivos/1",
        "url": "https://pncp.gov.br/pncp-api/v1/orgaos/00394502000144/compras/2022/234/arquivos/1",
        "sequencialDocumento": 1,
        "dataPublicacaoPncp": "2022-03-03T08:55:50",
        "cnpj": "00394502000144",
        "anoCompra": 2022,
        "sequencialCompra": 234,
        "statusAtivo": true,
        "titulo": "Doc.dispensa",
        "tipoDocumentoId": 1,
        "tipoDocumentoDescricao": "Aviso de Contratação Direta",
        "tipoDocumentoNome": "Aviso de Contratação Direta",
        "nome_real": [
            "Doc.dispensa.zip",
            "Certidões/",
            "Certidões/Consulta Regularidade do Empregador.pdf",
            "Certidões/certidao_20473312000120.pdf",
            "Certidões/Cnpjreva_Comprovante.asp.pdf",
            "Certidões/Certidao-20473312000120.pdf",
            "Certidões2/",
            "Certidões2/Consulta Regularidade do Empregador.pdf",
            "Certidões2/Cnpjreva_Comprovante.asp.pdf",
            "Certidões2/certidao_29602174000106.pdf",
            "Certidões2/Certidao-29602174000106.pdf",
            "Orçamentos/",
            "Orçamentos/Sem título 1.pdf",
            "Orçamentos/Prop Marinha.pdf",
            "Orçamentos/ORÇAMENTO NV GRAÇA ARANHA MAT PINTURA.docx",
            "Orçamentos/.~lock.ORÇAMENTO NV GRAÇA ARANHA MAT PINTURA.docx#",
            "Orçamentos/IN-V085.pdf",
            "relatorio_dispensa_751200_32022.pdf"
        ],
        "extensao_real": "zip"
    }
]