[
    {
        "uri": "https://pncp.gov.br/pncp-api/v1/orgaos/00509018000113/compras/2022/4/arquivos/1",
        "url": "https://pncp.gov.br/pncp-api/v1/orgaos/00509018000113/compras/2022/4/arquivos/1",
        "sequencialDocumento": 1,
        "dataPublicacaoPncp": "2022-02-15T13:34:19",
        "cnpj": "00509018000113",
        "anoCompra": 2022,
        "sequencialCompra": 4,
        "statusAtivo": true,
        "titulo": "TRE-AC  - Termo de Referencia - links temporarios",
        "tipoDocumentoDescricao": "Aviso de Contratação Direta",
        "tipoDocumentoId": 1,
        "tipoDocumentoNome": "Aviso de Contratação Direta",
        "nome_real": [
            "TRE-AC  - Termo de Referencia - links temporarios.pdf"
        ],
        "extensao_real": "pdf"
    }
]