[
    {
        "uri": "https://pncp.gov.br/pncp-api/v1/orgaos/00402552000126/compras/2021/63/arquivos/1",
        "url": "https://pncp.gov.br/pncp-api/v1/orgaos/00402552000126/compras/2021/63/arquivos/1",
        "sequencialDocumento": 1,
        "dataPublicacaoPncp": "2021-11-29T07:01:51",
        "cnpj": "00402552000126",
        "anoCompra": 2021,
        "sequencialCompra": 63,
        "statusAtivo": true,
        "titulo": "Solicitacao Dispensa Ar condicionado Split",
        "tipoDocumentoId": 1,
        "tipoDocumentoNome": "Aviso de Contratação Direta",
        "tipoDocumentoDescricao": "Aviso de Contratação Direta",
        "nome_real": [
            "Solicitacao Dispensa Ar condicionado Split.pdf"
        ],
        "extensao_real": "pdf"
    }
]