[
    {
        "uri": "https://pncp.gov.br/pncp-api/v1/orgaos/00394429000100/compras/2021/317/arquivos/1",
        "url": "https://pncp.gov.br/pncp-api/v1/orgaos/00394429000100/compras/2021/317/arquivos/1",
        "sequencialDocumento": 1,
        "dataPublicacaoPncp": "2021-11-30T07:00:33",
        "cnpj": "00394429000100",
        "anoCompra": 2021,
        "sequencialCompra": 317,
        "statusAtivo": true,
        "titulo": "03 COMPRASNET",
        "tipoDocumentoId": 1,
        "tipoDocumentoDescricao": "Aviso de Contratação Direta",
        "tipoDocumentoNome": "Aviso de Contratação Direta",
        "nome_real": [
            "03 COMPRASNET.zip",
            "03 COMPRASNET/",
            "03 COMPRASNET/ANEXO I - HABILITAÇ╟O.pdf",
            "03 COMPRASNET/ANEXO II - TERMO DE REFERENCIA.pdf",
            "03 COMPRASNET/ANEXO II.1 - ESTUDO PRELIMINAR.pdf",
            "03 COMPRASNET/ANEXO III - COMPLEMENTO NOTA DE EMPENHO.pdf",
            "03 COMPRASNET/AVISO DE DISPENSA.pdf"
        ],
        "extensao_real": "zip"
    }
]