[
    {
        "uri": "https://pncp.gov.br/pncp-api/v1/orgaos/01263896000164/compras/2021/128/arquivos/1",
        "url": "https://pncp.gov.br/pncp-api/v1/orgaos/01263896000164/compras/2021/128/arquivos/1",
        "sequencialDocumento": 1,
        "dataPublicacaoPncp": "2021-12-02T07:01:33",
        "cnpj": "01263896000164",
        "anoCompra": 2021,
        "sequencialCompra": 128,
        "statusAtivo": true,
        "titulo": "Edital e Anexos CD 201-2021",
        "tipoDocumentoDescricao": "Aviso de Contratação Direta",
        "tipoDocumentoId": 1,
        "tipoDocumentoNome": "Aviso de Contratação Direta",
        "nome_real": [
            "Edital e Anexos CD 201-2021.pdf"
        ],
        "extensao_real": "pdf"
    }
]