[
    {
        "uri": "https://pncp.gov.br/pncp-api/v1/orgaos/00394429000100/compras/2021/68/arquivos/1",
        "url": "https://pncp.gov.br/pncp-api/v1/orgaos/00394429000100/compras/2021/68/arquivos/1",
        "sequencialDocumento": 1,
        "dataPublicacaoPncp": "2021-10-08T07:01:21",
        "cnpj": "00394429000100",
        "anoCompra": 2021,
        "sequencialCompra": 68,
        "statusAtivo": true,
        "titulo": "2352021 -GAP-SJ -AQUISICAO DE GERADOR ELETRICO",
        "tipoDocumentoId": 1,
        "tipoDocumentoNome": "Aviso de Contratação Direta",
        "tipoDocumentoDescricao": "Aviso de Contratação Direta",
        "nome_real": [
            "2352021 -GAP-SJ -AQUISICAO DE GERADOR ELETRICO.zip",
            "Anexo II - Projeto Básico.pdf",
            "Aviso de Dispensa Eletrônica 2352021 ASSINADO.pdf"
        ],
        "extensao_real": "zip"
    }
]