[
    {
        "uri": "https://pncp.gov.br/pncp-api/v1/orgaos/01067271000127/compras/2022/3/arquivos/1",
        "url": "https://pncp.gov.br/pncp-api/v1/orgaos/01067271000127/compras/2022/3/arquivos/1",
        "sequencialDocumento": 1,
        "dataPublicacaoPncp": "2022-01-28T18:12:16",
        "cnpj": "01067271000127",
        "anoCompra": 2022,
        "sequencialCompra": 3,
        "statusAtivo": true,
        "titulo": "COMPROVANTE DE PUBLICACAO PORTAL",
        "tipoDocumentoId": 1,
        "tipoDocumentoNome": "Aviso de Contratação Direta",
        "tipoDocumentoDescricao": "Aviso de Contratação Direta",
        "nome_real": [
            "COMPROVANTE_PUBLICACAO.PDF"
        ],
        "extensao_real": "PDF"
    }
]