[
    {
        "uri": "https://pncp.gov.br/pncp-api/v1/orgaos/18314617000147/compras/2022/11/arquivos/1",
        "url": "https://pncp.gov.br/pncp-api/v1/orgaos/18314617000147/compras/2022/11/arquivos/1",
        "sequencialDocumento": 1,
        "dataPublicacaoPncp": "2022-02-09T18:23:37",
        "cnpj": "18314617000147",
        "anoCompra": 2022,
        "sequencialCompra": 11,
        "statusAtivo": true,
        "titulo": "2619_bb1cc4fd95fa97b002c9288e3e04963f.pdf",
        "tipoDocumentoId": 6,
        "tipoDocumentoDescricao": "Projeto Básico",
        "tipoDocumentoNome": "Projeto Básico",
        "nome_real": [
            "2619_bb1cc4fd95fa97b002c9288e3e04963f.pdf"
        ],
        "extensao_real": "pdf"
    }
]