[
    {
        "uri": "https://pncp.gov.br/pncp-api/v1/orgaos/00394452000103/compras/2021/1947/arquivos/1",
        "url": "https://pncp.gov.br/pncp-api/v1/orgaos/00394452000103/compras/2021/1947/arquivos/1",
        "sequencialDocumento": 1,
        "dataPublicacaoPncp": "2021-11-24T07:01:11",
        "cnpj": "00394452000103",
        "anoCompra": 2021,
        "sequencialCompra": 1947,
        "statusAtivo": true,
        "titulo": "Aviso Disp Eletronica Nr 5575 Bandeiras e Insignia_UASG 160367",
        "tipoDocumentoDescricao": "Aviso de Contratação Direta",
        "tipoDocumentoId": 1,
        "tipoDocumentoNome": "Aviso de Contratação Direta",
        "nome_real": [
            "Aviso Disp Eletronica Nr 5575 Bandeiras e Insignia_UASG 160367.pdf"
        ],
        "extensao_real": "pdf"
    }
]