[
    {
        "uri": "https://pncp.gov.br/pncp-api/v1/orgaos/26474056000171/compras/2021/21/arquivos/1",
        "url": "https://pncp.gov.br/pncp-api/v1/orgaos/26474056000171/compras/2021/21/arquivos/1",
        "sequencialDocumento": 1,
        "dataPublicacaoPncp": "2021-11-24T07:00:32",
        "cnpj": "26474056000171",
        "anoCompra": 2021,
        "sequencialCompra": 21,
        "statusAtivo": true,
        "tipoDocumentoId": 1,
        "tipoDocumentoDescricao": "Aviso de Contratação Direta",
        "titulo": "Edital_e_Anexos_Rev.0",
        "tipoDocumentoNome": "Aviso de Contratação Direta",
        "nome_real": [
            "Edital_e_Anexos_Rev.0.pdf"
        ],
        "extensao_real": "pdf"
    }
]