[
    {
        "uri": "https://pncp.gov.br/pncp-api/v1/orgaos/00394494010441/compras/2022/36/arquivos/1",
        "url": "https://pncp.gov.br/pncp-api/v1/orgaos/00394494010441/compras/2022/36/arquivos/1",
        "sequencialDocumento": 1,
        "dataPublicacaoPncp": "2022-03-10T16:02:37",
        "cnpj": "00394494010441",
        "anoCompra": 2022,
        "sequencialCompra": 36,
        "statusAtivo": true,
        "tipoDocumentoId": 1,
        "tipoDocumentoDescricao": "Aviso de Contratação Direta",
        "titulo": "Dispensa Eletronica n 06_2022",
        "tipoDocumentoNome": "Aviso de Contratação Direta",
        "nome_real": [
            "Dispensa Eletronica n 06_2022.pdf"
        ],
        "extensao_real": "pdf"
    }
]