[
    {
        "uri": "https://pncp.gov.br/pncp-api/v1/orgaos/01298975000100/compras/2022/2/arquivos/1",
        "url": "https://pncp.gov.br/pncp-api/v1/orgaos/01298975000100/compras/2022/2/arquivos/1",
        "sequencialDocumento": 1,
        "dataPublicacaoPncp": "2022-01-21T11:45:47",
        "cnpj": "01298975000100",
        "anoCompra": 2022,
        "sequencialCompra": 2,
        "statusAtivo": true,
        "titulo": "EDITAL DE CREDENCIAMENTO",
        "tipoDocumentoNome": "Aviso de Contratação Direta",
        "tipoDocumentoDescricao": "Aviso de Contratação Direta",
        "tipoDocumentoId": 1,
        "nome_real": [
            "EDITAL_001-2022.PDF"
        ],
        "extensao_real": "PDF"
    },
    {
        "uri": "https://pncp.gov.br/pncp-api/v1/orgaos/01298975000100/compras/2022/2/arquivos/2",
        "url": "https://pncp.gov.br/pncp-api/v1/orgaos/01298975000100/compras/2022/2/arquivos/2",
        "sequencialDocumento": 2,
        "dataPublicacaoPncp": "2022-03-04T16:33:10",
        "cnpj": "01298975000100",
        "anoCompra": 2022,
        "sequencialCompra": 2,
        "statusAtivo": true,
        "titulo": "COMPROVANTE DE PUBLICACAO",
        "tipoDocumentoNome": "Aviso de Contratação Direta",
        "tipoDocumentoDescricao": "Aviso de Contratação Direta",
        "tipoDocumentoId": 1,
        "nome_real": [
            "PUBLICACAO_221-2022.PDF"
        ],
        "extensao_real": "PDF"
    }
]