[
    {
        "uri": "https://pncp.gov.br/pncp-api/v1/orgaos/00394429000100/compras/2021/202/arquivos/1",
        "url": "https://pncp.gov.br/pncp-api/v1/orgaos/00394429000100/compras/2021/202/arquivos/1",
        "sequencialDocumento": 1,
        "dataPublicacaoPncp": "2021-11-12T07:01:42",
        "cnpj": "00394429000100",
        "anoCompra": 2021,
        "sequencialCompra": 202,
        "statusAtivo": true,
        "titulo": "2762021 - GAC-PAC - AQUISICAO DE MATERIAIS DE CONSUMO DE INFORMATICA",
        "tipoDocumentoDescricao": "Aviso de Contratação Direta",
        "tipoDocumentoId": 1,
        "tipoDocumentoNome": "Aviso de Contratação Direta",
        "nome_real": [
            "2762021 - GAC-PAC - AQUISICAO DE MATERIAIS DE CONSUMO DE INFORMATICA.zip",
            "Anexo II - Projeto Básico.pdf",
            "Aviso de Dispensa Eletrônica 2762021.pdf",
            "Aviso de Dispensa Eletrônica 2762021 ASSINADO.pdf"
        ],
        "extensao_real": "zip"
    }
]