[
    {
        "uri": "https://pncp.gov.br/pncp-api/v1/orgaos/00394452000103/compras/2021/77/arquivos/1",
        "url": "https://pncp.gov.br/pncp-api/v1/orgaos/00394452000103/compras/2021/77/arquivos/1",
        "sequencialDocumento": 1,
        "dataPublicacaoPncp": "2021-08-19T07:00:55",
        "cnpj": "00394452000103",
        "anoCompra": 2021,
        "sequencialCompra": 77,
        "statusAtivo": true,
        "titulo": "Documento de formalizacao da demanda - Lanterna de Cabeca",
        "tipoDocumentoId": 1,
        "tipoDocumentoDescricao": "Aviso de Contratação Direta",
        "tipoDocumentoNome": "Aviso de Contratação Direta",
        "nome_real": [
            "Documento de formalizacao da demanda - Lanterna de Cabeca.pdf"
        ],
        "extensao_real": "pdf"
    }
]