[
    {
        "uri": "https://pncp.gov.br/pncp-api/v1/orgaos/00394452000103/compras/2021/1825/arquivos/1",
        "url": "https://pncp.gov.br/pncp-api/v1/orgaos/00394452000103/compras/2021/1825/arquivos/1",
        "sequencialDocumento": 1,
        "dataPublicacaoPncp": "2021-11-19T07:00:56",
        "cnpj": "00394452000103",
        "anoCompra": 2021,
        "sequencialCompra": 1825,
        "statusAtivo": true,
        "titulo": "03 - Aviso de Dispensa Eletronica-TI",
        "tipoDocumentoId": 1,
        "tipoDocumentoDescricao": "Aviso de Contratação Direta",
        "tipoDocumentoNome": "Aviso de Contratação Direta",
        "nome_real": [
            "03 - Aviso de Dispensa Eletronica-TI.pdf"
        ],
        "extensao_real": "pdf"
    }
]