[
    {
        "uri": "https://pncp.gov.br/pncp-api/v1/orgaos/33787094000140/compras/2021/15/arquivos/1",
        "url": "https://pncp.gov.br/pncp-api/v1/orgaos/33787094000140/compras/2021/15/arquivos/1",
        "sequencialDocumento": 1,
        "dataPublicacaoPncp": "2021-10-06T07:00:20",
        "cnpj": "33787094000140",
        "anoCompra": 2021,
        "sequencialCompra": 15,
        "statusAtivo": true,
        "tipoDocumentoId": 1,
        "tipoDocumentoDescricao": "Aviso de Contratação Direta",
        "titulo": "Aviso e Termo de Referencia",
        "tipoDocumentoNome": "Aviso de Contratação Direta",
        "nome_real": [
            "Aviso e Termo de Referencia.pdf"
        ],
        "extensao_real": "pdf"
    }
]