[
    {
        "uri": "https://pncp.gov.br/pncp-api/v1/orgaos/00394429000100/compras/2022/83/arquivos/1",
        "url": "https://pncp.gov.br/pncp-api/v1/orgaos/00394429000100/compras/2022/83/arquivos/1",
        "sequencialDocumento": 1,
        "dataPublicacaoPncp": "2022-03-03T11:17:57",
        "cnpj": "00394429000100",
        "anoCompra": 2022,
        "sequencialCompra": 83,
        "statusAtivo": true,
        "titulo": "AVISO DE DISPENSA ELETRONICA",
        "tipoDocumentoNome": "Aviso de Contratação Direta",
        "tipoDocumentoDescricao": "Aviso de Contratação Direta",
        "tipoDocumentoId": 1,
        "nome_real": [
            "AVISO DE DISPENSA ELETRONICA.pdf"
        ],
        "extensao_real": "pdf"
    }
]