[
    {
        "uri": "https://pncp.gov.br/pncp-api/v1/orgaos/00394452000103/compras/2021/1548/arquivos/1",
        "url": "https://pncp.gov.br/pncp-api/v1/orgaos/00394452000103/compras/2021/1548/arquivos/1",
        "sequencialDocumento": 1,
        "dataPublicacaoPncp": "2021-11-08T07:02:05",
        "cnpj": "00394452000103",
        "anoCompra": 2021,
        "sequencialCompra": 1548,
        "statusAtivo": true,
        "titulo": "Dispensa eletronica 2262021 - UASG 160111",
        "tipoDocumentoId": 1,
        "tipoDocumentoNome": "Aviso de Contratação Direta",
        "tipoDocumentoDescricao": "Aviso de Contratação Direta",
        "nome_real": [
            "Dispensa eletronica 2262021 - UASG 160111.pdf"
        ],
        "extensao_real": "pdf"
    }
]