[
    {
        "uri": "https://pncp.gov.br/pncp-api/v1/orgaos/00394502000144/compras/2022/21/arquivos/1",
        "url": "https://pncp.gov.br/pncp-api/v1/orgaos/00394502000144/compras/2022/21/arquivos/1",
        "sequencialDocumento": 1,
        "dataPublicacaoPncp": "2022-01-26T14:55:31",
        "cnpj": "00394502000144",
        "anoCompra": 2022,
        "sequencialCompra": 21,
        "statusAtivo": true,
        "titulo": "aviso de dispensa eletronica 02",
        "tipoDocumentoId": 1,
        "tipoDocumentoDescricao": "Aviso de Contratação Direta",
        "tipoDocumentoNome": "Aviso de Contratação Direta",
        "nome_real": [
            "aviso de dispensa eletronica 02.pdf"
        ],
        "extensao_real": "pdf"
    }
]