[
    {
        "uri": "https://pncp.gov.br/pncp-api/v1/orgaos/00394452000103/compras/2022/587/arquivos/1",
        "url": "https://pncp.gov.br/pncp-api/v1/orgaos/00394452000103/compras/2022/587/arquivos/1",
        "sequencialDocumento": 1,
        "dataPublicacaoPncp": "2022-03-09T17:08:18",
        "cnpj": "00394452000103",
        "anoCompra": 2022,
        "sequencialCompra": 587,
        "statusAtivo": true,
        "tipoDocumentoId": 1,
        "tipoDocumentoDescricao": "Aviso de Contratação Direta",
        "titulo": "Projeto Basico VTR",
        "tipoDocumentoNome": "Aviso de Contratação Direta",
        "nome_real": [
            "Projeto Basico VTR.pdf"
        ],
        "extensao_real": "pdf"
    }
]