[
    {
        "uri": "https://pncp.gov.br/pncp-api/v1/orgaos/00348003000110/compras/2021/211/arquivos/1",
        "url": "https://pncp.gov.br/pncp-api/v1/orgaos/00348003000110/compras/2021/211/arquivos/1",
        "sequencialDocumento": 1,
        "dataPublicacaoPncp": "2021-11-11T07:01:56",
        "cnpj": "00348003000110",
        "anoCompra": 2021,
        "sequencialCompra": 211,
        "statusAtivo": true,
        "titulo": "Termo de Referencia - SEI_EMBRAPA - 6150351",
        "tipoDocumentoId": 1,
        "tipoDocumentoDescricao": "Aviso de Contratação Direta",
        "tipoDocumentoNome": "Aviso de Contratação Direta",
        "nome_real": [
            "Termo de Referencia - SEI_EMBRAPA - 6150351.pdf"
        ],
        "extensao_real": "pdf"
    }
]