[
    {
        "uri": "https://pncp.gov.br/pncp-api/v1/orgaos/00394452000103/compras/2021/342/arquivos/1",
        "url": "https://pncp.gov.br/pncp-api/v1/orgaos/00394452000103/compras/2021/342/arquivos/1",
        "tipoDocumentoDescricao": "Aviso de Contratação Direta",
        "sequencialDocumento": 1,
        "dataPublicacaoPncp": "2021-09-03T07:00:34",
        "cnpj": "00394452000103",
        "anoCompra": 2021,
        "sequencialCompra": 342,
        "statusAtivo": true,
        "titulo": "tr",
        "tipoDocumentoNome": "Aviso de Contratação Direta",
        "tipoDocumentoId": 1,
        "nome_real": [
            "tr .PDF"
        ],
        "extensao_real": "PDF"
    }
]