[
    {
        "uri": "https://pncp.gov.br/pncp-api/v1/orgaos/00394429000100/compras/2021/406/arquivos/1",
        "url": "https://pncp.gov.br/pncp-api/v1/orgaos/00394429000100/compras/2021/406/arquivos/1",
        "sequencialDocumento": 1,
        "dataPublicacaoPncp": "2021-12-17T07:00:25",
        "cnpj": "00394429000100",
        "anoCompra": 2021,
        "sequencialCompra": 406,
        "statusAtivo": true,
        "titulo": "Aviso dispensa Bombas 16.12.2021",
        "tipoDocumentoNome": "Aviso de Contratação Direta",
        "tipoDocumentoDescricao": "Aviso de Contratação Direta",
        "tipoDocumentoId": 1,
        "nome_real": [
            "Aviso dispensa Bombas 16.12.2021.pdf"
        ],
        "extensao_real": "pdf"
    }
]