[
    {
        "uri": "https://pncp.gov.br/pncp-api/v1/orgaos/33787094000140/compras/2021/19/arquivos/1",
        "url": "https://pncp.gov.br/pncp-api/v1/orgaos/33787094000140/compras/2021/19/arquivos/1",
        "sequencialDocumento": 1,
        "dataPublicacaoPncp": "2021-10-29T07:00:22",
        "cnpj": "33787094000140",
        "anoCompra": 2021,
        "sequencialCompra": 19,
        "statusAtivo": true,
        "titulo": "Aviso de Dispensa 11 2021",
        "tipoDocumentoNome": "Aviso de Contratação Direta",
        "tipoDocumentoDescricao": "Aviso de Contratação Direta",
        "tipoDocumentoId": 1,
        "nome_real": [
            "Aviso de Dispensa 11 2021.pdf"
        ],
        "extensao_real": "pdf"
    }
]