[
    {
        "uri": "https://pncp.gov.br/pncp-api/v1/orgaos/00394452000103/compras/2021/1971/arquivos/1",
        "url": "https://pncp.gov.br/pncp-api/v1/orgaos/00394452000103/compras/2021/1971/arquivos/1",
        "sequencialDocumento": 1,
        "dataPublicacaoPncp": "2021-11-24T07:02:06",
        "cnpj": "00394452000103",
        "anoCompra": 2021,
        "sequencialCompra": 1971,
        "statusAtivo": true,
        "titulo": "18. Instalacao de piso vinilico",
        "tipoDocumentoId": 1,
        "tipoDocumentoDescricao": "Aviso de Contratação Direta",
        "tipoDocumentoNome": "Aviso de Contratação Direta",
        "nome_real": [
            "18. Instalacao de piso vinilico.pdf"
        ],
        "extensao_real": "pdf"
    }
]