[
    {
        "uri": "https://pncp.gov.br/pncp-api/v1/orgaos/00394429000100/compras/2022/65/arquivos/1",
        "url": "https://pncp.gov.br/pncp-api/v1/orgaos/00394429000100/compras/2022/65/arquivos/1",
        "sequencialDocumento": 1,
        "dataPublicacaoPncp": "2022-02-18T11:16:06",
        "cnpj": "00394429000100",
        "anoCompra": 2022,
        "sequencialCompra": 65,
        "statusAtivo": true,
        "titulo": "Publicacao",
        "tipoDocumentoId": 1,
        "tipoDocumentoDescricao": "Aviso de Contratação Direta",
        "tipoDocumentoNome": "Aviso de Contratação Direta",
        "nome_real": [
            "Publicacao.zip",
            "1. Aviso de Dispensa Eletronica 11_2022.pdf",
            "2. Termo de Referencia retificado.pdf",
            "3. Anexo I do TR.pdf",
            "4.Anexo II do TR.pdf"
        ],
        "extensao_real": "zip"
    }
]