[
    {
        "uri": "https://pncp.gov.br/pncp-api/v1/orgaos/00394502000144/compras/2022/198/arquivos/1",
        "url": "https://pncp.gov.br/pncp-api/v1/orgaos/00394502000144/compras/2022/198/arquivos/1",
        "sequencialDocumento": 1,
        "dataPublicacaoPncp": "2022-02-23T18:13:46",
        "cnpj": "00394502000144",
        "anoCompra": 2022,
        "sequencialCompra": 198,
        "statusAtivo": true,
        "titulo": "Aviso Dispensa 8656",
        "tipoDocumentoId": 1,
        "tipoDocumentoDescricao": "Aviso de Contratação Direta",
        "tipoDocumentoNome": "Aviso de Contratação Direta",
        "nome_real": [
            "Aviso Dispensa 8656.pdf"
        ],
        "extensao_real": "pdf"
    }
]