[
    {
        "uri": "https://pncp.gov.br/pncp-api/v1/orgaos/87934675000196/compras/2021/37/arquivos/1",
        "url": "https://pncp.gov.br/pncp-api/v1/orgaos/87934675000196/compras/2021/37/arquivos/1",
        "sequencialDocumento": 1,
        "dataPublicacaoPncp": "2021-12-30T07:00:03",
        "cnpj": "87934675000196",
        "anoCompra": 2021,
        "sequencialCompra": 37,
        "statusAtivo": true,
        "titulo": "33 Ar Condicionado",
        "tipoDocumentoDescricao": "Aviso de Contratação Direta",
        "tipoDocumentoId": 1,
        "tipoDocumentoNome": "Aviso de Contratação Direta",
        "nome_real": [
            "33 Ar Condicionado.pdf"
        ],
        "extensao_real": "pdf"
    }
]