[
    {
        "uri": "https://pncp.gov.br/pncp-api/v1/orgaos/00394452000103/compras/2021/930/arquivos/1",
        "url": "https://pncp.gov.br/pncp-api/v1/orgaos/00394452000103/compras/2021/930/arquivos/1",
        "sequencialDocumento": 1,
        "dataPublicacaoPncp": "2021-10-08T07:00:26",
        "cnpj": "00394452000103",
        "anoCompra": 2021,
        "sequencialCompra": 930,
        "statusAtivo": true,
        "titulo": "RELACAO DO MATERIAL ODONTOLOGICO agosto 2021 (1)",
        "tipoDocumentoDescricao": "Aviso de Contratação Direta",
        "tipoDocumentoId": 1,
        "tipoDocumentoNome": "Aviso de Contratação Direta",
        "nome_real": [
            "RELACAO DO MATERIAL ODONTOLOGICO agosto 2021 (1).docx"
        ],
        "extensao_real": "docx"
    }
]