[
    {
        "uri": "https://pncp.gov.br/pncp-api/v1/orgaos/00402552000126/compras/2021/74/arquivos/1",
        "url": "https://pncp.gov.br/pncp-api/v1/orgaos/00402552000126/compras/2021/74/arquivos/1",
        "sequencialDocumento": 1,
        "dataPublicacaoPncp": "2021-12-02T07:01:37",
        "cnpj": "00402552000126",
        "anoCompra": 2021,
        "sequencialCompra": 74,
        "statusAtivo": true,
        "titulo": "3 - Termo de Referencia - Embalagem para Reagentes",
        "tipoDocumentoId": 1,
        "tipoDocumentoNome": "Aviso de Contratação Direta",
        "tipoDocumentoDescricao": "Aviso de Contratação Direta",
        "nome_real": [
            "3 - Termo de Referencia - Embalagem para Reagentes.pdf"
        ],
        "extensao_real": "pdf"
    }
]