[
    {
        "uri": "https://pncp.gov.br/pncp-api/v1/orgaos/00394452000103/compras/2021/1664/arquivos/1",
        "url": "https://pncp.gov.br/pncp-api/v1/orgaos/00394452000103/compras/2021/1664/arquivos/1",
        "sequencialDocumento": 1,
        "dataPublicacaoPncp": "2021-11-12T07:01:27",
        "cnpj": "00394452000103",
        "anoCompra": 2021,
        "sequencialCompra": 1664,
        "statusAtivo": true,
        "titulo": "EDITAL E TR_ar condicionado",
        "tipoDocumentoId": 1,
        "tipoDocumentoNome": "Aviso de Contratação Direta",
        "tipoDocumentoDescricao": "Aviso de Contratação Direta",
        "nome_real": [
            "EDITAL E TR_ar condicionado.pdf"
        ],
        "extensao_real": "pdf"
    }
]