[
    {
        "uri": "https://pncp.gov.br/pncp-api/v1/orgaos/00348003000110/compras/2021/297/arquivos/1",
        "url": "https://pncp.gov.br/pncp-api/v1/orgaos/00348003000110/compras/2021/297/arquivos/1",
        "sequencialDocumento": 1,
        "dataPublicacaoPncp": "2021-11-25T07:02:24",
        "cnpj": "00348003000110",
        "anoCompra": 2021,
        "sequencialCompra": 297,
        "statusAtivo": true,
        "titulo": "Consulta - Material para o LANAPRE",
        "tipoDocumentoId": 1,
        "tipoDocumentoDescricao": "Aviso de Contratação Direta",
        "tipoDocumentoNome": "Aviso de Contratação Direta",
        "nome_real": [
            "Consulta - Material para o LANAPRE.pdf"
        ],
        "extensao_real": "pdf"
    }
]