[
    {
        "uri": "https://pncp.gov.br/pncp-api/v1/orgaos/09203665000177/compras/2022/1/arquivos/1",
        "url": "https://pncp.gov.br/pncp-api/v1/orgaos/09203665000177/compras/2022/1/arquivos/1",
        "sequencialDocumento": 1,
        "dataPublicacaoPncp": "2022-02-04T11:49:41",
        "cnpj": "09203665000177",
        "anoCompra": 2022,
        "sequencialCompra": 1,
        "statusAtivo": true,
        "titulo": "DISPENSA N 01-22",
        "tipoDocumentoId": 1,
        "tipoDocumentoDescricao": "Aviso de Contratação Direta",
        "tipoDocumentoNome": "Aviso de Contratação Direta",
        "nome_real": [
            "DISPENSA N 01-22.zip",
            "ANEXO II - Termo de Referência.pdf",
            "Dispensa Eletrônica nº 01-22.pdf"
        ],
        "extensao_real": "zip"
    }
]