[
    {
        "uri": "https://pncp.gov.br/pncp-api/v1/orgaos/00394452000103/compras/2021/123/arquivos/1",
        "url": "https://pncp.gov.br/pncp-api/v1/orgaos/00394452000103/compras/2021/123/arquivos/1",
        "sequencialDocumento": 1,
        "dataPublicacaoPncp": "2021-08-24T07:00:40",
        "cnpj": "00394452000103",
        "anoCompra": 2021,
        "sequencialCompra": 123,
        "statusAtivo": true,
        "titulo": "DOC_2018032115542100000_001",
        "tipoDocumentoNome": "Aviso de Contratação Direta",
        "tipoDocumentoId": 1,
        "tipoDocumentoDescricao": "Aviso de Contratação Direta",
        "nome_real": [
            "DOC_2018032115542100000_001.pdf"
        ],
        "extensao_real": "pdf"
    }
]