[
    {
        "uri": "https://pncp.gov.br/pncp-api/v1/orgaos/00394452000103/compras/2021/443/arquivos/1",
        "url": "https://pncp.gov.br/pncp-api/v1/orgaos/00394452000103/compras/2021/443/arquivos/1",
        "tipoDocumentoDescricao": "Aviso de Contratação Direta",
        "tipoDocumentoId": 1,
        "statusAtivo": true,
        "sequencialDocumento": 1,
        "dataPublicacaoPncp": "2021-09-13T07:01:38",
        "cnpj": "00394452000103",
        "anoCompra": 2021,
        "sequencialCompra": 443,
        "titulo": "Edital Disp Eletronica n 122_2021_assinado",
        "tipoDocumentoNome": "Aviso de Contratação Direta",
        "nome_real": [
            "Edital Disp Eletronica n 122_2021_assinado.pdf"
        ],
        "extensao_real": "pdf"
    }
]