[
    {
        "uri": "https://pncp.gov.br/pncp-api/v1/orgaos/00394502000144/compras/2021/63/arquivos/1",
        "url": "https://pncp.gov.br/pncp-api/v1/orgaos/00394502000144/compras/2021/63/arquivos/1",
        "sequencialDocumento": 1,
        "dataPublicacaoPncp": "2021-09-10T07:04:36",
        "cnpj": "00394502000144",
        "anoCompra": 2021,
        "sequencialCompra": 63,
        "statusAtivo": true,
        "titulo": "174 Dispensa Eletronica",
        "tipoDocumentoId": 1,
        "tipoDocumentoDescricao": "Aviso de Contratação Direta",
        "tipoDocumentoNome": "Aviso de Contratação Direta",
        "nome_real": [
            "174 Dispensa Eletronica.odt"
        ],
        "extensao_real": "odt"
    }
]