[
    {
        "uri": "https://pncp.gov.br/pncp-api/v1/orgaos/00394502000144/compras/2021/315/arquivos/1",
        "url": "https://pncp.gov.br/pncp-api/v1/orgaos/00394502000144/compras/2021/315/arquivos/1",
        "sequencialDocumento": 1,
        "dataPublicacaoPncp": "2021-11-12T10:41:02",
        "cnpj": "00394502000144",
        "anoCompra": 2021,
        "sequencialCompra": 315,
        "statusAtivo": true,
        "titulo": "06-2021 -AvisodeDispensaEletronica",
        "tipoDocumentoDescricao": "Aviso de Contratação Direta",
        "tipoDocumentoId": 1,
        "tipoDocumentoNome": "Aviso de Contratação Direta",
        "nome_real": [
            "06-2021 -AvisodeDispensaEletronica.docx"
        ],
        "extensao_real": "docx"
    }
]