[
    {
        "uri": "https://pncp.gov.br/pncp-api/v1/orgaos/00394684000153/compras/2021/15/arquivos/1",
        "url": "https://pncp.gov.br/pncp-api/v1/orgaos/00394684000153/compras/2021/15/arquivos/1",
        "sequencialDocumento": 1,
        "dataPublicacaoPncp": "2021-10-18T06:00:14",
        "cnpj": "00394684000153",
        "anoCompra": 2021,
        "sequencialCompra": 15,
        "statusAtivo": true,
        "titulo": "TERMO DE REFERENCIA CT ELET 03-2021 EPI TOCAS E BOTAS",
        "tipoDocumentoId": 1,
        "tipoDocumentoNome": "Aviso de Contratação Direta",
        "tipoDocumentoDescricao": "Aviso de Contratação Direta",
        "nome_real": [
            "TERMO DE REFERENCIA CT ELET 03-2021 EPI TOCAS E BOTAS.pdf"
        ],
        "extensao_real": "pdf"
    }
]