[
    {
        "uri": "https://pncp.gov.br/pncp-api/v1/orgaos/62655246000159/compras/2021/13/arquivos/1",
        "url": "https://pncp.gov.br/pncp-api/v1/orgaos/62655246000159/compras/2021/13/arquivos/1",
        "sequencialDocumento": 1,
        "dataPublicacaoPncp": "2021-11-26T07:00:42",
        "cnpj": "62655246000159",
        "anoCompra": 2021,
        "sequencialCompra": 13,
        "statusAtivo": true,
        "titulo": "TERMO DISPENSA ELETRONICA - LAVADORAS DE ALTA PRESSAO",
        "tipoDocumentoNome": "Aviso de Contratação Direta",
        "tipoDocumentoDescricao": "Aviso de Contratação Direta",
        "tipoDocumentoId": 1,
        "nome_real": [
            "TERMO DISPENSA ELETRONICA - LAVADORAS DE ALTA PRESSAO.pdf"
        ],
        "extensao_real": "pdf"
    }
]