[
    {
        "uri": "https://pncp.gov.br/pncp-api/v1/orgaos/01263896000164/compras/2021/204/arquivos/1",
        "url": "https://pncp.gov.br/pncp-api/v1/orgaos/01263896000164/compras/2021/204/arquivos/1",
        "sequencialDocumento": 1,
        "dataPublicacaoPncp": "2021-12-22T07:01:00",
        "cnpj": "01263896000164",
        "anoCompra": 2021,
        "sequencialCompra": 204,
        "statusAtivo": true,
        "titulo": "DIVULG.244.2021",
        "tipoDocumentoId": 1,
        "tipoDocumentoNome": "Aviso de Contratação Direta",
        "tipoDocumentoDescricao": "Aviso de Contratação Direta",
        "nome_real": [
            "DIVULG.244.2021.pdf"
        ],
        "extensao_real": "pdf"
    }
]