[
    {
        "uri": "https://pncp.gov.br/pncp-api/v1/orgaos/87934675000196/compras/2021/15/arquivos/1",
        "url": "https://pncp.gov.br/pncp-api/v1/orgaos/87934675000196/compras/2021/15/arquivos/1",
        "sequencialDocumento": 1,
        "dataPublicacaoPncp": "2021-10-25T07:00:26",
        "cnpj": "87934675000196",
        "anoCompra": 2021,
        "sequencialCompra": 15,
        "statusAtivo": true,
        "titulo": "15 Macacoes SEMMA",
        "tipoDocumentoId": 1,
        "tipoDocumentoDescricao": "Aviso de Contratação Direta",
        "tipoDocumentoNome": "Aviso de Contratação Direta",
        "nome_real": [
            "15 Macacoes SEMMA.pdf"
        ],
        "extensao_real": "pdf"
    }
]