[
    {
        "uri": "https://pncp.gov.br/pncp-api/v1/orgaos/17217985000104/compras/2021/154/arquivos/1",
        "url": "https://pncp.gov.br/pncp-api/v1/orgaos/17217985000104/compras/2021/154/arquivos/1",
        "sequencialDocumento": 1,
        "dataPublicacaoPncp": "2021-11-23T07:00:57",
        "cnpj": "17217985000104",
        "anoCompra": 2021,
        "sequencialCompra": 154,
        "statusAtivo": true,
        "titulo": "SEI_23072.259480_2021_16",
        "tipoDocumentoId": 1,
        "tipoDocumentoDescricao": "Aviso de Contratação Direta",
        "tipoDocumentoNome": "Aviso de Contratação Direta",
        "nome_real": [
            "SEI_23072.259480_2021_16.pdf"
        ],
        "extensao_real": "pdf"
    }
]