[
    {
        "uri": "https://pncp.gov.br/pncp-api/v1/orgaos/00394429000100/compras/2021/240/arquivos/1",
        "url": "https://pncp.gov.br/pncp-api/v1/orgaos/00394429000100/compras/2021/240/arquivos/1",
        "sequencialDocumento": 1,
        "dataPublicacaoPncp": "2021-11-18T07:00:39",
        "cnpj": "00394429000100",
        "anoCompra": 2021,
        "sequencialCompra": 240,
        "statusAtivo": true,
        "titulo": "PROJETO BASICO",
        "tipoDocumentoDescricao": "Aviso de Contratação Direta",
        "tipoDocumentoId": 1,
        "tipoDocumentoNome": "Aviso de Contratação Direta",
        "nome_real": [
            "PROJETO BASICO.pdf"
        ],
        "extensao_real": "pdf"
    }
]