[
    {
        "uri": "https://pncp.gov.br/pncp-api/v1/orgaos/62655246000159/compras/2021/1/arquivos/1",
        "url": "https://pncp.gov.br/pncp-api/v1/orgaos/62655246000159/compras/2021/1/arquivos/1",
        "sequencialDocumento": 1,
        "dataPublicacaoPncp": "2021-09-23T07:00:14",
        "cnpj": "62655246000159",
        "anoCompra": 2021,
        "sequencialCompra": 1,
        "statusAtivo": true,
        "titulo": "Dispensa Eletronica 002-21 - Bombas de Remocao de Condensado",
        "tipoDocumentoNome": "Aviso de Contratação Direta",
        "tipoDocumentoDescricao": "Aviso de Contratação Direta",
        "tipoDocumentoId": 1,
        "nome_real": [
            "Dispensa Eletronica 002-21 - Bombas de Remocao de Condensado.pdf"
        ],
        "extensao_real": "pdf"
    }
]