[
    {
        "uri": "https://pncp.gov.br/pncp-api/v1/orgaos/00394502000144/compras/2021/398/arquivos/1",
        "url": "https://pncp.gov.br/pncp-api/v1/orgaos/00394502000144/compras/2021/398/arquivos/1",
        "sequencialDocumento": 1,
        "dataPublicacaoPncp": "2021-11-24T07:00:37",
        "cnpj": "00394502000144",
        "anoCompra": 2021,
        "sequencialCompra": 398,
        "statusAtivo": true,
        "titulo": "Aviso de Dispensa - SERVICO 15-2021 - Copia",
        "tipoDocumentoDescricao": "Aviso de Contratação Direta",
        "tipoDocumentoId": 1,
        "tipoDocumentoNome": "Aviso de Contratação Direta",
        "nome_real": [
            "Aviso de Dispensa - SERVICO 15-2021 - Copia.pdf"
        ],
        "extensao_real": "pdf"
    }
]