[
    {
        "uri": "https://pncp.gov.br/pncp-api/v1/orgaos/00394502000144/compras/2021/167/arquivos/1",
        "url": "https://pncp.gov.br/pncp-api/v1/orgaos/00394502000144/compras/2021/167/arquivos/1",
        "sequencialDocumento": 1,
        "dataPublicacaoPncp": "2021-10-20T16:11:23",
        "cnpj": "00394502000144",
        "anoCompra": 2021,
        "sequencialCompra": 167,
        "statusAtivo": true,
        "titulo": "descricao material",
        "tipoDocumentoId": 1,
        "tipoDocumentoDescricao": "Aviso de Contratação Direta",
        "tipoDocumentoNome": "Aviso de Contratação Direta",
        "nome_real": [
            "descricao material.odt"
        ],
        "extensao_real": "odt"
    }
]