[
    {
        "uri": "https://pncp.gov.br/pncp-api/v1/orgaos/10744098000145/compras/2021/16/arquivos/1",
        "url": "https://pncp.gov.br/pncp-api/v1/orgaos/10744098000145/compras/2021/16/arquivos/1",
        "sequencialDocumento": 1,
        "dataPublicacaoPncp": "2021-11-05T07:00:21",
        "cnpj": "10744098000145",
        "anoCompra": 2021,
        "sequencialCompra": 16,
        "statusAtivo": true,
        "titulo": "Aviso de Dispensa de Licitacao 06-2021 (UASG 158314)",
        "tipoDocumentoDescricao": "Aviso de Contratação Direta",
        "tipoDocumentoId": 1,
        "tipoDocumentoNome": "Aviso de Contratação Direta",
        "nome_real": [
            "Aviso de Dispensa de Licitacao 06-2021 (UASG 158314).pdf"
        ],
        "extensao_real": "pdf"
    }
]