[
    {
        "uri": "https://pncp.gov.br/pncp-api/v1/orgaos/00394452000103/compras/2021/587/arquivos/1",
        "url": "https://pncp.gov.br/pncp-api/v1/orgaos/00394452000103/compras/2021/587/arquivos/1",
        "sequencialDocumento": 1,
        "dataPublicacaoPncp": "2021-09-22T07:00:52",
        "cnpj": "00394452000103",
        "anoCompra": 2021,
        "sequencialCompra": 587,
        "statusAtivo": true,
        "titulo": "Termo de Referencia DIEx 86",
        "tipoDocumentoDescricao": "Aviso de Contratação Direta",
        "tipoDocumentoId": 1,
        "tipoDocumentoNome": "Aviso de Contratação Direta",
        "nome_real": [
            "Termo de Referencia DIEx 86.pdf"
        ],
        "extensao_real": "pdf"
    }
]