[
    {
        "uri": "https://pncp.gov.br/pncp-api/v1/orgaos/00394544000185/compras/2022/38/arquivos/1",
        "url": "https://pncp.gov.br/pncp-api/v1/orgaos/00394544000185/compras/2022/38/arquivos/1",
        "sequencialDocumento": 1,
        "dataPublicacaoPncp": "2022-02-14T15:49:26",
        "cnpj": "00394544000185",
        "anoCompra": 2022,
        "sequencialCompra": 38,
        "statusAtivo": true,
        "titulo": "SEI_25006.000434_2021_13 (1)",
        "tipoDocumentoDescricao": "Aviso de Contratação Direta",
        "tipoDocumentoId": 1,
        "tipoDocumentoNome": "Aviso de Contratação Direta",
        "nome_real": [
            "SEI_25006.000434_2021_13 (1).pdf"
        ],
        "extensao_real": "pdf"
    }
]