[
    {
        "uri": "https://pncp.gov.br/pncp-api/v1/orgaos/00394502000144/compras/2021/223/arquivos/1",
        "url": "https://pncp.gov.br/pncp-api/v1/orgaos/00394502000144/compras/2021/223/arquivos/1",
        "sequencialDocumento": 1,
        "dataPublicacaoPncp": "2021-10-29T07:01:29",
        "cnpj": "00394502000144",
        "anoCompra": 2021,
        "sequencialCompra": 223,
        "statusAtivo": true,
        "titulo": "192 dispensa eletronica",
        "tipoDocumentoDescricao": "Aviso de Contratação Direta",
        "tipoDocumentoId": 1,
        "tipoDocumentoNome": "Aviso de Contratação Direta",
        "nome_real": [
            "192 dispensa eletronica.odt"
        ],
        "extensao_real": "odt"
    }
]