[
    {
        "uri": "https://pncp.gov.br/pncp-api/v1/orgaos/00348003000110/compras/2021/58/arquivos/1",
        "url": "https://pncp.gov.br/pncp-api/v1/orgaos/00348003000110/compras/2021/58/arquivos/1",
        "sequencialDocumento": 1,
        "dataPublicacaoPncp": "2021-09-14T07:01:16",
        "cnpj": "00348003000110",
        "anoCompra": 2021,
        "sequencialCompra": 58,
        "statusAtivo": true,
        "titulo": "TR Hipoclorito de Sodio",
        "tipoDocumentoDescricao": "Aviso de Contratação Direta",
        "tipoDocumentoNome": "Aviso de Contratação Direta",
        "tipoDocumentoId": 1,
        "nome_real": [
            "TR Hipoclorito de Sodio.docx"
        ],
        "extensao_real": "docx"
    }
]