[
    {
        "uri": "https://pncp.gov.br/pncp-api/v1/orgaos/01409580000138/compras/2021/51/arquivos/1",
        "url": "https://pncp.gov.br/pncp-api/v1/orgaos/01409580000138/compras/2021/51/arquivos/1",
        "sequencialDocumento": 1,
        "dataPublicacaoPncp": "2021-12-23T08:49:09",
        "cnpj": "01409580000138",
        "anoCompra": 2021,
        "sequencialCompra": 51,
        "statusAtivo": true,
        "titulo": "Termo de Referencia - ar condicionado",
        "tipoDocumentoId": 1,
        "tipoDocumentoDescricao": "Aviso de Contratação Direta",
        "tipoDocumentoNome": "Aviso de Contratação Direta",
        "nome_real": [
            "Termo de Referencia - ar condicionado.pdf"
        ],
        "extensao_real": "pdf"
    }
]