[
    {
        "uri": "https://pncp.gov.br/pncp-api/v1/orgaos/00396895000125/compras/2021/3/arquivos/1",
        "url": "https://pncp.gov.br/pncp-api/v1/orgaos/00396895000125/compras/2021/3/arquivos/1",
        "sequencialDocumento": 1,
        "dataPublicacaoPncp": "2021-09-09T07:00:51",
        "cnpj": "00396895000125",
        "anoCompra": 2021,
        "sequencialCompra": 3,
        "statusAtivo": true,
        "tipoDocumentoNome": "Aviso de Contratação Direta",
        "titulo": "Aviso de Dispensa Eletronica 35.2021 e Termo de Referencia 75.2021",
        "tipoDocumentoId": 1,
        "tipoDocumentoDescricao": "Aviso de Contratação Direta",
        "nome_real": [
            "Aviso de Dispensa Eletronica 35.2021 e Termo de Referencia 75.2021.pdf"
        ],
        "extensao_real": "pdf"
    }
]