[
    {
        "uri": "https://pncp.gov.br/pncp-api/v1/orgaos/10728444000100/compras/2021/3/arquivos/1",
        "url": "https://pncp.gov.br/pncp-api/v1/orgaos/10728444000100/compras/2021/3/arquivos/1",
        "sequencialDocumento": 1,
        "dataPublicacaoPncp": "2021-10-13T07:00:19",
        "cnpj": "10728444000100",
        "anoCompra": 2021,
        "sequencialCompra": 3,
        "statusAtivo": true,
        "titulo": "Aviso de Dispensa Eletronica",
        "tipoDocumentoId": 1,
        "tipoDocumentoDescricao": "Aviso de Contratação Direta",
        "tipoDocumentoNome": "Aviso de Contratação Direta",
        "nome_real": [
            "Aviso de Dispensa Eletronica.pdf"
        ],
        "extensao_real": "pdf"
    }
]