[
    {
        "uri": "https://pncp.gov.br/pncp-api/v1/orgaos/04892707000100/compras/2022/2/arquivos/1",
        "url": "https://pncp.gov.br/pncp-api/v1/orgaos/04892707000100/compras/2022/2/arquivos/1",
        "sequencialDocumento": 1,
        "dataPublicacaoPncp": "2022-01-25T09:26:19",
        "cnpj": "04892707000100",
        "anoCompra": 2022,
        "sequencialCompra": 2,
        "statusAtivo": true,
        "titulo": "SEI_DNIT - 10272570 - Despacho (DNIT)",
        "tipoDocumentoId": 1,
        "tipoDocumentoNome": "Aviso de Contratação Direta",
        "tipoDocumentoDescricao": "Aviso de Contratação Direta",
        "nome_real": [
            "SEI_DNIT - 10272570 - Despacho (DNIT).pdf"
        ],
        "extensao_real": "pdf"
    }
]