[
    {
        "uri": "https://pncp.gov.br/pncp-api/v1/orgaos/01614441000146/compras/2022/1/arquivos/1",
        "url": "https://pncp.gov.br/pncp-api/v1/orgaos/01614441000146/compras/2022/1/arquivos/1",
        "sequencialDocumento": 1,
        "dataPublicacaoPncp": "2022-01-06T09:11:46",
        "cnpj": "01614441000146",
        "anoCompra": 2022,
        "sequencialCompra": 1,
        "statusAtivo": true,
        "titulo": "termo_de_referencia_n_001_2021_semedjv_1.docx",
        "tipoDocumentoId": 1,
        "tipoDocumentoDescricao": "Aviso de Contratação Direta",
        "tipoDocumentoNome": "Aviso de Contratação Direta",
        "nome_real": [
            "termo_de_referencia_n_001_2021_semedjv_1.docx"
        ],
        "extensao_real": "docx"
    }
]