[
    {
        "uri": "https://pncp.gov.br/pncp-api/v1/orgaos/00394502000144/compras/2022/181/arquivos/1",
        "url": "https://pncp.gov.br/pncp-api/v1/orgaos/00394502000144/compras/2022/181/arquivos/1",
        "sequencialDocumento": 1,
        "dataPublicacaoPncp": "2022-02-22T17:11:29",
        "cnpj": "00394502000144",
        "anoCompra": 2022,
        "sequencialCompra": 181,
        "statusAtivo": true,
        "titulo": "Dispensa eletronica gas freon - 14_2022",
        "tipoDocumentoId": 1,
        "tipoDocumentoNome": "Aviso de Contratação Direta",
        "tipoDocumentoDescricao": "Aviso de Contratação Direta",
        "nome_real": [
            "Dispensa eletronica gas freon - 14_2022.odt"
        ],
        "extensao_real": "odt"
    }
]