[
    {
        "uri": "https://pncp.gov.br/pncp-api/v1/orgaos/26994558000123/compras/2022/4/arquivos/1",
        "url": "https://pncp.gov.br/pncp-api/v1/orgaos/26994558000123/compras/2022/4/arquivos/1",
        "sequencialDocumento": 1,
        "dataPublicacaoPncp": "2022-02-14T12:44:18",
        "cnpj": "26994558000123",
        "anoCompra": 2022,
        "sequencialCompra": 4,
        "statusAtivo": true,
        "titulo": "Avsio de Duspensa 003-2022",
        "tipoDocumentoId": 1,
        "tipoDocumentoNome": "Aviso de Contratação Direta",
        "tipoDocumentoDescricao": "Aviso de Contratação Direta",
        "nome_real": [
            "Avsio de Duspensa 003-2022.docx"
        ],
        "extensao_real": "docx"
    }
]