[
    {
        "uri": "https://pncp.gov.br/pncp-api/v1/orgaos/00394452000103/compras/2021/246/arquivos/1",
        "url": "https://pncp.gov.br/pncp-api/v1/orgaos/00394452000103/compras/2021/246/arquivos/1",
        "sequencialDocumento": 1,
        "dataPublicacaoPncp": "2021-08-30T07:55:36",
        "cnpj": "00394452000103",
        "anoCompra": 2021,
        "sequencialCompra": 246,
        "statusAtivo": true,
        "titulo": "Termo-de-Referencia-Dispensa-Eletronica-Nr-1422021",
        "tipoDocumentoNome": "Aviso de Contratação Direta",
        "tipoDocumentoId": 1,
        "tipoDocumentoDescricao": "Aviso de Contratação Direta",
        "nome_real": [
            "Termo-de-Referencia-Dispensa-Eletronica-Nr-1422021.pdf"
        ],
        "extensao_real": "pdf"
    }
]