[
    {
        "uri": "https://pncp.gov.br/pncp-api/v1/orgaos/15126437000143/compras/2021/154/arquivos/1",
        "url": "https://pncp.gov.br/pncp-api/v1/orgaos/15126437000143/compras/2021/154/arquivos/1",
        "sequencialDocumento": 1,
        "dataPublicacaoPncp": "2021-10-25T07:01:07",
        "cnpj": "15126437000143",
        "anoCompra": 2021,
        "sequencialCompra": 154,
        "statusAtivo": true,
        "titulo": "SEI_23532.006738_2021_19 - Aviso de dispesa e termo de referencia - n 37-2021",
        "tipoDocumentoDescricao": "Aviso de Contratação Direta",
        "tipoDocumentoId": 1,
        "tipoDocumentoNome": "Aviso de Contratação Direta",
        "nome_real": [
            "SEI_23532.006738_2021_19 - Aviso de dispesa e termo de referencia - n 37-2021.pdf"
        ],
        "extensao_real": "pdf"
    }
]