[
    {
        "uri": "https://pncp.gov.br/pncp-api/v1/orgaos/00394452000103/compras/2021/730/arquivos/1",
        "url": "https://pncp.gov.br/pncp-api/v1/orgaos/00394452000103/compras/2021/730/arquivos/1",
        "sequencialDocumento": 1,
        "dataPublicacaoPncp": "2021-09-29T07:01:12",
        "cnpj": "00394452000103",
        "anoCompra": 2021,
        "sequencialCompra": 730,
        "statusAtivo": true,
        "titulo": "TR Of Mnt_28-09-2021-161802",
        "tipoDocumentoId": 1,
        "tipoDocumentoDescricao": "Aviso de Contratação Direta",
        "tipoDocumentoNome": "Aviso de Contratação Direta",
        "nome_real": [
            "TR Of Mnt_28-09-2021-161802.pdf"
        ],
        "extensao_real": "pdf"
    }
]