[
    {
        "uri": "https://pncp.gov.br/pncp-api/v1/orgaos/18308775000194/compras/2021/30/arquivos/1",
        "url": "https://pncp.gov.br/pncp-api/v1/orgaos/18308775000194/compras/2021/30/arquivos/1",
        "sequencialDocumento": 1,
        "dataPublicacaoPncp": "2022-02-09T18:22:59",
        "cnpj": "18308775000194",
        "anoCompra": 2021,
        "sequencialCompra": 30,
        "statusAtivo": true,
        "titulo": "2124_93e41d0e530ad5ee3242244ae50e59f5.pdf",
        "tipoDocumentoDescricao": "Edital",
        "tipoDocumentoId": 2,
        "tipoDocumentoNome": "Edital",
        "nome_real": [
            "2124_93e41d0e530ad5ee3242244ae50e59f5.pdf"
        ],
        "extensao_real": "pdf"
    }
]