[
    {
        "uri": "https://pncp.gov.br/pncp-api/v1/orgaos/00394452000103/compras/2021/1083/arquivos/1",
        "url": "https://pncp.gov.br/pncp-api/v1/orgaos/00394452000103/compras/2021/1083/arquivos/1",
        "sequencialDocumento": 1,
        "dataPublicacaoPncp": "2021-10-19T07:00:42",
        "cnpj": "00394452000103",
        "anoCompra": 2021,
        "sequencialCompra": 1083,
        "statusAtivo": true,
        "titulo": "8RM_SALC_022265",
        "tipoDocumentoId": 1,
        "tipoDocumentoDescricao": "Aviso de Contratação Direta",
        "tipoDocumentoNome": "Aviso de Contratação Direta",
        "nome_real": [
            "8RM_SALC_022265.pdf"
        ],
        "extensao_real": "pdf"
    }
]