[
    {
        "uri": "https://pncp.gov.br/pncp-api/v1/orgaos/00394452000103/compras/2022/44/arquivos/1",
        "url": "https://pncp.gov.br/pncp-api/v1/orgaos/00394452000103/compras/2022/44/arquivos/1",
        "sequencialDocumento": 1,
        "dataPublicacaoPncp": "2022-01-27T08:54:30",
        "cnpj": "00394452000103",
        "anoCompra": 2022,
        "sequencialCompra": 44,
        "statusAtivo": true,
        "titulo": "AVISO DE DISPENSA ELETRONICA",
        "tipoDocumentoId": 1,
        "tipoDocumentoDescricao": "Aviso de Contratação Direta",
        "tipoDocumentoNome": "Aviso de Contratação Direta",
        "nome_real": [
            "AVISO DE DISPENSA ELETRONICA.pdf"
        ],
        "extensao_real": "pdf"
    }
]