[
    {
        "uri": "https://pncp.gov.br/pncp-api/v1/orgaos/04801221000110/compras/2021/27/arquivos/1",
        "url": "https://pncp.gov.br/pncp-api/v1/orgaos/04801221000110/compras/2021/27/arquivos/1",
        "sequencialDocumento": 1,
        "dataPublicacaoPncp": "2021-12-02T07:00:47",
        "cnpj": "04801221000110",
        "anoCompra": 2021,
        "sequencialCompra": 27,
        "statusAtivo": true,
        "titulo": "Termo de Referencia",
        "tipoDocumentoId": 1,
        "tipoDocumentoDescricao": "Aviso de Contratação Direta",
        "tipoDocumentoNome": "Aviso de Contratação Direta",
        "nome_real": [
            "Termo de Referencia.pdf"
        ],
        "extensao_real": "pdf"
    }
]