[
    {
        "uri": "https://pncp.gov.br/pncp-api/v1/orgaos/00394502000144/compras/2022/275/arquivos/1",
        "url": "https://pncp.gov.br/pncp-api/v1/orgaos/00394502000144/compras/2022/275/arquivos/1",
        "sequencialDocumento": 1,
        "dataPublicacaoPncp": "2022-03-08T16:35:44",
        "cnpj": "00394502000144",
        "anoCompra": 2022,
        "sequencialCompra": 275,
        "statusAtivo": true,
        "titulo": "Aviso e termo de ReferEncia - Curso de Confeitaria e Panificacao",
        "tipoDocumentoId": 1,
        "tipoDocumentoDescricao": "Aviso de Contratação Direta",
        "tipoDocumentoNome": "Aviso de Contratação Direta",
        "nome_real": [
            "Aviso e termo de ReferEncia - Curso de Confeitaria e Panificacao.pdf"
        ],
        "extensao_real": "pdf"
    }
]