[
    {
        "uri": "https://pncp.gov.br/pncp-api/v1/orgaos/10651417000178/compras/2021/47/arquivos/1",
        "url": "https://pncp.gov.br/pncp-api/v1/orgaos/10651417000178/compras/2021/47/arquivos/1",
        "sequencialDocumento": 1,
        "dataPublicacaoPncp": "2021-11-18T07:01:34",
        "cnpj": "10651417000178",
        "anoCompra": 2021,
        "sequencialCompra": 47,
        "statusAtivo": true,
        "titulo": "Aviso de Dispensa Eletronica 122-2021",
        "tipoDocumentoId": 1,
        "tipoDocumentoDescricao": "Aviso de Contratação Direta",
        "tipoDocumentoNome": "Aviso de Contratação Direta",
        "nome_real": [
            "Aviso de Dispensa Eletronica 122-2021.pdf"
        ],
        "extensao_real": "pdf"
    }
]