[
    {
        "uri": "https://pncp.gov.br/pncp-api/v1/orgaos/76416940000128/compras/2022/9/arquivos/1",
        "url": "https://pncp.gov.br/pncp-api/v1/orgaos/76416940000128/compras/2022/9/arquivos/1",
        "sequencialDocumento": 1,
        "dataPublicacaoPncp": "2022-02-21T19:04:06",
        "cnpj": "76416940000128",
        "anoCompra": 2022,
        "sequencialCompra": 9,
        "statusAtivo": true,
        "titulo": "edital",
        "tipoDocumentoNome": "Aviso de Contratação Direta",
        "tipoDocumentoDescricao": "Aviso de Contratação Direta",
        "tipoDocumentoId": 1,
        "nome_real": [
            "edital.doc"
        ],
        "extensao_real": "doc"
    },
    {
        "uri": "https://pncp.gov.br/pncp-api/v1/orgaos/76416940000128/compras/2022/9/arquivos/2",
        "url": "https://pncp.gov.br/pncp-api/v1/orgaos/76416940000128/compras/2022/9/arquivos/2",
        "sequencialDocumento": 2,
        "dataPublicacaoPncp": "2022-02-22T16:05:03",
        "cnpj": "76416940000128",
        "anoCompra": 2022,
        "sequencialCompra": 9,
        "statusAtivo": true,
        "titulo": "edital",
        "tipoDocumentoNome": "Aviso de Contratação Direta",
        "tipoDocumentoDescricao": "Aviso de Contratação Direta",
        "tipoDocumentoId": 1,
        "nome_real": [
            "edital.doc"
        ],
        "extensao_real": "doc"
    },
    {
        "uri": "https://pncp.gov.br/pncp-api/v1/orgaos/76416940000128/compras/2022/9/arquivos/3",
        "url": "https://pncp.gov.br/pncp-api/v1/orgaos/76416940000128/compras/2022/9/arquivos/3",
        "sequencialDocumento": 3,
        "dataPublicacaoPncp": "2022-03-01T16:17:30",
        "cnpj": "76416940000128",
        "anoCompra": 2022,
        "sequencialCompra": 9,
        "statusAtivo": true,
        "titulo": "edital prorrogado",
        "tipoDocumentoNome": "Aviso de Contratação Direta",
        "tipoDocumentoDescricao": "Aviso de Contratação Direta",
        "tipoDocumentoId": 1,
        "nome_real": [
            "edital prorrogado.doc"
        ],
        "extensao_real": "doc"
    }
]