[
    {
        "uri": "https://pncp.gov.br/pncp-api/v1/orgaos/00394452000103/compras/2022/552/arquivos/1",
        "url": "https://pncp.gov.br/pncp-api/v1/orgaos/00394452000103/compras/2022/552/arquivos/1",
        "sequencialDocumento": 1,
        "dataPublicacaoPncp": "2022-03-08T15:39:01",
        "cnpj": "00394452000103",
        "anoCompra": 2022,
        "sequencialCompra": 552,
        "statusAtivo": true,
        "tipoDocumentoId": 1,
        "tipoDocumentoDescricao": "Aviso de Contratação Direta",
        "titulo": "Aviso de Dispensa e Termo de Referencia _ DE 03_2022",
        "tipoDocumentoNome": "Aviso de Contratação Direta",
        "nome_real": [
            "Aviso de Dispensa e Termo de Referencia _ DE 03_2022.pdf"
        ],
        "extensao_real": "pdf"
    }
]