[
    {
        "uri": "https://pncp.gov.br/pncp-api/v1/orgaos/00348003000110/compras/2021/228/arquivos/1",
        "url": "https://pncp.gov.br/pncp-api/v1/orgaos/00348003000110/compras/2021/228/arquivos/1",
        "sequencialDocumento": 1,
        "dataPublicacaoPncp": "2021-11-16T07:01:51",
        "cnpj": "00348003000110",
        "anoCompra": 2021,
        "sequencialCompra": 228,
        "statusAtivo": true,
        "tipoDocumentoId": 1,
        "tipoDocumentoDescricao": "Aviso de Contratação Direta",
        "titulo": "39",
        "tipoDocumentoNome": "Aviso de Contratação Direta",
        "nome_real": [
            "39.pdf"
        ],
        "extensao_real": "pdf"
    }
]