[
    {
        "uri": "https://pncp.gov.br/pncp-api/v1/orgaos/08761124000100/compras/2022/6/arquivos/1",
        "url": "https://pncp.gov.br/pncp-api/v1/orgaos/08761124000100/compras/2022/6/arquivos/1",
        "sequencialDocumento": 1,
        "dataPublicacaoPncp": "2022-02-17T14:40:01",
        "cnpj": "08761124000100",
        "anoCompra": 2022,
        "sequencialCompra": 6,
        "statusAtivo": true,
        "titulo": "projeto basico-infra",
        "tipoDocumentoId": 1,
        "tipoDocumentoNome": "Aviso de Contratação Direta",
        "tipoDocumentoDescricao": "Aviso de Contratação Direta",
        "nome_real": [
            "projeto basico-infra.pdf"
        ],
        "extensao_real": "pdf"
    }
]