[
    {
        "uri": "https://pncp.gov.br/pncp-api/v1/orgaos/00394494000136/compras/2021/9/arquivos/1",
        "url": "https://pncp.gov.br/pncp-api/v1/orgaos/00394494000136/compras/2021/9/arquivos/1",
        "sequencialDocumento": 1,
        "dataPublicacaoPncp": "2021-08-23T07:00:20",
        "cnpj": "00394494000136",
        "anoCompra": 2021,
        "sequencialCompra": 9,
        "statusAtivo": true,
        "titulo": "SEI_PF - 19954780 - Lici. Projeto Basico",
        "tipoDocumentoDescricao": "Aviso de Contratação Direta",
        "tipoDocumentoNome": "Aviso de Contratação Direta",
        "tipoDocumentoId": 1,
        "nome_real": [
            "SEI_PF - 19954780 - Lici. Projeto Basico.pdf"
        ],
        "extensao_real": "pdf"
    }
]