[
    {
        "uri": "https://pncp.gov.br/pncp-api/v1/orgaos/00394452000103/compras/2022/274/arquivos/1",
        "url": "https://pncp.gov.br/pncp-api/v1/orgaos/00394452000103/compras/2022/274/arquivos/1",
        "sequencialDocumento": 1,
        "dataPublicacaoPncp": "2022-02-16T17:58:44",
        "cnpj": "00394452000103",
        "anoCompra": 2022,
        "sequencialCompra": 274,
        "statusAtivo": true,
        "titulo": "Disp Elet Garagem - HTO02-03-2022-130803 (1)",
        "tipoDocumentoId": 1,
        "tipoDocumentoNome": "Aviso de Contratação Direta",
        "tipoDocumentoDescricao": "Aviso de Contratação Direta",
        "nome_real": [
            "Disp Elet Garagem - HTO02-03-2022-130803 (1).pdf"
        ],
        "extensao_real": "pdf"
    }
]