[
    {
        "uri": "https://pncp.gov.br/pncp-api/v1/orgaos/00402552000126/compras/2021/59/arquivos/1",
        "url": "https://pncp.gov.br/pncp-api/v1/orgaos/00402552000126/compras/2021/59/arquivos/1",
        "sequencialDocumento": 1,
        "dataPublicacaoPncp": "2021-11-26T07:02:04",
        "cnpj": "00402552000126",
        "anoCompra": 2021,
        "sequencialCompra": 59,
        "statusAtivo": true,
        "tipoDocumentoId": 1,
        "tipoDocumentoDescricao": "Aviso de Contratação Direta",
        "titulo": "termo de referencia 2",
        "tipoDocumentoNome": "Aviso de Contratação Direta",
        "nome_real": [
            "termo de referencia 2.pdf"
        ],
        "extensao_real": "pdf"
    }
]