[
    {
        "uri": "https://pncp.gov.br/pncp-api/v1/orgaos/00394445000101/compras/2021/1/arquivos/1",
        "url": "https://pncp.gov.br/pncp-api/v1/orgaos/00394445000101/compras/2021/1/arquivos/1",
        "sequencialDocumento": 1,
        "dataPublicacaoPncp": "2021-09-03T07:00:49",
        "cnpj": "00394445000101",
        "anoCompra": 2021,
        "sequencialCompra": 1,
        "statusAtivo": true,
        "titulo": "TR ARTESANATO 2021",
        "tipoDocumentoNome": "Aviso de Contratação Direta",
        "tipoDocumentoId": 1,
        "tipoDocumentoDescricao": "Aviso de Contratação Direta",
        "nome_real": [
            "TR ARTESANATO 2021.pdf"
        ],
        "extensao_real": "pdf"
    }
]