[
    {
        "uri": "https://pncp.gov.br/pncp-api/v1/orgaos/00394502000144/compras/2022/26/arquivos/1",
        "url": "https://pncp.gov.br/pncp-api/v1/orgaos/00394502000144/compras/2022/26/arquivos/1",
        "sequencialDocumento": 1,
        "dataPublicacaoPncp": "2022-01-27T15:26:40",
        "cnpj": "00394502000144",
        "anoCompra": 2022,
        "sequencialCompra": 26,
        "statusAtivo": true,
        "titulo": "Aviso de Dispensa",
        "tipoDocumentoId": 1,
        "tipoDocumentoDescricao": "Aviso de Contratação Direta",
        "tipoDocumentoNome": "Aviso de Contratação Direta",
        "nome_real": [
            "Aviso de Dispensa.docx"
        ],
        "extensao_real": "docx"
    }
]