[
    {
        "uri": "https://pncp.gov.br/pncp-api/v1/orgaos/04418115000151/compras/2022/1/arquivos/1",
        "url": "https://pncp.gov.br/pncp-api/v1/orgaos/04418115000151/compras/2022/1/arquivos/1",
        "sequencialDocumento": 1,
        "dataPublicacaoPncp": "2022-01-20T11:11:59",
        "cnpj": "04418115000151",
        "anoCompra": 2022,
        "sequencialCompra": 1,
        "statusAtivo": true,
        "titulo": "COMPROVANTE DE PUBLICACAO PORTAL",
        "tipoDocumentoDescricao": "Aviso de Contratação Direta",
        "tipoDocumentoId": 1,
        "tipoDocumentoNome": "Aviso de Contratação Direta",
        "nome_real": [
            "COMPROVANTE_PUBLICACAO.PDF"
        ],
        "extensao_real": "PDF"
    }
]