[
    {
        "uri": "https://pncp.gov.br/pncp-api/v1/orgaos/00059311000126/compras/2021/6/arquivos/1",
        "url": "https://pncp.gov.br/pncp-api/v1/orgaos/00059311000126/compras/2021/6/arquivos/1",
        "sequencialDocumento": 1,
        "dataPublicacaoPncp": "2021-09-29T07:00:29",
        "cnpj": "00059311000126",
        "anoCompra": 2021,
        "sequencialCompra": 6,
        "statusAtivo": true,
        "titulo": "SEI_FUNAI - 3463400 - Termo de Referencia",
        "tipoDocumentoNome": "Aviso de Contratação Direta",
        "tipoDocumentoDescricao": "Aviso de Contratação Direta",
        "tipoDocumentoId": 1,
        "nome_real": [
            "SEI_FUNAI - 3463400 - Termo de Referencia.pdf"
        ],
        "extensao_real": "pdf"
    }
]