[
    {
        "uri": "https://pncp.gov.br/pncp-api/v1/orgaos/00394460000141/compras/2022/30/arquivos/1",
        "url": "https://pncp.gov.br/pncp-api/v1/orgaos/00394460000141/compras/2022/30/arquivos/1",
        "sequencialDocumento": 1,
        "dataPublicacaoPncp": "2022-02-10T14:24:58",
        "cnpj": "00394460000141",
        "anoCompra": 2022,
        "sequencialCompra": 30,
        "statusAtivo": true,
        "titulo": "ORCAMENTO BIOSOLAR atualizado contratacao remanescente",
        "tipoDocumentoNome": "Aviso de Contratação Direta",
        "tipoDocumentoDescricao": "Aviso de Contratação Direta",
        "tipoDocumentoId": 1,
        "nome_real": [
            "ORCAMENTO BIOSOLAR atualizado contratacao remanescente.pdf"
        ],
        "extensao_real": "pdf"
    }
]