[
    {
        "uri": "https://pncp.gov.br/pncp-api/v1/orgaos/00394502000144/compras/2022/269/arquivos/1",
        "url": "https://pncp.gov.br/pncp-api/v1/orgaos/00394502000144/compras/2022/269/arquivos/1",
        "sequencialDocumento": 1,
        "dataPublicacaoPncp": "2022-03-08T15:02:15",
        "cnpj": "00394502000144",
        "anoCompra": 2022,
        "sequencialCompra": 269,
        "statusAtivo": true,
        "titulo": "Aviso de Dispensa Eletronica 16",
        "tipoDocumentoId": 1,
        "tipoDocumentoDescricao": "Aviso de Contratação Direta",
        "tipoDocumentoNome": "Aviso de Contratação Direta",
        "nome_real": [
            "Aviso de Dispensa Eletronica 16.PDF"
        ],
        "extensao_real": "PDF"
    }
]