[
    {
        "uri": "https://pncp.gov.br/pncp-api/v1/orgaos/10571982000125/compras/2021/11/arquivos/1",
        "url": "https://pncp.gov.br/pncp-api/v1/orgaos/10571982000125/compras/2021/11/arquivos/1",
        "sequencialDocumento": 1,
        "dataPublicacaoPncp": "2021-11-24T07:00:27",
        "cnpj": "10571982000125",
        "anoCompra": 2021,
        "sequencialCompra": 11,
        "statusAtivo": true,
        "titulo": "0513_211122223136_001",
        "tipoDocumentoId": 1,
        "tipoDocumentoDescricao": "Aviso de Contratação Direta",
        "tipoDocumentoNome": "Aviso de Contratação Direta",
        "nome_real": [
            "0513_211122223136_001.pdf"
        ],
        "extensao_real": "pdf"
    }
]