[
    {
        "uri": "https://pncp.gov.br/pncp-api/v1/orgaos/01263896000164/compras/2021/93/arquivos/1",
        "url": "https://pncp.gov.br/pncp-api/v1/orgaos/01263896000164/compras/2021/93/arquivos/1",
        "sequencialDocumento": 1,
        "dataPublicacaoPncp": "2021-11-24T07:02:01",
        "cnpj": "01263896000164",
        "anoCompra": 2021,
        "sequencialCompra": 93,
        "statusAtivo": true,
        "titulo": "COTACAO 209.2021",
        "tipoDocumentoId": 1,
        "tipoDocumentoDescricao": "Aviso de Contratação Direta",
        "tipoDocumentoNome": "Aviso de Contratação Direta",
        "nome_real": [
            "COTACAO 209.2021.pdf"
        ],
        "extensao_real": "pdf"
    }
]