[
    {
        "uri": "https://pncp.gov.br/pncp-api/v1/orgaos/00394452000103/compras/2021/2272/arquivos/1",
        "url": "https://pncp.gov.br/pncp-api/v1/orgaos/00394452000103/compras/2021/2272/arquivos/1",
        "sequencialDocumento": 1,
        "dataPublicacaoPncp": "2021-12-06T14:56:31",
        "cnpj": "00394452000103",
        "anoCompra": 2021,
        "sequencialCompra": 2272,
        "statusAtivo": true,
        "titulo": "Dispensa de Licitacao 72-2021 -  Pacote Software Servico Polyworks",
        "tipoDocumentoId": 1,
        "tipoDocumentoDescricao": "Aviso de Contratação Direta",
        "tipoDocumentoNome": "Aviso de Contratação Direta",
        "nome_real": [
            "Dispensa de Licitacao 72-2021 -  Pacote Software Servico Polyworks.zip",
            "Dispensa de Licitaç╞o 72-2021 -  Pacote Software Serviço Polyworks/",
            "Dispensa de Licitaç╞o 72-2021 -  Pacote Software Serviço Polyworks/Aviso de Dispensa de Licitaç╞o.docx",
            "Dispensa de Licitaç╞o 72-2021 -  Pacote Software Serviço Polyworks/Estudo técnico preliminar.docx",
            "Dispensa de Licitaç╞o 72-2021 -  Pacote Software Serviço Polyworks/termo de aceite.doc",
            "Dispensa de Licitaç╞o 72-2021 -  Pacote Software Serviço Polyworks/Termo de Referencia.docx"
        ],
        "extensao_real": "zip"
    }
]