[
    {
        "uri": "https://pncp.gov.br/pncp-api/v1/orgaos/15126437000143/compras/2021/126/arquivos/1",
        "url": "https://pncp.gov.br/pncp-api/v1/orgaos/15126437000143/compras/2021/126/arquivos/1",
        "sequencialDocumento": 1,
        "dataPublicacaoPncp": "2021-10-13T07:00:46",
        "cnpj": "15126437000143",
        "anoCompra": 2021,
        "sequencialCompra": 126,
        "statusAtivo": true,
        "titulo": "SEI_23524.029405_2021_59",
        "tipoDocumentoId": 1,
        "tipoDocumentoDescricao": "Aviso de Contratação Direta",
        "tipoDocumentoNome": "Aviso de Contratação Direta",
        "nome_real": [
            "SEI_23524.029405_2021_59.pdf"
        ],
        "extensao_real": "pdf"
    }
]