[
    {
        "uri": "https://pncp.gov.br/pncp-api/v1/orgaos/33663683000116/compras/2022/27/arquivos/1",
        "url": "https://pncp.gov.br/pncp-api/v1/orgaos/33663683000116/compras/2022/27/arquivos/1",
        "sequencialDocumento": 1,
        "dataPublicacaoPncp": "2022-03-10T14:18:30",
        "cnpj": "33663683000116",
        "anoCompra": 2022,
        "sequencialCompra": 27,
        "statusAtivo": true,
        "titulo": "orcamento carioca solution",
        "tipoDocumentoId": 1,
        "tipoDocumentoDescricao": "Aviso de Contratação Direta",
        "tipoDocumentoNome": "Aviso de Contratação Direta",
        "nome_real": [
            "orcamento carioca solution.pdf"
        ],
        "extensao_real": "pdf"
    }
]