[
    {
        "uri": "https://pncp.gov.br/pncp-api/v1/orgaos/13937032000160/compras/2022/17/arquivos/1",
        "url": "https://pncp.gov.br/pncp-api/v1/orgaos/13937032000160/compras/2022/17/arquivos/1",
        "sequencialDocumento": 1,
        "dataPublicacaoPncp": "2022-02-25T12:13:51",
        "cnpj": "13937032000160",
        "anoCompra": 2022,
        "sequencialCompra": 17,
        "statusAtivo": true,
        "titulo": "Dispensa_SEMED_MENSAGENS",
        "tipoDocumentoDescricao": "Aviso de Contratação Direta",
        "tipoDocumentoId": 1,
        "tipoDocumentoNome": "Aviso de Contratação Direta",
        "nome_real": [
            "Dispensa_SEMED_MENSAGENS.docx"
        ],
        "extensao_real": "docx"
    }
]