[
    {
        "uri": "https://pncp.gov.br/pncp-api/v1/orgaos/01613940000119/compras/2024/174/arquivos/2",
        "url": "https://pncp.gov.br/pncp-api/v1/orgaos/01613940000119/compras/2024/174/arquivos/2",
        "sequencialDocumento": 2,
        "dataPublicacaoPncp": "2024-08-27T11:41:44",
        "cnpj": "01613940000119",
        "anoCompra": 2024,
        "sequencialCompra": 174,
        "statusAtivo": true,
        "tipoDocumentoNome": "Edital",
        "titulo": "EDITAL___Pregao_Eletronico___040_2024___ESTRUTURAS_DE_EVENTOS___.pdf",
        "tipoDocumentoId": 2,
        "tipoDocumentoDescricao": "Edital",
        "nome_real": [
            "EDITAL___Pregao_Eletronico___040_2024___ESTRUTURAS_DE_EVENTOS___.pdf"
        ],
        "extensao_real": "pdf"
    }
]