[
    {
        "uri": "https://pncp.gov.br/pncp-api/v1/orgaos/34621748000123/compras/2021/5/arquivos/1",
        "url": "https://pncp.gov.br/pncp-api/v1/orgaos/34621748000123/compras/2021/5/arquivos/1",
        "sequencialDocumento": 1,
        "dataPublicacaoPncp": "2021-12-27T07:00:35",
        "cnpj": "34621748000123",
        "anoCompra": 2021,
        "sequencialCompra": 5,
        "statusAtivo": true,
        "titulo": "12 - justificativa de esolha de DISPENSA E ESCOLHA DE PRECO",
        "tipoDocumentoDescricao": "Aviso de Contratação Direta",
        "tipoDocumentoId": 1,
        "tipoDocumentoNome": "Aviso de Contratação Direta",
        "nome_real": [
            "12 - justificativa de esolha de DISPENSA E ESCOLHA DE PRECO.pdf"
        ],
        "extensao_real": "pdf"
    }
]