[
    {
        "uri": "https://pncp.gov.br/pncp-api/v1/orgaos/00394452000103/compras/2022/155/arquivos/1",
        "url": "https://pncp.gov.br/pncp-api/v1/orgaos/00394452000103/compras/2022/155/arquivos/1",
        "sequencialDocumento": 1,
        "dataPublicacaoPncp": "2022-02-08T15:47:14",
        "cnpj": "00394452000103",
        "anoCompra": 2022,
        "sequencialCompra": 155,
        "statusAtivo": true,
        "titulo": "Aviso de Dispensa Eletronica nr 009_2022",
        "tipoDocumentoNome": "Aviso de Contratação Direta",
        "tipoDocumentoDescricao": "Aviso de Contratação Direta",
        "tipoDocumentoId": 1,
        "nome_real": [
            "Aviso de Dispensa Eletronica nr 009_2022.PDF"
        ],
        "extensao_real": "PDF"
    }
]