[
    {
        "uri": "https://pncp.gov.br/pncp-api/v1/orgaos/37115375000107/compras/2021/3/arquivos/1",
        "url": "https://pncp.gov.br/pncp-api/v1/orgaos/37115375000107/compras/2021/3/arquivos/1",
        "sequencialDocumento": 1,
        "dataPublicacaoPncp": "2021-11-30T07:00:42",
        "cnpj": "37115375000107",
        "anoCompra": 2021,
        "sequencialCompra": 3,
        "statusAtivo": true,
        "tipoDocumentoId": 1,
        "tipoDocumentoDescricao": "Aviso de Contratação Direta",
        "titulo": "Aviso de Dispensa Eletr. 24-2021_Vetores e pragas",
        "tipoDocumentoNome": "Aviso de Contratação Direta",
        "nome_real": [
            "Aviso de Dispensa Eletr. 24-2021_Vetores e pragas.pdf"
        ],
        "extensao_real": "pdf"
    }
]