[
    {
        "uri": "https://pncp.gov.br/pncp-api/v1/orgaos/46379400000150/compras/2022/12/arquivos/1",
        "url": "https://pncp.gov.br/pncp-api/v1/orgaos/46379400000150/compras/2022/12/arquivos/1",
        "sequencialDocumento": 1,
        "dataPublicacaoPncp": "2022-02-16T21:12:58",
        "cnpj": "46379400000150",
        "anoCompra": 2022,
        "sequencialCompra": 12,
        "statusAtivo": true,
        "titulo": "DE-08-2022-Software Processo Eletronico",
        "tipoDocumentoId": 1,
        "tipoDocumentoNome": "Aviso de Contratação Direta",
        "tipoDocumentoDescricao": "Aviso de Contratação Direta",
        "nome_real": [
            "DE-08-2022-Software Processo Eletronico.pdf"
        ],
        "extensao_real": "pdf"
    }
]