[
    {
        "uri": "https://pncp.gov.br/pncp-api/v1/orgaos/00394452000103/compras/2021/1302/arquivos/1",
        "url": "https://pncp.gov.br/pncp-api/v1/orgaos/00394452000103/compras/2021/1302/arquivos/1",
        "sequencialDocumento": 1,
        "dataPublicacaoPncp": "2021-10-27T07:03:12",
        "cnpj": "00394452000103",
        "anoCompra": 2021,
        "sequencialCompra": 1302,
        "statusAtivo": true,
        "titulo": "Exemplo_Aviso de Dispensa eletronica 199-2021_23 B Log Sl",
        "tipoDocumentoNome": "Aviso de Contratação Direta",
        "tipoDocumentoDescricao": "Aviso de Contratação Direta",
        "tipoDocumentoId": 1,
        "nome_real": [
            "Exemplo_Aviso de Dispensa eletronica 199-2021_23 B Log Sl.pdf"
        ],
        "extensao_real": "pdf"
    }
]