[
    {
        "uri": "https://pncp.gov.br/pncp-api/v1/orgaos/00394452000103/compras/2021/2248/arquivos/1",
        "url": "https://pncp.gov.br/pncp-api/v1/orgaos/00394452000103/compras/2021/2248/arquivos/1",
        "sequencialDocumento": 1,
        "dataPublicacaoPncp": "2021-12-03T07:01:18",
        "cnpj": "00394452000103",
        "anoCompra": 2021,
        "sequencialCompra": 2248,
        "statusAtivo": true,
        "titulo": "Image021221134836",
        "tipoDocumentoId": 1,
        "tipoDocumentoDescricao": "Aviso de Contratação Direta",
        "tipoDocumentoNome": "Aviso de Contratação Direta",
        "nome_real": [
            "Image021221134836.pdf"
        ],
        "extensao_real": "pdf"
    }
]