[
    {
        "uri": "https://pncp.gov.br/pncp-api/v1/orgaos/10870883000144/compras/2021/15/arquivos/1",
        "url": "https://pncp.gov.br/pncp-api/v1/orgaos/10870883000144/compras/2021/15/arquivos/1",
        "sequencialDocumento": 1,
        "dataPublicacaoPncp": "2021-12-21T07:00:18",
        "cnpj": "10870883000144",
        "anoCompra": 2021,
        "sequencialCompra": 15,
        "statusAtivo": true,
        "titulo": "AVISO_TR",
        "tipoDocumentoDescricao": "Aviso de Contratação Direta",
        "tipoDocumentoId": 1,
        "tipoDocumentoNome": "Aviso de Contratação Direta",
        "nome_real": [
            "AVISO_TR.pdf"
        ],
        "extensao_real": "pdf"
    }
]