[
    {
        "uri": "https://pncp.gov.br/pncp-api/v1/orgaos/00394452000103/compras/2022/188/arquivos/1",
        "url": "https://pncp.gov.br/pncp-api/v1/orgaos/00394452000103/compras/2022/188/arquivos/1",
        "sequencialDocumento": 1,
        "dataPublicacaoPncp": "2022-02-10T11:08:18",
        "cnpj": "00394452000103",
        "anoCompra": 2022,
        "sequencialCompra": 188,
        "statusAtivo": true,
        "tipoDocumentoId": 1,
        "tipoDocumentoDescricao": "Aviso de Contratação Direta",
        "titulo": "digitalizar0030",
        "tipoDocumentoNome": "Aviso de Contratação Direta",
        "nome_real": [
            "digitalizar0030.pdf"
        ],
        "extensao_real": "pdf"
    }
]