[
    {
        "uri": "https://pncp.gov.br/pncp-api/v1/orgaos/04801221000110/compras/2021/28/arquivos/1",
        "url": "https://pncp.gov.br/pncp-api/v1/orgaos/04801221000110/compras/2021/28/arquivos/1",
        "sequencialDocumento": 1,
        "dataPublicacaoPncp": "2021-12-15T07:00:22",
        "cnpj": "04801221000110",
        "anoCompra": 2021,
        "sequencialCompra": 28,
        "statusAtivo": true,
        "titulo": "SEI_TJRO - 2251828 - Termo de Referencia",
        "tipoDocumentoDescricao": "Aviso de Contratação Direta",
        "tipoDocumentoId": 1,
        "tipoDocumentoNome": "Aviso de Contratação Direta",
        "nome_real": [
            "SEI_TJRO - 2251828 - Termo de Referencia.pdf"
        ],
        "extensao_real": "pdf"
    }
]