[
    {
        "uri": "https://pncp.gov.br/pncp-api/v1/orgaos/00394452000103/compras/2021/1611/arquivos/1",
        "url": "https://pncp.gov.br/pncp-api/v1/orgaos/00394452000103/compras/2021/1611/arquivos/1",
        "sequencialDocumento": 1,
        "dataPublicacaoPncp": "2021-11-11T07:01:22",
        "cnpj": "00394452000103",
        "anoCompra": 2021,
        "sequencialCompra": 1611,
        "statusAtivo": true,
        "titulo": "DISPENSA ELETRONICA MNT CAMARA FRIA 9GAC",
        "tipoDocumentoNome": "Aviso de Contratação Direta",
        "tipoDocumentoDescricao": "Aviso de Contratação Direta",
        "tipoDocumentoId": 1,
        "nome_real": [
            "DISPENSA ELETRONICA MNT CAMARA FRIA 9GAC.pdf"
        ],
        "extensao_real": "pdf"
    }
]