[
    {
        "uri": "https://pncp.gov.br/pncp-api/v1/orgaos/33663683000116/compras/2021/54/arquivos/1",
        "url": "https://pncp.gov.br/pncp-api/v1/orgaos/33663683000116/compras/2021/54/arquivos/1",
        "sequencialDocumento": 1,
        "dataPublicacaoPncp": "2021-10-21T07:00:42",
        "cnpj": "33663683000116",
        "anoCompra": 2021,
        "sequencialCompra": 54,
        "statusAtivo": true,
        "titulo": "Aviso 28-2021_merged",
        "tipoDocumentoId": 1,
        "tipoDocumentoDescricao": "Aviso de Contratação Direta",
        "tipoDocumentoNome": "Aviso de Contratação Direta",
        "nome_real": [
            "Aviso 28-2021_merged.pdf"
        ],
        "extensao_real": "pdf"
    }
]