[
    {
        "uri": "https://pncp.gov.br/pncp-api/v1/orgaos/15126437000143/compras/2021/183/arquivos/1",
        "url": "https://pncp.gov.br/pncp-api/v1/orgaos/15126437000143/compras/2021/183/arquivos/1",
        "sequencialDocumento": 1,
        "dataPublicacaoPncp": "2021-11-03T07:00:19",
        "cnpj": "15126437000143",
        "anoCompra": 2021,
        "sequencialCompra": 183,
        "statusAtivo": true,
        "titulo": "Projeto Basico",
        "tipoDocumentoId": 1,
        "tipoDocumentoDescricao": "Aviso de Contratação Direta",
        "tipoDocumentoNome": "Aviso de Contratação Direta",
        "nome_real": [
            "Projeto Basico.zip",
            "Estudo Tecnico Preliminar.pdf",
            "Minuta de contrato.pdf",
            "Norma_Operacional___SEI_n__2.pdf",
            "Projeto Basico.pdf"
        ],
        "extensao_real": "zip"
    }
]