[
    {
        "uri": "https://pncp.gov.br/pncp-api/v1/orgaos/26989350000116/compras/2022/1/arquivos/1",
        "url": "https://pncp.gov.br/pncp-api/v1/orgaos/26989350000116/compras/2022/1/arquivos/1",
        "sequencialDocumento": 1,
        "dataPublicacaoPncp": "2022-01-12T14:58:00",
        "cnpj": "26989350000116",
        "anoCompra": 2022,
        "sequencialCompra": 1,
        "statusAtivo": true,
        "titulo": "SEI_FUNASA - 3499581 - Termo de Referencia",
        "tipoDocumentoId": 1,
        "tipoDocumentoNome": "Aviso de Contratação Direta",
        "tipoDocumentoDescricao": "Aviso de Contratação Direta",
        "nome_real": [
            "SEI_FUNASA - 3499581 - Termo de Referencia.pdf"
        ],
        "extensao_real": "pdf"
    }
]