[
    {
        "uri": "https://pncp.gov.br/pncp-api/v1/orgaos/00394452000103/compras/2021/1796/arquivos/1",
        "url": "https://pncp.gov.br/pncp-api/v1/orgaos/00394452000103/compras/2021/1796/arquivos/1",
        "sequencialDocumento": 1,
        "dataPublicacaoPncp": "2021-11-18T07:01:52",
        "cnpj": "00394452000103",
        "anoCompra": 2021,
        "sequencialCompra": 1796,
        "statusAtivo": true,
        "titulo": "Termo Ref",
        "tipoDocumentoNome": "Aviso de Contratação Direta",
        "tipoDocumentoDescricao": "Aviso de Contratação Direta",
        "tipoDocumentoId": 1,
        "nome_real": [
            "Termo Ref.PDF"
        ],
        "extensao_real": "PDF"
    }
]