[
    {
        "uri": "https://pncp.gov.br/pncp-api/v1/orgaos/17217985000104/compras/2021/90/arquivos/1",
        "url": "https://pncp.gov.br/pncp-api/v1/orgaos/17217985000104/compras/2021/90/arquivos/1",
        "sequencialDocumento": 1,
        "dataPublicacaoPncp": "2021-11-03T07:00:37",
        "cnpj": "17217985000104",
        "anoCompra": 2021,
        "sequencialCompra": 90,
        "statusAtivo": true,
        "titulo": "tampo_Termo_de_referencia tampo de mesa",
        "tipoDocumentoId": 1,
        "tipoDocumentoDescricao": "Aviso de Contratação Direta",
        "tipoDocumentoNome": "Aviso de Contratação Direta",
        "nome_real": [
            "tampo_Termo_de_referencia tampo de mesa.pdf"
        ],
        "extensao_real": "pdf"
    }
]