[
    {
        "uri": "https://pncp.gov.br/pncp-api/v1/orgaos/10735145000194/compras/2021/1/arquivos/1",
        "url": "https://pncp.gov.br/pncp-api/v1/orgaos/10735145000194/compras/2021/1/arquivos/1",
        "sequencialDocumento": 1,
        "dataPublicacaoPncp": "2021-08-13T07:00:20",
        "cnpj": "10735145000194",
        "anoCompra": 2021,
        "sequencialCompra": 1,
        "statusAtivo": true,
        "titulo": "Termo de Referencia para compras de materiais",
        "tipoDocumentoDescricao": "Aviso de Contratação Direta",
        "tipoDocumentoNome": "Aviso de Contratação Direta",
        "tipoDocumentoId": 1,
        "nome_real": [
            "Termo de Referencia para compras de materiais.pdf"
        ],
        "extensao_real": "pdf"
    }
]