[
    {
        "uri": "https://pncp.gov.br/pncp-api/v1/orgaos/00394452000103/compras/2021/817/arquivos/1",
        "url": "https://pncp.gov.br/pncp-api/v1/orgaos/00394452000103/compras/2021/817/arquivos/1",
        "sequencialDocumento": 1,
        "dataPublicacaoPncp": "2021-10-04T07:02:38",
        "cnpj": "00394452000103",
        "anoCompra": 2021,
        "sequencialCompra": 817,
        "statusAtivo": true,
        "titulo": "Cot-ele-234-balizamento-de-transito",
        "tipoDocumentoId": 1,
        "tipoDocumentoDescricao": "Aviso de Contratação Direta",
        "tipoDocumentoNome": "Aviso de Contratação Direta",
        "nome_real": [
            "Cot-ele-234-balizamento-de-transito.pdf"
        ],
        "extensao_real": "pdf"
    }
]