[
    {
        "uri": "https://pncp.gov.br/pncp-api/v1/orgaos/00394502000144/compras/2021/132/arquivos/1",
        "url": "https://pncp.gov.br/pncp-api/v1/orgaos/00394502000144/compras/2021/132/arquivos/1",
        "sequencialDocumento": 1,
        "dataPublicacaoPncp": "2021-10-14T07:00:39",
        "cnpj": "00394502000144",
        "anoCompra": 2021,
        "sequencialCompra": 132,
        "statusAtivo": true,
        "titulo": "dispensa 21",
        "tipoDocumentoId": 1,
        "tipoDocumentoDescricao": "Aviso de Contratação Direta",
        "tipoDocumentoNome": "Aviso de Contratação Direta",
        "nome_real": [
            "dispensa 21.zip",
            "01 - Aviso de Dispensa 21-2021.pdf",
            "02 - ANEXO I.pdf",
            "03 - ANEXO II.pdf"
        ],
        "extensao_real": "zip"
    }
]