[
    {
        "uri": "https://pncp.gov.br/pncp-api/v1/orgaos/00394452000103/compras/2021/2409/arquivos/1",
        "url": "https://pncp.gov.br/pncp-api/v1/orgaos/00394452000103/compras/2021/2409/arquivos/1",
        "sequencialDocumento": 1,
        "dataPublicacaoPncp": "2021-12-16T07:00:29",
        "cnpj": "00394452000103",
        "anoCompra": 2021,
        "sequencialCompra": 2409,
        "statusAtivo": true,
        "titulo": "DISPENS ELETRONICA 25-2021",
        "tipoDocumentoId": 1,
        "tipoDocumentoNome": "Aviso de Contratação Direta",
        "tipoDocumentoDescricao": "Aviso de Contratação Direta",
        "nome_real": [
            "DISPENS ELETRONICA 25-2021.rar"
        ],
        "extensao_real": "rar"
    }
]