[
    {
        "uri": "https://pncp.gov.br/pncp-api/v1/orgaos/87934675000196/compras/2021/25/arquivos/1",
        "url": "https://pncp.gov.br/pncp-api/v1/orgaos/87934675000196/compras/2021/25/arquivos/1",
        "sequencialDocumento": 1,
        "dataPublicacaoPncp": "2021-11-16T07:02:53",
        "cnpj": "87934675000196",
        "anoCompra": 2021,
        "sequencialCompra": 25,
        "statusAtivo": true,
        "titulo": "Aviso de Dispensa Eletronica - livros",
        "tipoDocumentoId": 1,
        "tipoDocumentoDescricao": "Aviso de Contratação Direta",
        "tipoDocumentoNome": "Aviso de Contratação Direta",
        "nome_real": [
            "Aviso de Dispensa Eletronica - livros.odt"
        ],
        "extensao_real": "odt"
    }
]