[
    {
        "uri": "https://pncp.gov.br/pncp-api/v1/orgaos/31027527000133/compras/2021/1/arquivos/1",
        "url": "https://pncp.gov.br/pncp-api/v1/orgaos/31027527000133/compras/2021/1/arquivos/1",
        "sequencialDocumento": 1,
        "dataPublicacaoPncp": "2021-10-18T06:00:46",
        "cnpj": "31027527000133",
        "anoCompra": 2021,
        "sequencialCompra": 1,
        "statusAtivo": true,
        "titulo": "Projeto Basico - Dispensa Eletronica",
        "tipoDocumentoId": 1,
        "tipoDocumentoNome": "Aviso de Contratação Direta",
        "tipoDocumentoDescricao": "Aviso de Contratação Direta",
        "nome_real": [
            "Projeto Basico - Dispensa Eletronica.pdf"
        ],
        "extensao_real": "pdf"
    }
]