[
    {
        "uri": "https://pncp.gov.br/pncp-api/v1/orgaos/82951229000176/compras/2022/12/arquivos/1",
        "url": "https://pncp.gov.br/pncp-api/v1/orgaos/82951229000176/compras/2022/12/arquivos/1",
        "sequencialDocumento": 1,
        "dataPublicacaoPncp": "2022-02-16T17:21:29",
        "cnpj": "82951229000176",
        "anoCompra": 2022,
        "sequencialCompra": 12,
        "statusAtivo": true,
        "titulo": "ADE 05-2022 - Projeto Piscina",
        "tipoDocumentoNome": "Aviso de Contratação Direta",
        "tipoDocumentoDescricao": "Aviso de Contratação Direta",
        "tipoDocumentoId": 1,
        "nome_real": [
            "ADE 05-2022 - Projeto Piscina.pdf"
        ],
        "extensao_real": "pdf"
    }
]