[
    {
        "uri": "https://pncp.gov.br/pncp-api/v1/orgaos/00509018000113/compras/2021/16/arquivos/1",
        "url": "https://pncp.gov.br/pncp-api/v1/orgaos/00509018000113/compras/2021/16/arquivos/1",
        "sequencialDocumento": 1,
        "dataPublicacaoPncp": "2021-11-12T07:01:03",
        "cnpj": "00509018000113",
        "anoCompra": 2021,
        "sequencialCompra": 16,
        "statusAtivo": true,
        "titulo": "40.2021 - INFORMACOES COMPLEMENTARES - classe 7330",
        "tipoDocumentoId": 1,
        "tipoDocumentoNome": "Aviso de Contratação Direta",
        "tipoDocumentoDescricao": "Aviso de Contratação Direta",
        "nome_real": [
            "40.2021 - INFORMACOES COMPLEMENTARES - classe 7330.pdf"
        ],
        "extensao_real": "pdf"
    }
]