[
    {
        "uri": "https://pncp.gov.br/pncp-api/v1/orgaos/00394452000103/compras/2021/193/arquivos/1",
        "url": "https://pncp.gov.br/pncp-api/v1/orgaos/00394452000103/compras/2021/193/arquivos/1",
        "tipoDocumentoDescricao": "Aviso de Contratação Direta",
        "tipoDocumentoId": 1,
        "statusAtivo": true,
        "sequencialDocumento": 1,
        "dataPublicacaoPncp": "2021-08-27T14:02:59",
        "cnpj": "00394452000103",
        "anoCompra": 2021,
        "sequencialCompra": 193,
        "titulo": "Termo de Referencia Dispensa Eletronica(galao 20L bombona)",
        "tipoDocumentoNome": "Aviso de Contratação Direta",
        "nome_real": [
            "Termo de Referencia Dispensa Eletronica(galao 20L bombona).odt"
        ],
        "extensao_real": "odt"
    }
]