[
    {
        "uri": "https://pncp.gov.br/pncp-api/v1/orgaos/10728444000100/compras/2021/4/arquivos/1",
        "url": "https://pncp.gov.br/pncp-api/v1/orgaos/10728444000100/compras/2021/4/arquivos/1",
        "sequencialDocumento": 1,
        "dataPublicacaoPncp": "2021-10-21T07:00:23",
        "cnpj": "10728444000100",
        "anoCompra": 2021,
        "sequencialCompra": 4,
        "statusAtivo": true,
        "titulo": "Aviso de Dispensa Eletronica n 08_2021",
        "tipoDocumentoDescricao": "Aviso de Contratação Direta",
        "tipoDocumentoId": 1,
        "tipoDocumentoNome": "Aviso de Contratação Direta",
        "nome_real": [
            "Aviso de Dispensa Eletronica n 08_2021.pdf"
        ],
        "extensao_real": "pdf"
    }
]