[
    {
        "uri": "https://pncp.gov.br/pncp-api/v1/orgaos/15412257000128/compras/2022/2/arquivos/1",
        "url": "https://pncp.gov.br/pncp-api/v1/orgaos/15412257000128/compras/2022/2/arquivos/1",
        "sequencialDocumento": 1,
        "dataPublicacaoPncp": "2022-01-21T18:04:20",
        "cnpj": "15412257000128",
        "anoCompra": 2022,
        "sequencialCompra": 2,
        "statusAtivo": true,
        "titulo": "TR e Anexos Dispensa 005-2022",
        "tipoDocumentoId": 1,
        "tipoDocumentoNome": "Aviso de Contratação Direta",
        "tipoDocumentoDescricao": "Aviso de Contratação Direta",
        "nome_real": [
            "TR e Anexos Dispensa 005-2022.pdf"
        ],
        "extensao_real": "pdf"
    }
]