[
    {
        "uri": "https://pncp.gov.br/pncp-api/v1/orgaos/00394502000144/compras/2022/309/arquivos/1",
        "url": "https://pncp.gov.br/pncp-api/v1/orgaos/00394502000144/compras/2022/309/arquivos/1",
        "sequencialDocumento": 1,
        "dataPublicacaoPncp": "2022-03-11T14:20:44",
        "cnpj": "00394502000144",
        "anoCompra": 2022,
        "sequencialCompra": 309,
        "statusAtivo": true,
        "titulo": "Aviso e seus anexos",
        "tipoDocumentoId": 1,
        "tipoDocumentoNome": "Aviso de Contratação Direta",
        "tipoDocumentoDescricao": "Aviso de Contratação Direta",
        "nome_real": [
            "Aviso e seus anexos.zip",
            "Mapa-Comparativo-de-Precos-EXTINTORES.pdf",
            "ANEXO-II.2-MAPA-DE-RISCOS.pdf",
            "Estudos-Tecnicos-Preliminares---IN-40-2020.pdf",
            "ANEXO-II-TERMO-DE-REFERENCIA.pdf",
            "Aviso-de-Dispensa-Eletronica-Recarga-Extintores.pdf"
        ],
        "extensao_real": "zip"
    }
]