[
    {
        "uri": "https://pncp.gov.br/pncp-api/v1/orgaos/00348003000110/compras/2021/9/arquivos/1",
        "url": "https://pncp.gov.br/pncp-api/v1/orgaos/00348003000110/compras/2021/9/arquivos/1",
        "tipoDocumentoDescricao": "Aviso de Contratação Direta",
        "tipoDocumentoId": 1,
        "statusAtivo": true,
        "sequencialDocumento": 1,
        "dataPublicacaoPncp": "2021-08-26T07:00:38",
        "cnpj": "00348003000110",
        "anoCompra": 2021,
        "sequencialCompra": 9,
        "titulo": "Termo de Referencia 5785888 - Dispensa eletronica n 18-2021",
        "tipoDocumentoNome": "Aviso de Contratação Direta",
        "nome_real": [
            "Termo de Referencia 5785888 - Dispensa eletronica n 18-2021 .pdf"
        ],
        "extensao_real": "pdf"
    }
]