[
    {
        "uri": "https://pncp.gov.br/pncp-api/v1/orgaos/00394502000144/compras/2021/222/arquivos/1",
        "url": "https://pncp.gov.br/pncp-api/v1/orgaos/00394502000144/compras/2021/222/arquivos/1",
        "sequencialDocumento": 1,
        "dataPublicacaoPncp": "2021-10-29T07:01:25",
        "cnpj": "00394502000144",
        "anoCompra": 2021,
        "sequencialCompra": 222,
        "statusAtivo": true,
        "titulo": "DE - 152-2021",
        "tipoDocumentoNome": "Aviso de Contratação Direta",
        "tipoDocumentoDescricao": "Aviso de Contratação Direta",
        "tipoDocumentoId": 1,
        "nome_real": [
            "DE - 152-2021.pdf"
        ],
        "extensao_real": "pdf"
    }
]