[
    {
        "uri": "https://pncp.gov.br/pncp-api/v1/orgaos/09341233000122/compras/2022/2/arquivos/1",
        "url": "https://pncp.gov.br/pncp-api/v1/orgaos/09341233000122/compras/2022/2/arquivos/1",
        "sequencialDocumento": 1,
        "dataPublicacaoPncp": "2022-02-09T14:39:21",
        "cnpj": "09341233000122",
        "anoCompra": 2022,
        "sequencialCompra": 2,
        "statusAtivo": true,
        "tipoDocumentoId": 1,
        "tipoDocumentoDescricao": "Aviso de Contratação Direta",
        "titulo": "3. Termo de Referencia",
        "tipoDocumentoNome": "Aviso de Contratação Direta",
        "nome_real": [
            "3. Termo de Referencia.pdf"
        ],
        "extensao_real": "pdf"
    }
]