[
    {
        "uri": "https://pncp.gov.br/pncp-api/v1/orgaos/00394502000144/compras/2021/137/arquivos/1",
        "url": "https://pncp.gov.br/pncp-api/v1/orgaos/00394502000144/compras/2021/137/arquivos/1",
        "sequencialDocumento": 1,
        "dataPublicacaoPncp": "2021-10-14T07:01:29",
        "cnpj": "00394502000144",
        "anoCompra": 2021,
        "sequencialCompra": 137,
        "statusAtivo": true,
        "titulo": "violao takamine - 139",
        "tipoDocumentoDescricao": "Aviso de Contratação Direta",
        "tipoDocumentoId": 1,
        "tipoDocumentoNome": "Aviso de Contratação Direta",
        "nome_real": [
            "violao takamine - 139.pdf"
        ],
        "extensao_real": "pdf"
    }
]