[
    {
        "uri": "https://pncp.gov.br/pncp-api/v1/orgaos/00394452000103/compras/2021/1096/arquivos/1",
        "url": "https://pncp.gov.br/pncp-api/v1/orgaos/00394452000103/compras/2021/1096/arquivos/1",
        "sequencialDocumento": 1,
        "dataPublicacaoPncp": "2021-10-19T07:01:27",
        "cnpj": "00394452000103",
        "anoCompra": 2021,
        "sequencialCompra": 1096,
        "statusAtivo": true,
        "titulo": "DISP 256.2021 - T.A - DIEx 7696 - SECRETARIA",
        "tipoDocumentoDescricao": "Aviso de Contratação Direta",
        "tipoDocumentoId": 1,
        "tipoDocumentoNome": "Aviso de Contratação Direta",
        "nome_real": [
            "DISP 256.2021 - T.A - DIEx 7696 - SECRETARIA.pdf"
        ],
        "extensao_real": "pdf"
    }
]