[
    {
        "uri": "https://pncp.gov.br/pncp-api/v1/orgaos/00394502000144/compras/2021/459/arquivos/1",
        "url": "https://pncp.gov.br/pncp-api/v1/orgaos/00394502000144/compras/2021/459/arquivos/1",
        "sequencialDocumento": 1,
        "dataPublicacaoPncp": "2021-12-02T07:00:50",
        "cnpj": "00394502000144",
        "anoCompra": 2021,
        "sequencialCompra": 459,
        "statusAtivo": true,
        "titulo": "Aviso dispensa cera",
        "tipoDocumentoDescricao": "Aviso de Contratação Direta",
        "tipoDocumentoId": 1,
        "tipoDocumentoNome": "Aviso de Contratação Direta",
        "nome_real": [
            "Aviso dispensa cera.odt"
        ],
        "extensao_real": "odt"
    }
]