[
    {
        "uri": "https://pncp.gov.br/pncp-api/v1/orgaos/33781055000135/compras/2021/14/arquivos/1",
        "url": "https://pncp.gov.br/pncp-api/v1/orgaos/33781055000135/compras/2021/14/arquivos/1",
        "sequencialDocumento": 1,
        "dataPublicacaoPncp": "2021-11-10T07:02:07",
        "cnpj": "33781055000135",
        "anoCompra": 2021,
        "sequencialCompra": 14,
        "statusAtivo": true,
        "titulo": "Aviso de Dispensa Eletronica Lei n 14.133_2021",
        "tipoDocumentoId": 1,
        "tipoDocumentoDescricao": "Aviso de Contratação Direta",
        "tipoDocumentoNome": "Aviso de Contratação Direta",
        "nome_real": [
            "Aviso de Dispensa Eletronica Lei n 14.133_2021.pdf"
        ],
        "extensao_real": "pdf"
    }
]