[
    {
        "uri": "https://pncp.gov.br/pncp-api/v1/orgaos/10571982000125/compras/2022/11/arquivos/1",
        "url": "https://pncp.gov.br/pncp-api/v1/orgaos/10571982000125/compras/2022/11/arquivos/1",
        "sequencialDocumento": 1,
        "dataPublicacaoPncp": "2022-02-18T11:38:55",
        "cnpj": "10571982000125",
        "anoCompra": 2022,
        "sequencialCompra": 11,
        "statusAtivo": true,
        "titulo": "2. Termo de Referencia Simplificado",
        "tipoDocumentoId": 1,
        "tipoDocumentoDescricao": "Aviso de Contratação Direta",
        "tipoDocumentoNome": "Aviso de Contratação Direta",
        "nome_real": [
            "2. Termo de Referencia Simplificado.docx"
        ],
        "extensao_real": "docx"
    }
]