[
    {
        "uri": "https://pncp.gov.br/pncp-api/v1/orgaos/00509018000113/compras/2022/5/arquivos/1",
        "url": "https://pncp.gov.br/pncp-api/v1/orgaos/00509018000113/compras/2022/5/arquivos/1",
        "sequencialDocumento": 1,
        "dataPublicacaoPncp": "2022-02-17T16:21:44",
        "cnpj": "00509018000113",
        "anoCompra": 2022,
        "sequencialCompra": 5,
        "statusAtivo": true,
        "titulo": "6.2022 - INFORMACOES COMPLEMENTARES - FLIP CHART",
        "tipoDocumentoId": 1,
        "tipoDocumentoDescricao": "Aviso de Contratação Direta",
        "tipoDocumentoNome": "Aviso de Contratação Direta",
        "nome_real": [
            "6.2022 - INFORMACOES COMPLEMENTARES - FLIP CHART.pdf"
        ],
        "extensao_real": "pdf"
    }
]