[
    {
        "uri": "https://pncp.gov.br/pncp-api/v1/orgaos/62463005000108/compras/2021/14/arquivos/1",
        "url": "https://pncp.gov.br/pncp-api/v1/orgaos/62463005000108/compras/2021/14/arquivos/1",
        "sequencialDocumento": 1,
        "dataPublicacaoPncp": "2021-08-24T07:00:52",
        "cnpj": "62463005000108",
        "anoCompra": 2021,
        "sequencialCompra": 14,
        "statusAtivo": true,
        "titulo": "Material Eletrico sac 054 TB 03.08.21 Botoeira AGTUP.,doc",
        "tipoDocumentoDescricao": "Aviso de Contratação Direta",
        "tipoDocumentoNome": "Aviso de Contratação Direta",
        "tipoDocumentoId": 1,
        "nome_real": [
            "Material Eletrico sac 054 TB 03.08.21 Botoeira AGTUP.,doc.pdf"
        ],
        "extensao_real": "pdf"
    }
]