[
    {
        "uri": "https://pncp.gov.br/pncp-api/v1/orgaos/00348003000110/compras/2021/334/arquivos/1",
        "url": "https://pncp.gov.br/pncp-api/v1/orgaos/00348003000110/compras/2021/334/arquivos/1",
        "sequencialDocumento": 1,
        "dataPublicacaoPncp": "2021-12-02T07:00:38",
        "cnpj": "00348003000110",
        "anoCompra": 2021,
        "sequencialCompra": 334,
        "statusAtivo": true,
        "titulo": "SEI_21156.002679_2021_19",
        "tipoDocumentoId": 1,
        "tipoDocumentoNome": "Aviso de Contratação Direta",
        "tipoDocumentoDescricao": "Aviso de Contratação Direta",
        "nome_real": [
            "SEI_21156.002679_2021_19.pdf"
        ],
        "extensao_real": "pdf"
    }
]