[
    {
        "uri": "https://pncp.gov.br/pncp-api/v1/orgaos/33663683000116/compras/2021/47/arquivos/1",
        "url": "https://pncp.gov.br/pncp-api/v1/orgaos/33663683000116/compras/2021/47/arquivos/1",
        "sequencialDocumento": 1,
        "dataPublicacaoPncp": "2021-10-15T07:00:47",
        "cnpj": "33663683000116",
        "anoCompra": 2021,
        "sequencialCompra": 47,
        "statusAtivo": true,
        "titulo": "SEI_UFRJ - 1277888 - Termo de Referencia",
        "tipoDocumentoId": 1,
        "tipoDocumentoDescricao": "Aviso de Contratação Direta",
        "tipoDocumentoNome": "Aviso de Contratação Direta",
        "nome_real": [
            "SEI_UFRJ - 1277888 - Termo de Referencia.pdf"
        ],
        "extensao_real": "pdf"
    }
]