[
    {
        "uri": "https://pncp.gov.br/pncp-api/v1/orgaos/00394452000103/compras/2021/1585/arquivos/1",
        "url": "https://pncp.gov.br/pncp-api/v1/orgaos/00394452000103/compras/2021/1585/arquivos/1",
        "sequencialDocumento": 1,
        "dataPublicacaoPncp": "2021-11-10T07:00:37",
        "cnpj": "00394452000103",
        "anoCompra": 2021,
        "sequencialCompra": 1585,
        "statusAtivo": true,
        "titulo": "1._Dispensa_mat_grafico_102_2021_adesivo",
        "tipoDocumentoId": 1,
        "tipoDocumentoDescricao": "Aviso de Contratação Direta",
        "tipoDocumentoNome": "Aviso de Contratação Direta",
        "nome_real": [
            "1._Dispensa_mat_grafico_102_2021_adesivo.odt"
        ],
        "extensao_real": "odt"
    }
]