[
    {
        "uri": "https://pncp.gov.br/pncp-api/v1/orgaos/00394460000141/compras/2021/172/arquivos/1",
        "url": "https://pncp.gov.br/pncp-api/v1/orgaos/00394460000141/compras/2021/172/arquivos/1",
        "sequencialDocumento": 1,
        "dataPublicacaoPncp": "2021-12-08T07:00:45",
        "cnpj": "00394460000141",
        "anoCompra": 2021,
        "sequencialCompra": 172,
        "statusAtivo": true,
        "titulo": "SEI_ME - 20482967 - Projeto Basico",
        "tipoDocumentoId": 1,
        "tipoDocumentoDescricao": "Aviso de Contratação Direta",
        "tipoDocumentoNome": "Aviso de Contratação Direta",
        "nome_real": [
            "SEI_ME - 20482967 - Projeto Basico.pdf"
        ],
        "extensao_real": "pdf"
    }
]