[
    {
        "uri": "https://pncp.gov.br/pncp-api/v1/orgaos/17217985000104/compras/2021/41/arquivos/1",
        "url": "https://pncp.gov.br/pncp-api/v1/orgaos/17217985000104/compras/2021/41/arquivos/1",
        "sequencialDocumento": 1,
        "dataPublicacaoPncp": "2021-10-01T07:00:18",
        "cnpj": "17217985000104",
        "anoCompra": 2021,
        "sequencialCompra": 41,
        "statusAtivo": true,
        "titulo": "Dispensa Eletronica 0621",
        "tipoDocumentoId": 1,
        "tipoDocumentoDescricao": "Aviso de Contratação Direta",
        "tipoDocumentoNome": "Aviso de Contratação Direta",
        "nome_real": [
            "Dispensa Eletronica 0621.zip",
            "Edital.pdf",
            "I - A - Caracterizaç╞o mecânica, física, química e microestrutural de concreto de obras de arte especiais de diferentes idades.pdf",
            "I - B - Efeito do resíduo do processamento a úmido de rochas ornamentais na hidrataç╞o de compósitos de cimento Portland.pdf",
            "I - C - Uso da termografia passiva para identificaç╞o de patologias em revestimentos cerâmicos com diferentes porosidades..pdf",
            "I - D - Influência do tratamento mecânico e da separaç╞o magnética no desempenho do rejeito da mineraç╞o de ferro como material cimentício suplementar.pdf",
            "I - E - Artigo Dissertaç╞o Thiago - Cimento especial com escória - Revis╞o 1.pdf",
            "I - F - Artigo Periódico A2 Ranking das barreiras à adoç╞o dos Telhados Verdes no Brasil com utilizaç╞o da Metodologia Delphi rev 00 Cristiane.pdf",
            "I - G - Artigo - Gest╞o e caracterizaç╞o - CSW - 31 07 2021.pdf",
            "Projeto Básico.pdf"
        ],
        "extensao_real": "zip"
    }
]