[
    {
        "uri": "https://pncp.gov.br/pncp-api/v1/orgaos/00394452000103/compras/2021/913/arquivos/1",
        "url": "https://pncp.gov.br/pncp-api/v1/orgaos/00394452000103/compras/2021/913/arquivos/1",
        "sequencialDocumento": 1,
        "dataPublicacaoPncp": "2021-10-07T07:01:50",
        "cnpj": "00394452000103",
        "anoCompra": 2021,
        "sequencialCompra": 913,
        "statusAtivo": true,
        "titulo": "233205",
        "tipoDocumentoId": 1,
        "tipoDocumentoDescricao": "Aviso de Contratação Direta",
        "tipoDocumentoNome": "Aviso de Contratação Direta",
        "nome_real": [
            "233205.PDF"
        ],
        "extensao_real": "PDF"
    }
]