[
    {
        "uri": "https://pncp.gov.br/pncp-api/v1/orgaos/00394452000103/compras/2021/1061/arquivos/1",
        "url": "https://pncp.gov.br/pncp-api/v1/orgaos/00394452000103/compras/2021/1061/arquivos/1",
        "sequencialDocumento": 1,
        "dataPublicacaoPncp": "2021-10-18T06:00:56",
        "cnpj": "00394452000103",
        "anoCompra": 2021,
        "sequencialCompra": 1061,
        "statusAtivo": true,
        "tipoDocumentoId": 1,
        "tipoDocumentoDescricao": "Aviso de Contratação Direta",
        "titulo": "CamScanner 10-15-2021 18.23",
        "tipoDocumentoNome": "Aviso de Contratação Direta",
        "nome_real": [
            "CamScanner 10-15-2021 18.23.pdf"
        ],
        "extensao_real": "pdf"
    }
]