[
    {
        "uri": "https://pncp.gov.br/pncp-api/v1/orgaos/00394452000103/compras/2021/2005/arquivos/1",
        "url": "https://pncp.gov.br/pncp-api/v1/orgaos/00394452000103/compras/2021/2005/arquivos/1",
        "sequencialDocumento": 1,
        "dataPublicacaoPncp": "2021-11-25T07:01:49",
        "cnpj": "00394452000103",
        "anoCompra": 2021,
        "sequencialCompra": 2005,
        "statusAtivo": true,
        "titulo": "05. Aviso de Dispensa Eletronica Otica",
        "tipoDocumentoId": 1,
        "tipoDocumentoDescricao": "Aviso de Contratação Direta",
        "tipoDocumentoNome": "Aviso de Contratação Direta",
        "nome_real": [
            "05. Aviso de Dispensa Eletronica Otica.pdf"
        ],
        "extensao_real": "pdf"
    }
]