[
    {
        "uri": "https://pncp.gov.br/pncp-api/v1/orgaos/04892707000100/compras/2022/10/arquivos/1",
        "url": "https://pncp.gov.br/pncp-api/v1/orgaos/04892707000100/compras/2022/10/arquivos/1",
        "sequencialDocumento": 1,
        "dataPublicacaoPncp": "2022-03-11T10:09:52",
        "cnpj": "04892707000100",
        "anoCompra": 2022,
        "sequencialCompra": 10,
        "statusAtivo": true,
        "titulo": "TR sinalizador",
        "tipoDocumentoNome": "Aviso de Contratação Direta",
        "tipoDocumentoDescricao": "Aviso de Contratação Direta",
        "tipoDocumentoId": 1,
        "nome_real": [
            "TR sinalizador.pdf"
        ],
        "extensao_real": "pdf"
    }
]