[
    {
        "uri": "https://pncp.gov.br/pncp-api/v1/orgaos/00394452000103/compras/2021/89/arquivos/1",
        "url": "https://pncp.gov.br/pncp-api/v1/orgaos/00394452000103/compras/2021/89/arquivos/1",
        "sequencialDocumento": 1,
        "dataPublicacaoPncp": "2021-08-20T07:00:47",
        "cnpj": "00394452000103",
        "anoCompra": 2021,
        "sequencialCompra": 89,
        "statusAtivo": true,
        "tipoDocumentoNome": "Aviso de Contratação Direta",
        "titulo": "Dispensa Eletronica 158-2021 - 1EsqdCL",
        "tipoDocumentoId": 1,
        "tipoDocumentoDescricao": "Aviso de Contratação Direta",
        "nome_real": [
            "Dispensa Eletronica 158-2021 - 1EsqdCL.docx"
        ],
        "extensao_real": "docx"
    }
]