[
    {
        "uri": "https://pncp.gov.br/pncp-api/v1/orgaos/00394452000103/compras/2021/1497/arquivos/1",
        "url": "https://pncp.gov.br/pncp-api/v1/orgaos/00394452000103/compras/2021/1497/arquivos/1",
        "sequencialDocumento": 1,
        "dataPublicacaoPncp": "2021-11-05T07:01:55",
        "cnpj": "00394452000103",
        "anoCompra": 2021,
        "sequencialCompra": 1497,
        "statusAtivo": true,
        "tipoDocumentoId": 1,
        "tipoDocumentoDescricao": "Aviso de Contratação Direta",
        "titulo": "Servico 7800",
        "tipoDocumentoNome": "Aviso de Contratação Direta",
        "nome_real": [
            "Servico 7800.zip",
            "01. Termo de Abertura de Dispensa.odt",
            "02. Termo de Referência Serviço.odt",
            "03. Relatório de Pesquisa de Preço Serviço 7800 29out21.odt"
        ],
        "extensao_real": "zip"
    }
]