[
    {
        "uri": "https://pncp.gov.br/pncp-api/v1/orgaos/00394452000103/compras/2021/1187/arquivos/1",
        "url": "https://pncp.gov.br/pncp-api/v1/orgaos/00394452000103/compras/2021/1187/arquivos/1",
        "sequencialDocumento": 1,
        "dataPublicacaoPncp": "2021-10-22T07:01:38",
        "cnpj": "00394452000103",
        "anoCompra": 2021,
        "sequencialCompra": 1187,
        "statusAtivo": true,
        "titulo": "DISP 268.2021 - T.A - DIEx 7577 - FML",
        "tipoDocumentoId": 1,
        "tipoDocumentoNome": "Aviso de Contratação Direta",
        "tipoDocumentoDescricao": "Aviso de Contratação Direta",
        "nome_real": [
            "DISP 268.2021 - T.A - DIEx 7577 - FML.pdf"
        ],
        "extensao_real": "pdf"
    }
]