[
    {
        "uri": "https://pncp.gov.br/pncp-api/v1/orgaos/00394452000103/compras/2021/659/arquivos/1",
        "url": "https://pncp.gov.br/pncp-api/v1/orgaos/00394452000103/compras/2021/659/arquivos/1",
        "sequencialDocumento": 1,
        "dataPublicacaoPncp": "2021-09-24T07:00:59",
        "cnpj": "00394452000103",
        "anoCompra": 2021,
        "sequencialCompra": 659,
        "statusAtivo": true,
        "titulo": "01 - DFD para aquisicao de maquina de lavar roupa",
        "tipoDocumentoDescricao": "Aviso de Contratação Direta",
        "tipoDocumentoId": 1,
        "tipoDocumentoNome": "Aviso de Contratação Direta",
        "nome_real": [
            "01 - DFD para aquisicao de maquina de lavar roupa.pdf"
        ],
        "extensao_real": "pdf"
    }
]