[
    {
        "uri": "https://pncp.gov.br/pncp-api/v1/orgaos/00348003000110/compras/2021/443/arquivos/1",
        "url": "https://pncp.gov.br/pncp-api/v1/orgaos/00348003000110/compras/2021/443/arquivos/1",
        "sequencialDocumento": 1,
        "dataPublicacaoPncp": "2021-12-24T07:00:34",
        "cnpj": "00348003000110",
        "anoCompra": 2021,
        "sequencialCompra": 443,
        "statusAtivo": true,
        "tipoDocumentoId": 1,
        "tipoDocumentoDescricao": "Aviso de Contratação Direta",
        "titulo": "FERRAMENTAS - TR",
        "tipoDocumentoNome": "Aviso de Contratação Direta",
        "nome_real": [
            "FERRAMENTAS - TR.pdf"
        ],
        "extensao_real": "pdf"
    }
]