[
    {
        "uri": "https://pncp.gov.br/pncp-api/v1/orgaos/00394452000103/compras/2021/530/arquivos/1",
        "url": "https://pncp.gov.br/pncp-api/v1/orgaos/00394452000103/compras/2021/530/arquivos/1",
        "sequencialDocumento": 1,
        "dataPublicacaoPncp": "2021-09-17T07:01:26",
        "cnpj": "00394452000103",
        "anoCompra": 2021,
        "sequencialCompra": 530,
        "statusAtivo": true,
        "titulo": "EDITAL E TR da dispensa eletronica",
        "tipoDocumentoId": 1,
        "tipoDocumentoDescricao": "Aviso de Contratação Direta",
        "tipoDocumentoNome": "Aviso de Contratação Direta",
        "nome_real": [
            "EDITAL E TR da dispensa eletronica.pdf"
        ],
        "extensao_real": "pdf"
    }
]