[
    {
        "uri": "https://pncp.gov.br/pncp-api/v1/orgaos/33663683000116/compras/2021/98/arquivos/1",
        "url": "https://pncp.gov.br/pncp-api/v1/orgaos/33663683000116/compras/2021/98/arquivos/1",
        "sequencialDocumento": 1,
        "dataPublicacaoPncp": "2021-11-12T07:00:52",
        "cnpj": "33663683000116",
        "anoCompra": 2021,
        "sequencialCompra": 98,
        "statusAtivo": true,
        "titulo": "Aviso de Dispensa 25_2021",
        "tipoDocumentoDescricao": "Aviso de Contratação Direta",
        "tipoDocumentoId": 1,
        "tipoDocumentoNome": "Aviso de Contratação Direta",
        "nome_real": [
            "Aviso de Dispensa 25_2021.pdf"
        ],
        "extensao_real": "pdf"
    }
]