[
    {
        "uri": "https://pncp.gov.br/pncp-api/v1/orgaos/17217985000104/compras/2021/62/arquivos/1",
        "url": "https://pncp.gov.br/pncp-api/v1/orgaos/17217985000104/compras/2021/62/arquivos/1",
        "sequencialDocumento": 1,
        "dataPublicacaoPncp": "2021-10-15T07:01:03",
        "cnpj": "17217985000104",
        "anoCompra": 2021,
        "sequencialCompra": 62,
        "statusAtivo": true,
        "titulo": "AvisodeDispensaEletrnica",
        "tipoDocumentoId": 1,
        "tipoDocumentoDescricao": "Aviso de Contratação Direta",
        "tipoDocumentoNome": "Aviso de Contratação Direta",
        "nome_real": [
            "AvisodeDispensaEletrnica.pdf"
        ],
        "extensao_real": "pdf"
    }
]