[
    {
        "uri": "https://pncp.gov.br/pncp-api/v1/orgaos/04204318000145/compras/2024/1022/arquivos/1",
        "url": "https://pncp.gov.br/pncp-api/v1/orgaos/04204318000145/compras/2024/1022/arquivos/1",
        "tipoDocumentoDescricao": "Outros Documentos",
        "tipoDocumentoId": 16,
        "statusAtivo": true,
        "sequencialDocumento": 1,
        "dataPublicacaoPncp": "2024-08-27T19:38:24",
        "cnpj": "04204318000145",
        "anoCompra": 2024,
        "sequencialCompra": 1022,
        "titulo": "15563_PM MATO QUEIMADO (2) (1)",
        "tipoDocumentoNome": "Outros Documentos",
        "nome_real": [
            "15563_PM+MATO+QUEIMADO+%282%29+%281%29.pdf"
        ],
        "extensao_real": "pdf"
    },
    {
        "uri": "https://pncp.gov.br/pncp-api/v1/orgaos/04204318000145/compras/2024/1022/arquivos/2",
        "url": "https://pncp.gov.br/pncp-api/v1/orgaos/04204318000145/compras/2024/1022/arquivos/2",
        "tipoDocumentoDescricao": "Outros Documentos",
        "tipoDocumentoId": 16,
        "statusAtivo": true,
        "sequencialDocumento": 2,
        "dataPublicacaoPncp": "2024-08-27T19:38:25",
        "cnpj": "04204318000145",
        "anoCompra": 2024,
        "sequencialCompra": 1022,
        "titulo": "15563_FILTROS RANDON (1)",
        "tipoDocumentoNome": "Outros Documentos",
        "nome_real": [
            "15563_FILTROS+RANDON+%281%29.pdf"
        ],
        "extensao_real": "pdf"
    },
    {
        "uri": "https://pncp.gov.br/pncp-api/v1/orgaos/04204318000145/compras/2024/1022/arquivos/3",
        "url": "https://pncp.gov.br/pncp-api/v1/orgaos/04204318000145/compras/2024/1022/arquivos/3",
        "tipoDocumentoDescricao": "Outros Documentos",
        "tipoDocumentoId": 16,
        "statusAtivo": true,
        "sequencialDocumento": 3,
        "dataPublicacaoPncp": "2024-08-27T19:45:37",
        "cnpj": "04204318000145",
        "anoCompra": 2024,
        "sequencialCompra": 1022,
        "titulo": "15563_filtros mr406 (1)",
        "tipoDocumentoNome": "Outros Documentos",
        "nome_real": [
            "15563_filtros+mr406+%281%29.pdf"
        ],
        "extensao_real": "pdf"
    },
    {
        "uri": "https://pncp.gov.br/pncp-api/v1/orgaos/04204318000145/compras/2024/1022/arquivos/4",
        "url": "https://pncp.gov.br/pncp-api/v1/orgaos/04204318000145/compras/2024/1022/arquivos/4",
        "tipoDocumentoDescricao": "Outros Documentos",
        "tipoDocumentoId": 16,
        "statusAtivo": true,
        "sequencialDocumento": 4,
        "dataPublicacaoPncp": "2024-08-27T19:56:20",
        "cnpj": "04204318000145",
        "anoCompra": 2024,
        "sequencialCompra": 1022,
        "titulo": "15563_Image_20240822_0005",
        "tipoDocumentoNome": "Outros Documentos",
        "nome_real": [
            "15563_Image_20240822_0005.pdf"
        ],
        "extensao_real": "pdf"
    }
]