[
    {
        "uri": "https://pncp.gov.br/pncp-api/v1/orgaos/17217985000104/compras/2021/141/arquivos/1",
        "url": "https://pncp.gov.br/pncp-api/v1/orgaos/17217985000104/compras/2021/141/arquivos/1",
        "sequencialDocumento": 1,
        "dataPublicacaoPncp": "2021-11-19T07:01:14",
        "cnpj": "17217985000104",
        "anoCompra": 2021,
        "sequencialCompra": 141,
        "statusAtivo": true,
        "titulo": "Instrucoes Gerais e Termo de Referencia",
        "tipoDocumentoNome": "Aviso de Contratação Direta",
        "tipoDocumentoDescricao": "Aviso de Contratação Direta",
        "tipoDocumentoId": 1,
        "nome_real": [
            "Instrucoes Gerais e Termo de Referencia.pdf"
        ],
        "extensao_real": "pdf"
    }
]