[
    {
        "uri": "https://pncp.gov.br/pncp-api/v1/orgaos/00399857000126/compras/2022/1/arquivos/1",
        "url": "https://pncp.gov.br/pncp-api/v1/orgaos/00399857000126/compras/2022/1/arquivos/1",
        "sequencialDocumento": 1,
        "dataPublicacaoPncp": "2022-02-23T10:30:04",
        "cnpj": "00399857000126",
        "anoCompra": 2022,
        "sequencialCompra": 1,
        "statusAtivo": true,
        "tipoDocumentoId": 1,
        "tipoDocumentoDescricao": "Aviso de Contratação Direta",
        "titulo": "TERMOS DE REFERENCIA COPA-COZINHA",
        "tipoDocumentoNome": "Aviso de Contratação Direta",
        "nome_real": [
            "TERMOS DE REFERENCIA COPA-COZINHA.pdf"
        ],
        "extensao_real": "pdf"
    }
]