[
    {
        "uri": "https://pncp.gov.br/pncp-api/v1/orgaos/00394452000103/compras/2021/1404/arquivos/1",
        "url": "https://pncp.gov.br/pncp-api/v1/orgaos/00394452000103/compras/2021/1404/arquivos/1",
        "sequencialDocumento": 1,
        "dataPublicacaoPncp": "2021-11-03T07:00:48",
        "cnpj": "00394452000103",
        "anoCompra": 2021,
        "sequencialCompra": 1404,
        "statusAtivo": true,
        "titulo": "TERMO DE REFERENCIA - COT ELET 38-2021 ALTERNADOR",
        "tipoDocumentoId": 1,
        "tipoDocumentoNome": "Aviso de Contratação Direta",
        "tipoDocumentoDescricao": "Aviso de Contratação Direta",
        "nome_real": [
            "TERMO DE REFERENCIA - COT ELET 38-2021 ALTERNADOR.odt"
        ],
        "extensao_real": "odt"
    }
]