[
    {
        "uri": "https://pncp.gov.br/pncp-api/v1/orgaos/33663683000116/compras/2021/69/arquivos/1",
        "url": "https://pncp.gov.br/pncp-api/v1/orgaos/33663683000116/compras/2021/69/arquivos/1",
        "sequencialDocumento": 1,
        "dataPublicacaoPncp": "2021-11-03T07:00:49",
        "cnpj": "33663683000116",
        "anoCompra": 2021,
        "sequencialCompra": 69,
        "statusAtivo": true,
        "titulo": "TR compra luvas e mascaras assinado joao e luzi",
        "tipoDocumentoId": 1,
        "tipoDocumentoNome": "Aviso de Contratação Direta",
        "tipoDocumentoDescricao": "Aviso de Contratação Direta",
        "nome_real": [
            "TR compra luvas e mascaras assinado joao e luzi.pdf"
        ],
        "extensao_real": "pdf"
    }
]