[
    {
        "uri": "https://pncp.gov.br/pncp-api/v1/orgaos/10838653000106/compras/2021/59/arquivos/1",
        "url": "https://pncp.gov.br/pncp-api/v1/orgaos/10838653000106/compras/2021/59/arquivos/1",
        "sequencialDocumento": 1,
        "dataPublicacaoPncp": "2021-12-27T07:00:20",
        "cnpj": "10838653000106",
        "anoCompra": 2021,
        "sequencialCompra": 59,
        "statusAtivo": true,
        "tipoDocumentoId": 1,
        "tipoDocumentoDescricao": "Aviso de Contratação Direta",
        "titulo": "Termo de Referencia",
        "tipoDocumentoNome": "Aviso de Contratação Direta",
        "nome_real": [
            "Termo de Referencia.pdf"
        ],
        "extensao_real": "pdf"
    }
]