[
    {
        "uri": "https://pncp.gov.br/pncp-api/v1/orgaos/18116160000166/compras/2022/7/arquivos/1",
        "url": "https://pncp.gov.br/pncp-api/v1/orgaos/18116160000166/compras/2022/7/arquivos/1",
        "sequencialDocumento": 1,
        "dataPublicacaoPncp": "2022-02-09T18:23:38",
        "cnpj": "18116160000166",
        "anoCompra": 2022,
        "sequencialCompra": 7,
        "statusAtivo": true,
        "titulo": "2630_550399dbcf6473dab588b4be104cbff2.pdf",
        "tipoDocumentoNome": "Edital",
        "tipoDocumentoDescricao": "Edital",
        "tipoDocumentoId": 2,
        "nome_real": [
            "2630_550399dbcf6473dab588b4be104cbff2.pdf"
        ],
        "extensao_real": "pdf"
    }
]