[
    {
        "uri": "https://pncp.gov.br/pncp-api/v1/orgaos/00394452000103/compras/2022/372/arquivos/1",
        "url": "https://pncp.gov.br/pncp-api/v1/orgaos/00394452000103/compras/2022/372/arquivos/1",
        "sequencialDocumento": 1,
        "dataPublicacaoPncp": "2022-02-22T17:20:47",
        "cnpj": "00394452000103",
        "anoCompra": 2022,
        "sequencialCompra": 372,
        "statusAtivo": true,
        "titulo": "Dispensa Eletronica 07-2022",
        "tipoDocumentoId": 1,
        "tipoDocumentoNome": "Aviso de Contratação Direta",
        "tipoDocumentoDescricao": "Aviso de Contratação Direta",
        "nome_real": [
            "Dispensa Eletronica 07-2022.pdf"
        ],
        "extensao_real": "pdf"
    }
]