[
    {
        "uri": "https://pncp.gov.br/pncp-api/v1/orgaos/73757494000127/compras/2021/2/arquivos/1",
        "url": "https://pncp.gov.br/pncp-api/v1/orgaos/73757494000127/compras/2021/2/arquivos/1",
        "sequencialDocumento": 1,
        "dataPublicacaoPncp": "2021-11-24T07:00:29",
        "cnpj": "73757494000127",
        "anoCompra": 2021,
        "sequencialCompra": 2,
        "statusAtivo": true,
        "titulo": "AVISO DE DISPENSA ELETRONICA 09.2021",
        "tipoDocumentoDescricao": "Aviso de Contratação Direta",
        "tipoDocumentoId": 1,
        "tipoDocumentoNome": "Aviso de Contratação Direta",
        "nome_real": [
            "AVISO DE DISPENSA ELETRONICA 09.2021.pdf"
        ],
        "extensao_real": "pdf"
    }
]