[
    {
        "uri": "https://pncp.gov.br/pncp-api/v1/orgaos/00394494000136/compras/2021/70/arquivos/1",
        "url": "https://pncp.gov.br/pncp-api/v1/orgaos/00394494000136/compras/2021/70/arquivos/1",
        "sequencialDocumento": 1,
        "dataPublicacaoPncp": "2021-12-06T07:00:37",
        "cnpj": "00394494000136",
        "anoCompra": 2021,
        "sequencialCompra": 70,
        "statusAtivo": true,
        "titulo": "Aviso de Dispensa Eletronica 22-2021 e Termo de Referencia",
        "tipoDocumentoId": 1,
        "tipoDocumentoDescricao": "Aviso de Contratação Direta",
        "tipoDocumentoNome": "Aviso de Contratação Direta",
        "nome_real": [
            "Aviso de Dispensa Eletronica 22-2021 e Termo de Referencia.pdf"
        ],
        "extensao_real": "pdf"
    }
]