[
    {
        "uri": "https://pncp.gov.br/pncp-api/v1/orgaos/15126437000143/compras/2021/169/arquivos/1",
        "url": "https://pncp.gov.br/pncp-api/v1/orgaos/15126437000143/compras/2021/169/arquivos/1",
        "sequencialDocumento": 1,
        "dataPublicacaoPncp": "2021-10-27T07:00:33",
        "cnpj": "15126437000143",
        "anoCompra": 2021,
        "sequencialCompra": 169,
        "statusAtivo": true,
        "titulo": "Projeto Basico e Modelo de Proposta com layout",
        "tipoDocumentoNome": "Aviso de Contratação Direta",
        "tipoDocumentoDescricao": "Aviso de Contratação Direta",
        "tipoDocumentoId": 1,
        "nome_real": [
            "Projeto Basico e Modelo de Proposta com layout.zip",
            "Modelo_de_proposta_Trofeu_com_layout.pdf",
            "SEI_SEDE - 17091373 - Projeto Básico - SEI.pdf"
        ],
        "extensao_real": "zip"
    }
]