[
    {
        "uri": "https://pncp.gov.br/pncp-api/v1/orgaos/06553481000149/compras/2022/7/arquivos/1",
        "url": "https://pncp.gov.br/pncp-api/v1/orgaos/06553481000149/compras/2022/7/arquivos/1",
        "sequencialDocumento": 1,
        "dataPublicacaoPncp": "2022-02-23T19:27:58",
        "cnpj": "06553481000149",
        "anoCompra": 2022,
        "sequencialCompra": 7,
        "statusAtivo": true,
        "titulo": "EDITAL DE DISPENSA ELETRONICA N 06-2022",
        "tipoDocumentoId": 1,
        "tipoDocumentoNome": "Aviso de Contratação Direta",
        "tipoDocumentoDescricao": "Aviso de Contratação Direta",
        "nome_real": [
            "EDITAL DE DISPENSA ELETRONICA N 06-2022.pdf"
        ],
        "extensao_real": "pdf"
    }
]