[
    {
        "uri": "https://pncp.gov.br/pncp-api/v1/orgaos/01921228000187/compras/2022/4/arquivos/1",
        "url": "https://pncp.gov.br/pncp-api/v1/orgaos/01921228000187/compras/2022/4/arquivos/1",
        "sequencialDocumento": 1,
        "dataPublicacaoPncp": "2022-03-09T15:49:32",
        "cnpj": "01921228000187",
        "anoCompra": 2022,
        "sequencialCompra": 4,
        "statusAtivo": true,
        "titulo": "2999_733f3da9221f1631205bfe3606b47bac.pdf",
        "tipoDocumentoId": 6,
        "tipoDocumentoDescricao": "Projeto Básico",
        "tipoDocumentoNome": "Projeto Básico",
        "nome_real": [
            "2999_733f3da9221f1631205bfe3606b47bac.pdf"
        ],
        "extensao_real": "pdf"
    }
]