[
    {
        "uri": "https://pncp.gov.br/pncp-api/v1/orgaos/00394460000141/compras/2021/145/arquivos/1",
        "url": "https://pncp.gov.br/pncp-api/v1/orgaos/00394460000141/compras/2021/145/arquivos/1",
        "sequencialDocumento": 1,
        "dataPublicacaoPncp": "2021-12-02T07:00:41",
        "cnpj": "00394460000141",
        "anoCompra": 2021,
        "sequencialCompra": 145,
        "statusAtivo": true,
        "titulo": "6 - Termo de Referencia Balanca",
        "tipoDocumentoNome": "Aviso de Contratação Direta",
        "tipoDocumentoDescricao": "Aviso de Contratação Direta",
        "tipoDocumentoId": 1,
        "nome_real": [
            "6 - Termo de Referencia Balanca.pdf"
        ],
        "extensao_real": "pdf"
    }
]