[
    {
        "uri": "https://pncp.gov.br/pncp-api/v1/orgaos/00394452000103/compras/2021/2144/arquivos/1",
        "url": "https://pncp.gov.br/pncp-api/v1/orgaos/00394452000103/compras/2021/2144/arquivos/1",
        "sequencialDocumento": 1,
        "dataPublicacaoPncp": "2021-11-30T07:01:06",
        "cnpj": "00394452000103",
        "anoCompra": 2021,
        "sequencialCompra": 2144,
        "statusAtivo": true,
        "tipoDocumentoId": 1,
        "tipoDocumentoDescricao": "Aviso de Contratação Direta",
        "titulo": "Aviso de Dispensa Eletronica Nr 72",
        "tipoDocumentoNome": "Aviso de Contratação Direta",
        "nome_real": [
            "Aviso de Dispensa Eletronica Nr 72.PDF"
        ],
        "extensao_real": "PDF"
    }
]