[
    {
        "uri": "https://pncp.gov.br/pncp-api/v1/orgaos/33663683000116/compras/2022/1/arquivos/1",
        "url": "https://pncp.gov.br/pncp-api/v1/orgaos/33663683000116/compras/2022/1/arquivos/1",
        "sequencialDocumento": 1,
        "dataPublicacaoPncp": "2022-01-05T07:00:11",
        "cnpj": "33663683000116",
        "anoCompra": 2022,
        "sequencialCompra": 1,
        "statusAtivo": true,
        "titulo": "Aviso e TR",
        "tipoDocumentoNome": "Aviso de Contratação Direta",
        "tipoDocumentoDescricao": "Aviso de Contratação Direta",
        "tipoDocumentoId": 1,
        "nome_real": [
            "Aviso e TR.pdf"
        ],
        "extensao_real": "pdf"
    }
]