[
    {
        "uri": "https://pncp.gov.br/pncp-api/v1/orgaos/00348003000110/compras/2021/165/arquivos/1",
        "url": "https://pncp.gov.br/pncp-api/v1/orgaos/00348003000110/compras/2021/165/arquivos/1",
        "sequencialDocumento": 1,
        "dataPublicacaoPncp": "2021-10-28T07:01:48",
        "cnpj": "00348003000110",
        "anoCompra": 2021,
        "sequencialCompra": 165,
        "statusAtivo": true,
        "tipoDocumentoId": 1,
        "tipoDocumentoDescricao": "Aviso de Contratação Direta",
        "titulo": "Termo de Referencia 2174",
        "tipoDocumentoNome": "Aviso de Contratação Direta",
        "nome_real": [
            "Termo de Referencia 2174.pdf"
        ],
        "extensao_real": "pdf"
    }
]