[
    {
        "uri": "https://pncp.gov.br/pncp-api/v1/orgaos/00394452000103/compras/2021/1330/arquivos/1",
        "url": "https://pncp.gov.br/pncp-api/v1/orgaos/00394452000103/compras/2021/1330/arquivos/1",
        "sequencialDocumento": 1,
        "dataPublicacaoPncp": "2021-10-28T07:01:19",
        "cnpj": "00394452000103",
        "anoCompra": 2021,
        "sequencialCompra": 1330,
        "statusAtivo": true,
        "titulo": "Aviso de Dispensa Serv. Grafico",
        "tipoDocumentoDescricao": "Aviso de Contratação Direta",
        "tipoDocumentoId": 1,
        "tipoDocumentoNome": "Aviso de Contratação Direta",
        "nome_real": [
            "Aviso de Dispensa Serv. Grafico.docx"
        ],
        "extensao_real": "docx"
    }
]