[
    {
        "uri": "https://pncp.gov.br/pncp-api/v1/orgaos/00348003000110/compras/2021/216/arquivos/1",
        "url": "https://pncp.gov.br/pncp-api/v1/orgaos/00348003000110/compras/2021/216/arquivos/1",
        "sequencialDocumento": 1,
        "dataPublicacaoPncp": "2021-11-12T07:00:52",
        "cnpj": "00348003000110",
        "anoCompra": 2021,
        "sequencialCompra": 216,
        "statusAtivo": true,
        "titulo": "05nov21_SEI_EMBRAPA - 6037199 - Termo de Referencia",
        "tipoDocumentoId": 1,
        "tipoDocumentoDescricao": "Aviso de Contratação Direta",
        "tipoDocumentoNome": "Aviso de Contratação Direta",
        "nome_real": [
            "05nov21_SEI_EMBRAPA - 6037199 - Termo de Referencia.pdf"
        ],
        "extensao_real": "pdf"
    }
]