[
    {
        "uri": "https://pncp.gov.br/pncp-api/v1/orgaos/15126437000143/compras/2021/88/arquivos/1",
        "url": "https://pncp.gov.br/pncp-api/v1/orgaos/15126437000143/compras/2021/88/arquivos/1",
        "sequencialDocumento": 1,
        "dataPublicacaoPncp": "2021-09-24T07:00:50",
        "cnpj": "15126437000143",
        "anoCompra": 2021,
        "sequencialCompra": 88,
        "statusAtivo": true,
        "titulo": "Edital Dispensa Eletronica n 76-2021",
        "tipoDocumentoId": 1,
        "tipoDocumentoDescricao": "Aviso de Contratação Direta",
        "tipoDocumentoNome": "Aviso de Contratação Direta",
        "nome_real": [
            "Edital Dispensa Eletronica n 76-2021.pdf"
        ],
        "extensao_real": "pdf"
    }
]