[
    {
        "uri": "https://pncp.gov.br/pncp-api/v1/orgaos/00394429000100/compras/2022/39/arquivos/1",
        "url": "https://pncp.gov.br/pncp-api/v1/orgaos/00394429000100/compras/2022/39/arquivos/1",
        "sequencialDocumento": 1,
        "dataPublicacaoPncp": "2022-02-07T11:41:27",
        "cnpj": "00394429000100",
        "anoCompra": 2022,
        "sequencialCompra": 39,
        "statusAtivo": true,
        "tipoDocumentoId": 1,
        "tipoDocumentoDescricao": "Aviso de Contratação Direta",
        "titulo": "022022",
        "tipoDocumentoNome": "Aviso de Contratação Direta",
        "nome_real": [
            "022022.zip",
            "PROJETO BASICO.pdf",
            "AvisodeDispensaEletronica.pdf"
        ],
        "extensao_real": "zip"
    }
]