[
    {
        "uri": "https://pncp.gov.br/pncp-api/v1/orgaos/26474056000171/compras/2021/31/arquivos/1",
        "url": "https://pncp.gov.br/pncp-api/v1/orgaos/26474056000171/compras/2021/31/arquivos/1",
        "sequencialDocumento": 1,
        "dataPublicacaoPncp": "2021-12-16T07:00:34",
        "cnpj": "26474056000171",
        "anoCompra": 2021,
        "sequencialCompra": 31,
        "statusAtivo": true,
        "titulo": "Aviso de dispensa 27.2021 com anexos",
        "tipoDocumentoNome": "Aviso de Contratação Direta",
        "tipoDocumentoDescricao": "Aviso de Contratação Direta",
        "tipoDocumentoId": 1,
        "nome_real": [
            "Aviso de dispensa 27.2021 com anexos.pdf"
        ],
        "extensao_real": "pdf"
    }
]