[
    {
        "uri": "https://pncp.gov.br/pncp-api/v1/orgaos/00394452000103/compras/2021/17/arquivos/1",
        "url": "https://pncp.gov.br/pncp-api/v1/orgaos/00394452000103/compras/2021/17/arquivos/1",
        "sequencialDocumento": 1,
        "dataPublicacaoPncp": "2021-08-13T07:52:07",
        "cnpj": "00394452000103",
        "anoCompra": 2021,
        "sequencialCompra": 17,
        "statusAtivo": true,
        "titulo": "OBSERVACOES GERAIS",
        "tipoDocumentoNome": "Aviso de Contratação Direta",
        "tipoDocumentoId": 1,
        "tipoDocumentoDescricao": "Aviso de Contratação Direta",
        "nome_real": [
            "OBSERVACOES GERAIS.docx"
        ],
        "extensao_real": "docx"
    }
]