[
    {
        "uri": "https://pncp.gov.br/pncp-api/v1/orgaos/00348003000110/compras/2021/340/arquivos/1",
        "url": "https://pncp.gov.br/pncp-api/v1/orgaos/00348003000110/compras/2021/340/arquivos/1",
        "sequencialDocumento": 1,
        "dataPublicacaoPncp": "2021-12-02T07:01:42",
        "cnpj": "00348003000110",
        "anoCompra": 2021,
        "sequencialCompra": 340,
        "statusAtivo": true,
        "titulo": "Consulta de Precos 74-2021",
        "tipoDocumentoNome": "Aviso de Contratação Direta",
        "tipoDocumentoDescricao": "Aviso de Contratação Direta",
        "tipoDocumentoId": 1,
        "nome_real": [
            "Consulta de Precos 74-2021.pdf"
        ],
        "extensao_real": "pdf"
    }
]