[
    {
        "uri": "https://pncp.gov.br/pncp-api/v1/orgaos/15126437000143/compras/2021/115/arquivos/1",
        "url": "https://pncp.gov.br/pncp-api/v1/orgaos/15126437000143/compras/2021/115/arquivos/1",
        "sequencialDocumento": 1,
        "dataPublicacaoPncp": "2021-10-06T07:01:55",
        "cnpj": "15126437000143",
        "anoCompra": 2021,
        "sequencialCompra": 115,
        "statusAtivo": true,
        "tipoDocumentoId": 1,
        "tipoDocumentoDescricao": "Aviso de Contratação Direta",
        "titulo": "Termo de Referencia",
        "tipoDocumentoNome": "Aviso de Contratação Direta",
        "nome_real": [
            "Termo de Referencia.pdf"
        ],
        "extensao_real": "pdf"
    }
]