[
    {
        "uri": "https://pncp.gov.br/pncp-api/v1/orgaos/13937032000160/compras/2022/21/arquivos/1",
        "url": "https://pncp.gov.br/pncp-api/v1/orgaos/13937032000160/compras/2022/21/arquivos/1",
        "sequencialDocumento": 1,
        "dataPublicacaoPncp": "2022-03-03T16:13:20",
        "cnpj": "13937032000160",
        "anoCompra": 2022,
        "sequencialCompra": 21,
        "statusAtivo": true,
        "titulo": "COTACAO  TINTA",
        "tipoDocumentoId": 1,
        "tipoDocumentoDescricao": "Aviso de Contratação Direta",
        "tipoDocumentoNome": "Aviso de Contratação Direta",
        "nome_real": [
            "COTACAO  TINTA.docx"
        ],
        "extensao_real": "docx"
    }
]