[
    {
        "uri": "https://pncp.gov.br/pncp-api/v1/orgaos/03204421000122/compras/2021/6/arquivos/1",
        "url": "https://pncp.gov.br/pncp-api/v1/orgaos/03204421000122/compras/2021/6/arquivos/1",
        "sequencialDocumento": 1,
        "dataPublicacaoPncp": "2021-10-26T07:00:12",
        "cnpj": "03204421000122",
        "anoCompra": 2021,
        "sequencialCompra": 6,
        "statusAtivo": true,
        "titulo": "AvisodeDispensaEletrnica (ArCondiconado) Ass-mesclado",
        "tipoDocumentoNome": "Aviso de Contratação Direta",
        "tipoDocumentoDescricao": "Aviso de Contratação Direta",
        "tipoDocumentoId": 1,
        "nome_real": [
            "AvisodeDispensaEletrnica (ArCondiconado) Ass-mesclado.pdf"
        ],
        "extensao_real": "pdf"
    }
]