[
    {
        "uri": "https://pncp.gov.br/pncp-api/v1/orgaos/04667846000130/compras/2022/2/arquivos/1",
        "url": "https://pncp.gov.br/pncp-api/v1/orgaos/04667846000130/compras/2022/2/arquivos/1",
        "sequencialDocumento": 1,
        "dataPublicacaoPncp": "2022-03-10T15:51:18",
        "cnpj": "04667846000130",
        "anoCompra": 2022,
        "sequencialCompra": 2,
        "statusAtivo": true,
        "titulo": "Doc_Dispensa_02_2022",
        "tipoDocumentoId": 1,
        "tipoDocumentoDescricao": "Aviso de Contratação Direta",
        "tipoDocumentoNome": "Aviso de Contratação Direta",
        "nome_real": [
            "Doc_Dispensa_02_2022.zip",
            "Aviso de Dispensa Eletronica.pdf",
            "Termo de Referencia Compra de Impressoras.pdf"
        ],
        "extensao_real": "zip"
    }
]