[
    {
        "uri": "https://pncp.gov.br/pncp-api/v1/orgaos/06125389000188/compras/2021/1/arquivos/1",
        "url": "https://pncp.gov.br/pncp-api/v1/orgaos/06125389000188/compras/2021/1/arquivos/1",
        "sequencialDocumento": 1,
        "dataPublicacaoPncp": "2021-11-30T16:42:44",
        "cnpj": "06125389000188",
        "anoCompra": 2021,
        "sequencialCompra": 1,
        "statusAtivo": true,
        "titulo": "TERMO DE REFERENCIA 0072021.pdf",
        "tipoDocumentoId": 2,
        "tipoDocumentoNome": "Edital",
        "tipoDocumentoDescricao": "Edital",
        "nome_real": [
            "TERMO DE REFERENCIA 0072021.pdf"
        ],
        "extensao_real": "pdf"
    },
    {
        "uri": "https://pncp.gov.br/pncp-api/v1/orgaos/06125389000188/compras/2021/1/arquivos/2",
        "url": "https://pncp.gov.br/pncp-api/v1/orgaos/06125389000188/compras/2021/1/arquivos/2",
        "sequencialDocumento": 2,
        "dataPublicacaoPncp": "2021-12-09T09:50:08",
        "cnpj": "06125389000188",
        "anoCompra": 2021,
        "sequencialCompra": 1,
        "statusAtivo": true,
        "titulo": "AtaTotal_165560.pdf",
        "tipoDocumentoId": 16,
        "tipoDocumentoNome": "Outros Documentos",
        "tipoDocumentoDescricao": "Outros Documentos",
        "nome_real": [
            "AtaTotal_165560.pdf"
        ],
        "extensao_real": "pdf"
    }
]