[
    {
        "uri": "https://pncp.gov.br/pncp-api/v1/orgaos/00394502000144/compras/2021/24/arquivos/1",
        "url": "https://pncp.gov.br/pncp-api/v1/orgaos/00394502000144/compras/2021/24/arquivos/1",
        "sequencialDocumento": 1,
        "dataPublicacaoPncp": "2021-08-18T07:00:16",
        "cnpj": "00394502000144",
        "anoCompra": 2021,
        "sequencialCompra": 24,
        "statusAtivo": true,
        "tipoDocumentoNome": "Aviso de Contratação Direta",
        "titulo": "PROJETOBASICOCONFORTO",
        "tipoDocumentoId": 1,
        "tipoDocumentoDescricao": "Aviso de Contratação Direta",
        "nome_real": [
            "PROJETOBASICOCONFORTO.pdf"
        ],
        "extensao_real": "pdf"
    }
]