[
    {
        "uri": "https://pncp.gov.br/pncp-api/v1/orgaos/00394452000103/compras/2021/2422/arquivos/1",
        "url": "https://pncp.gov.br/pncp-api/v1/orgaos/00394452000103/compras/2021/2422/arquivos/1",
        "sequencialDocumento": 1,
        "dataPublicacaoPncp": "2021-12-16T07:01:16",
        "cnpj": "00394452000103",
        "anoCompra": 2021,
        "sequencialCompra": 2422,
        "statusAtivo": true,
        "titulo": "164636",
        "tipoDocumentoNome": "Aviso de Contratação Direta",
        "tipoDocumentoDescricao": "Aviso de Contratação Direta",
        "tipoDocumentoId": 1,
        "nome_real": [
            "164636.PDF"
        ],
        "extensao_real": "PDF"
    }
]