[
    {
        "uri": "https://pncp.gov.br/pncp-api/v1/orgaos/00394452000103/compras/2021/1109/arquivos/1",
        "url": "https://pncp.gov.br/pncp-api/v1/orgaos/00394452000103/compras/2021/1109/arquivos/1",
        "sequencialDocumento": 1,
        "dataPublicacaoPncp": "2021-10-19T14:31:41",
        "cnpj": "00394452000103",
        "anoCompra": 2021,
        "sequencialCompra": 1109,
        "statusAtivo": true,
        "titulo": "ComprasNet",
        "tipoDocumentoId": 1,
        "tipoDocumentoNome": "Aviso de Contratação Direta",
        "tipoDocumentoDescricao": "Aviso de Contratação Direta",
        "nome_real": [
            "ComprasNet.pdf"
        ],
        "extensao_real": "pdf"
    }
]