[
    {
        "uri": "https://pncp.gov.br/pncp-api/v1/orgaos/03101148000100/compras/2021/1/arquivos/1",
        "url": "https://pncp.gov.br/pncp-api/v1/orgaos/03101148000100/compras/2021/1/arquivos/1",
        "sequencialDocumento": 1,
        "dataPublicacaoPncp": "2021-11-24T07:00:18",
        "cnpj": "03101148000100",
        "anoCompra": 2021,
        "sequencialCompra": 1,
        "statusAtivo": true,
        "titulo": "Termo de Referencia - Material de Informatica",
        "tipoDocumentoId": 1,
        "tipoDocumentoDescricao": "Aviso de Contratação Direta",
        "tipoDocumentoNome": "Aviso de Contratação Direta",
        "nome_real": [
            "Termo de Referencia - Material de Informatica.pdf"
        ],
        "extensao_real": "pdf"
    }
]