[
    {
        "uri": "https://pncp.gov.br/pncp-api/v1/orgaos/10651417000178/compras/2022/4/arquivos/1",
        "url": "https://pncp.gov.br/pncp-api/v1/orgaos/10651417000178/compras/2022/4/arquivos/1",
        "sequencialDocumento": 1,
        "dataPublicacaoPncp": "2022-02-24T13:35:04",
        "cnpj": "10651417000178",
        "anoCompra": 2022,
        "sequencialCompra": 4,
        "statusAtivo": true,
        "titulo": "Aviso de Dispensa Eletronica 11-2022",
        "tipoDocumentoDescricao": "Aviso de Contratação Direta",
        "tipoDocumentoId": 1,
        "tipoDocumentoNome": "Aviso de Contratação Direta",
        "nome_real": [
            "Aviso de Dispensa Eletronica 11-2022.pdf"
        ],
        "extensao_real": "pdf"
    }
]