[
    {
        "uri": "https://pncp.gov.br/pncp-api/v1/orgaos/00508903000188/compras/2021/9/arquivos/1",
        "url": "https://pncp.gov.br/pncp-api/v1/orgaos/00508903000188/compras/2021/9/arquivos/1",
        "sequencialDocumento": 1,
        "dataPublicacaoPncp": "2021-12-09T07:00:15",
        "cnpj": "00508903000188",
        "anoCompra": 2021,
        "sequencialCompra": 9,
        "statusAtivo": true,
        "titulo": "SEI_2465897_Termo_de_Referencia-08-12-2021",
        "tipoDocumentoId": 1,
        "tipoDocumentoDescricao": "Aviso de Contratação Direta",
        "tipoDocumentoNome": "Aviso de Contratação Direta",
        "nome_real": [
            "SEI_2465897_Termo_de_Referencia-08-12-2021.pdf"
        ],
        "extensao_real": "pdf"
    }
]