[
    {
        "uri": "https://pncp.gov.br/pncp-api/v1/orgaos/00394460000141/compras/2021/156/arquivos/1",
        "url": "https://pncp.gov.br/pncp-api/v1/orgaos/00394460000141/compras/2021/156/arquivos/1",
        "sequencialDocumento": 1,
        "dataPublicacaoPncp": "2021-12-03T07:00:53",
        "cnpj": "00394460000141",
        "anoCompra": 2021,
        "sequencialCompra": 156,
        "statusAtivo": true,
        "tipoDocumentoId": 1,
        "tipoDocumentoDescricao": "Aviso de Contratação Direta",
        "titulo": "N 56.2021 - Estofamento Sofa DRF Recife",
        "tipoDocumentoNome": "Aviso de Contratação Direta",
        "nome_real": [
            "N 56.2021 - Estofamento Sofa DRF Recife.zip",
            "1. Aviso de Dispensa eletrônica.docx",
            "2. Projeto Básico.docx",
            "3. Anexo - fotos.pdf"
        ],
        "extensao_real": "zip"
    }
]