[
    {
        "uri": "https://pncp.gov.br/pncp-api/v1/orgaos/00394452000103/compras/2021/1677/arquivos/1",
        "url": "https://pncp.gov.br/pncp-api/v1/orgaos/00394452000103/compras/2021/1677/arquivos/1",
        "sequencialDocumento": 1,
        "dataPublicacaoPncp": "2021-11-12T09:43:44",
        "cnpj": "00394452000103",
        "anoCompra": 2021,
        "sequencialCompra": 1677,
        "statusAtivo": true,
        "titulo": "Aviso de Dispensa - PA 109-2021 DI 122 - Reforma Bens Moveis",
        "tipoDocumentoDescricao": "Aviso de Contratação Direta",
        "tipoDocumentoId": 1,
        "tipoDocumentoNome": "Aviso de Contratação Direta",
        "nome_real": [
            "Aviso de Dispensa - PA 109-2021 DI 122 - Reforma Bens Moveis.pdf"
        ],
        "extensao_real": "pdf"
    }
]