[
    {
        "uri": "https://pncp.gov.br/pncp-api/v1/orgaos/33663683000116/compras/2021/115/arquivos/1",
        "url": "https://pncp.gov.br/pncp-api/v1/orgaos/33663683000116/compras/2021/115/arquivos/1",
        "sequencialDocumento": 1,
        "dataPublicacaoPncp": "2021-11-19T07:01:01",
        "cnpj": "33663683000116",
        "anoCompra": 2021,
        "sequencialCompra": 115,
        "statusAtivo": true,
        "titulo": "Aviso_de_Dispensa_43-2021",
        "tipoDocumentoId": 1,
        "tipoDocumentoDescricao": "Aviso de Contratação Direta",
        "tipoDocumentoNome": "Aviso de Contratação Direta",
        "nome_real": [
            "Aviso_de_Dispensa_43-2021.pdf"
        ],
        "extensao_real": "pdf"
    }
]