[
    {
        "uri": "https://pncp.gov.br/pncp-api/v1/orgaos/10784782000150/compras/2022/19/arquivos/1",
        "url": "https://pncp.gov.br/pncp-api/v1/orgaos/10784782000150/compras/2022/19/arquivos/1",
        "sequencialDocumento": 1,
        "dataPublicacaoPncp": "2022-02-24T09:55:48",
        "cnpj": "10784782000150",
        "anoCompra": 2022,
        "sequencialCompra": 19,
        "statusAtivo": true,
        "tipoDocumentoId": 1,
        "tipoDocumentoDescricao": "Aviso de Contratação Direta",
        "titulo": "Aviso de dispensa e TR",
        "tipoDocumentoNome": "Aviso de Contratação Direta",
        "nome_real": [
            "Aviso de dispensa e TR.pdf"
        ],
        "extensao_real": "pdf"
    }
]