[
    {
        "uri": "https://pncp.gov.br/pncp-api/v1/orgaos/00394452000103/compras/2021/910/arquivos/1",
        "url": "https://pncp.gov.br/pncp-api/v1/orgaos/00394452000103/compras/2021/910/arquivos/1",
        "sequencialDocumento": 1,
        "dataPublicacaoPncp": "2021-10-07T07:01:43",
        "cnpj": "00394452000103",
        "anoCompra": 2021,
        "sequencialCompra": 910,
        "statusAtivo": true,
        "tipoDocumentoId": 1,
        "tipoDocumentoDescricao": "Aviso de Contratação Direta",
        "titulo": "Aviso da despensa 180 - Vergalhao",
        "tipoDocumentoNome": "Aviso de Contratação Direta",
        "nome_real": [
            "Aviso da despensa 180 - Vergalhao.pdf"
        ],
        "extensao_real": "pdf"
    }
]