[
    {
        "uri": "https://pncp.gov.br/pncp-api/v1/orgaos/00394452000103/compras/2021/1114/arquivos/1",
        "url": "https://pncp.gov.br/pncp-api/v1/orgaos/00394452000103/compras/2021/1114/arquivos/1",
        "sequencialDocumento": 1,
        "dataPublicacaoPncp": "2021-10-20T16:13:01",
        "cnpj": "00394452000103",
        "anoCompra": 2021,
        "sequencialCompra": 1114,
        "statusAtivo": true,
        "titulo": "Aviso de Dispensa Eletronica n 582021",
        "tipoDocumentoId": 1,
        "tipoDocumentoDescricao": "Aviso de Contratação Direta",
        "tipoDocumentoNome": "Aviso de Contratação Direta",
        "nome_real": [
            "Aviso de Dispensa Eletronica n 582021.pdf"
        ],
        "extensao_real": "pdf"
    }
]