[
    {
        "uri": "https://pncp.gov.br/pncp-api/v1/orgaos/00394452000103/compras/2022/417/arquivos/1",
        "url": "https://pncp.gov.br/pncp-api/v1/orgaos/00394452000103/compras/2022/417/arquivos/1",
        "sequencialDocumento": 1,
        "dataPublicacaoPncp": "2022-02-25T10:26:26",
        "cnpj": "00394452000103",
        "anoCompra": 2022,
        "sequencialCompra": 417,
        "statusAtivo": true,
        "titulo": "AVISO DE DISPENSA ELETRONICA 014-2022-ESA",
        "tipoDocumentoId": 1,
        "tipoDocumentoNome": "Aviso de Contratação Direta",
        "tipoDocumentoDescricao": "Aviso de Contratação Direta",
        "nome_real": [
            "AVISO DE DISPENSA ELETRONICA 014-2022-ESA.rar"
        ],
        "extensao_real": "rar"
    }
]