[
    {
        "uri": "https://pncp.gov.br/pncp-api/v1/orgaos/00399857000126/compras/2021/8/arquivos/1",
        "url": "https://pncp.gov.br/pncp-api/v1/orgaos/00399857000126/compras/2021/8/arquivos/1",
        "sequencialDocumento": 1,
        "dataPublicacaoPncp": "2021-10-04T07:00:41",
        "cnpj": "00399857000126",
        "anoCompra": 2021,
        "sequencialCompra": 8,
        "statusAtivo": true,
        "titulo": "Observacao Pasta Suspensa",
        "tipoDocumentoId": 1,
        "tipoDocumentoNome": "Aviso de Contratação Direta",
        "tipoDocumentoDescricao": "Aviso de Contratação Direta",
        "nome_real": [
            "Observacao Pasta Suspensa.docx"
        ],
        "extensao_real": "docx"
    }
]