[
    {
        "uri": "https://pncp.gov.br/pncp-api/v1/orgaos/00394502000144/compras/2022/83/arquivos/1",
        "url": "https://pncp.gov.br/pncp-api/v1/orgaos/00394502000144/compras/2022/83/arquivos/1",
        "sequencialDocumento": 1,
        "dataPublicacaoPncp": "2022-02-11T11:34:24",
        "cnpj": "00394502000144",
        "anoCompra": 2022,
        "sequencialCompra": 83,
        "statusAtivo": true,
        "titulo": "Anexos Dispensa Eletronica",
        "tipoDocumentoDescricao": "Aviso de Contratação Direta",
        "tipoDocumentoId": 1,
        "tipoDocumentoNome": "Aviso de Contratação Direta",
        "nome_real": [
            "Anexos Dispensa Eletronica.zip",
            "Anexos Dispensa Eletrônica/",
            "Anexos Dispensa Eletrônica/Orçamentos/",
            "Anexos Dispensa Eletrônica/Orçamentos/Orçamentos.pdf",
            "Anexos Dispensa Eletrônica/Termo Circusntanciado/",
            "Anexos Dispensa Eletrônica/Termo Circusntanciado/Termo Circunstanciado.pdf"
        ],
        "extensao_real": "zip"
    }
]