[
    {
        "uri": "https://pncp.gov.br/pncp-api/v1/orgaos/87934675000196/compras/2021/34/arquivos/1",
        "url": "https://pncp.gov.br/pncp-api/v1/orgaos/87934675000196/compras/2021/34/arquivos/1",
        "sequencialDocumento": 1,
        "dataPublicacaoPncp": "2021-12-01T07:00:57",
        "cnpj": "87934675000196",
        "anoCompra": 2021,
        "sequencialCompra": 34,
        "statusAtivo": true,
        "titulo": "30 Poste",
        "tipoDocumentoId": 1,
        "tipoDocumentoNome": "Aviso de Contratação Direta",
        "tipoDocumentoDescricao": "Aviso de Contratação Direta",
        "nome_real": [
            "30 Poste.pdf"
        ],
        "extensao_real": "pdf"
    }
]