[
    {
        "uri": "https://pncp.gov.br/pncp-api/v1/orgaos/00394452000103/compras/2021/752/arquivos/1",
        "url": "https://pncp.gov.br/pncp-api/v1/orgaos/00394452000103/compras/2021/752/arquivos/1",
        "sequencialDocumento": 1,
        "dataPublicacaoPncp": "2021-09-30T07:00:49",
        "cnpj": "00394452000103",
        "anoCompra": 2021,
        "sequencialCompra": 752,
        "statusAtivo": true,
        "titulo": "Pano Multiuso Disp 112",
        "tipoDocumentoDescricao": "Aviso de Contratação Direta",
        "tipoDocumentoId": 1,
        "tipoDocumentoNome": "Aviso de Contratação Direta",
        "nome_real": [
            "Pano Multiuso Disp 112.rar"
        ],
        "extensao_real": "rar"
    }
]