[
    {
        "uri": "https://pncp.gov.br/pncp-api/v1/orgaos/01263896000164/compras/2021/197/arquivos/1",
        "url": "https://pncp.gov.br/pncp-api/v1/orgaos/01263896000164/compras/2021/197/arquivos/1",
        "sequencialDocumento": 1,
        "dataPublicacaoPncp": "2021-12-20T14:29:28",
        "cnpj": "01263896000164",
        "anoCompra": 2021,
        "sequencialCompra": 197,
        "statusAtivo": true,
        "tipoDocumentoId": 1,
        "tipoDocumentoDescricao": "Aviso de Contratação Direta",
        "titulo": "RM COTEC AR CONDICIONADO",
        "tipoDocumentoNome": "Aviso de Contratação Direta",
        "nome_real": [
            "RM COTEC AR CONDICIONADO.PDF"
        ],
        "extensao_real": "PDF"
    }
]