[
    {
        "uri": "https://pncp.gov.br/pncp-api/v1/orgaos/00394429000100/compras/2021/50/arquivos/1",
        "url": "https://pncp.gov.br/pncp-api/v1/orgaos/00394429000100/compras/2021/50/arquivos/1",
        "sequencialDocumento": 1,
        "dataPublicacaoPncp": "2021-10-04T07:01:06",
        "cnpj": "00394429000100",
        "anoCompra": 2021,
        "sequencialCompra": 50,
        "statusAtivo": true,
        "titulo": "Aviso de Dispensa Eletronica + Projeto Basico",
        "tipoDocumentoId": 1,
        "tipoDocumentoNome": "Aviso de Contratação Direta",
        "tipoDocumentoDescricao": "Aviso de Contratação Direta",
        "nome_real": [
            "Aviso de Dispensa Eletronica + Projeto Basico.pdf"
        ],
        "extensao_real": "pdf"
    }
]