[
    {
        "uri": "https://pncp.gov.br/pncp-api/v1/orgaos/00394445000101/compras/2021/10/arquivos/1",
        "url": "https://pncp.gov.br/pncp-api/v1/orgaos/00394445000101/compras/2021/10/arquivos/1",
        "sequencialDocumento": 1,
        "dataPublicacaoPncp": "2021-11-11T07:00:55",
        "cnpj": "00394445000101",
        "anoCompra": 2021,
        "sequencialCompra": 10,
        "statusAtivo": true,
        "titulo": "Aviso de Dispensa Eletronica 15.2021 e seus anexos",
        "tipoDocumentoNome": "Aviso de Contratação Direta",
        "tipoDocumentoDescricao": "Aviso de Contratação Direta",
        "tipoDocumentoId": 1,
        "nome_real": [
            "Aviso de Dispensa Eletronica 15.2021 e seus anexos.pdf"
        ],
        "extensao_real": "pdf"
    }
]