[
    {
        "uri": "https://pncp.gov.br/pncp-api/v1/orgaos/01263896000164/compras/2021/39/arquivos/1",
        "url": "https://pncp.gov.br/pncp-api/v1/orgaos/01263896000164/compras/2021/39/arquivos/1",
        "sequencialDocumento": 1,
        "dataPublicacaoPncp": "2021-10-28T07:01:27",
        "cnpj": "01263896000164",
        "anoCompra": 2021,
        "sequencialCompra": 39,
        "statusAtivo": true,
        "titulo": "PROJETO BASICO 114",
        "tipoDocumentoNome": "Aviso de Contratação Direta",
        "tipoDocumentoDescricao": "Aviso de Contratação Direta",
        "tipoDocumentoId": 1,
        "nome_real": [
            "PROJETO BASICO 114.zip",
            "EDITAL 114.pdf",
            "PROJETO B╡SICO 114.pdf"
        ],
        "extensao_real": "zip"
    }
]