[
    {
        "uri": "https://pncp.gov.br/pncp-api/v1/orgaos/18715615000160/compras/2022/6/arquivos/1",
        "url": "https://pncp.gov.br/pncp-api/v1/orgaos/18715615000160/compras/2022/6/arquivos/1",
        "sequencialDocumento": 1,
        "dataPublicacaoPncp": "2022-01-25T17:23:25",
        "cnpj": "18715615000160",
        "anoCompra": 2022,
        "sequencialCompra": 6,
        "statusAtivo": true,
        "titulo": "Termo de Referencia - Disp Elet 014-2022",
        "tipoDocumentoId": 1,
        "tipoDocumentoDescricao": "Aviso de Contratação Direta",
        "tipoDocumentoNome": "Aviso de Contratação Direta",
        "nome_real": [
            "Termo de Referencia - Disp Elet 014-2022.pdf"
        ],
        "extensao_real": "pdf"
    }
]