[
    {
        "uri": "https://pncp.gov.br/pncp-api/v1/orgaos/10727655000110/compras/2021/2/arquivos/1",
        "url": "https://pncp.gov.br/pncp-api/v1/orgaos/10727655000110/compras/2021/2/arquivos/1",
        "sequencialDocumento": 1,
        "dataPublicacaoPncp": "2021-12-23T07:00:34",
        "cnpj": "10727655000110",
        "anoCompra": 2021,
        "sequencialCompra": 2,
        "statusAtivo": true,
        "tipoDocumentoId": 1,
        "tipoDocumentoDescricao": "Aviso de Contratação Direta",
        "titulo": "SEI_23395.001279_2021_91",
        "tipoDocumentoNome": "Aviso de Contratação Direta",
        "nome_real": [
            "SEI_23395.001279_2021_91.zip",
            "[1]-1058062_Aviso_de_Dispensa_Eletronica.html",
            "[2]-1045522_TIC___Termo_de_Referencia_ou_Projeto_Basico.html"
        ],
        "extensao_real": "zip"
    }
]