[
    {
        "uri": "https://pncp.gov.br/pncp-api/v1/orgaos/04898488000177/compras/2021/31/arquivos/1",
        "url": "https://pncp.gov.br/pncp-api/v1/orgaos/04898488000177/compras/2021/31/arquivos/1",
        "sequencialDocumento": 1,
        "dataPublicacaoPncp": "2021-12-20T07:00:33",
        "cnpj": "04898488000177",
        "anoCompra": 2021,
        "sequencialCompra": 31,
        "statusAtivo": true,
        "titulo": "PB higienizacao toalhas de mesa",
        "tipoDocumentoId": 1,
        "tipoDocumentoNome": "Aviso de Contratação Direta",
        "tipoDocumentoDescricao": "Aviso de Contratação Direta",
        "nome_real": [
            "PB higienizacao toalhas de mesa.pdf"
        ],
        "extensao_real": "pdf"
    }
]