[
    {
        "uri": "https://pncp.gov.br/pncp-api/v1/orgaos/00394460000141/compras/2022/24/arquivos/1",
        "url": "https://pncp.gov.br/pncp-api/v1/orgaos/00394460000141/compras/2022/24/arquivos/1",
        "sequencialDocumento": 1,
        "dataPublicacaoPncp": "2022-02-04T16:07:42",
        "cnpj": "00394460000141",
        "anoCompra": 2022,
        "sequencialCompra": 24,
        "statusAtivo": true,
        "titulo": "10 Cabos canil",
        "tipoDocumentoNome": "Aviso de Contratação Direta",
        "tipoDocumentoDescricao": "Aviso de Contratação Direta",
        "tipoDocumentoId": 1,
        "nome_real": [
            "10 Cabos canil.zip",
            "Ofício Remark.pdf",
            "Orçamento sintético.xlsx",
            "Termo de Referência.doc"
        ],
        "extensao_real": "zip"
    }
]