[
    {
        "uri": "https://pncp.gov.br/pncp-api/v1/orgaos/33663683000116/compras/2022/11/arquivos/1",
        "url": "https://pncp.gov.br/pncp-api/v1/orgaos/33663683000116/compras/2022/11/arquivos/1",
        "sequencialDocumento": 1,
        "dataPublicacaoPncp": "2022-02-07T12:48:18",
        "cnpj": "33663683000116",
        "anoCompra": 2022,
        "sequencialCompra": 11,
        "statusAtivo": true,
        "titulo": "AVISO E TR",
        "tipoDocumentoId": 1,
        "tipoDocumentoNome": "Aviso de Contratação Direta",
        "tipoDocumentoDescricao": "Aviso de Contratação Direta",
        "nome_real": [
            "AVISO E TR.pdf"
        ],
        "extensao_real": "pdf"
    }
]