[
    {
        "uri": "https://pncp.gov.br/pncp-api/v1/orgaos/17217985000104/compras/2021/151/arquivos/1",
        "url": "https://pncp.gov.br/pncp-api/v1/orgaos/17217985000104/compras/2021/151/arquivos/1",
        "sequencialDocumento": 1,
        "dataPublicacaoPncp": "2021-11-22T07:01:19",
        "cnpj": "17217985000104",
        "anoCompra": 2021,
        "sequencialCompra": 151,
        "statusAtivo": true,
        "tipoDocumentoId": 1,
        "tipoDocumentoDescricao": "Aviso de Contratação Direta",
        "titulo": "INSTRUCOES GERAIS + TERMO - DiE 63.2021",
        "tipoDocumentoNome": "Aviso de Contratação Direta",
        "nome_real": [
            "INSTRUCOES GERAIS + TERMO - DiE 63.2021.pdf"
        ],
        "extensao_real": "pdf"
    }
]