[
    {
        "uri": "https://pncp.gov.br/pncp-api/v1/orgaos/00394429000100/compras/2022/17/arquivos/1",
        "url": "https://pncp.gov.br/pncp-api/v1/orgaos/00394429000100/compras/2022/17/arquivos/1",
        "sequencialDocumento": 1,
        "dataPublicacaoPncp": "2022-01-25T10:11:07",
        "cnpj": "00394429000100",
        "anoCompra": 2022,
        "sequencialCompra": 17,
        "statusAtivo": true,
        "tipoDocumentoId": 1,
        "tipoDocumentoDescricao": "Aviso de Contratação Direta",
        "titulo": "Aviso de Dispensa Eletronica n001_2022_Publicado",
        "tipoDocumentoNome": "Aviso de Contratação Direta",
        "nome_real": [
            "Aviso de Dispensa Eletronica n001_2022_Publicado.pdf"
        ],
        "extensao_real": "pdf"
    }
]