[
    {
        "uri": "https://pncp.gov.br/pncp-api/v1/orgaos/26989350000116/compras/2022/9/arquivos/1",
        "url": "https://pncp.gov.br/pncp-api/v1/orgaos/26989350000116/compras/2022/9/arquivos/1",
        "sequencialDocumento": 1,
        "dataPublicacaoPncp": "2022-03-02T15:56:18",
        "cnpj": "26989350000116",
        "anoCompra": 2022,
        "sequencialCompra": 9,
        "statusAtivo": true,
        "titulo": "SEI_FUNASA - 3601024 - Projeto Basico",
        "tipoDocumentoId": 1,
        "tipoDocumentoNome": "Aviso de Contratação Direta",
        "tipoDocumentoDescricao": "Aviso de Contratação Direta",
        "nome_real": [
            "SEI_FUNASA - 3601024 - Projeto Basico.pdf"
        ],
        "extensao_real": "pdf"
    }
]