[
    {
        "uri": "https://pncp.gov.br/pncp-api/v1/orgaos/35834377000120/compras/2021/31/arquivos/1",
        "url": "https://pncp.gov.br/pncp-api/v1/orgaos/35834377000120/compras/2021/31/arquivos/1",
        "sequencialDocumento": 1,
        "dataPublicacaoPncp": "2021-11-10T07:02:13",
        "cnpj": "35834377000120",
        "anoCompra": 2021,
        "sequencialCompra": 31,
        "statusAtivo": true,
        "titulo": "Aviso 32542021",
        "tipoDocumentoId": 1,
        "tipoDocumentoDescricao": "Aviso de Contratação Direta",
        "tipoDocumentoNome": "Aviso de Contratação Direta",
        "nome_real": [
            "Aviso 32542021.pdf"
        ],
        "extensao_real": "pdf"
    }
]