[
    {
        "uri": "https://pncp.gov.br/pncp-api/v1/orgaos/10651417000178/compras/2021/62/arquivos/1",
        "url": "https://pncp.gov.br/pncp-api/v1/orgaos/10651417000178/compras/2021/62/arquivos/1",
        "sequencialDocumento": 1,
        "dataPublicacaoPncp": "2021-12-02T07:01:24",
        "cnpj": "10651417000178",
        "anoCompra": 2021,
        "sequencialCompra": 62,
        "statusAtivo": true,
        "titulo": "Aviso de Dispensa Eletronica 168-2021",
        "tipoDocumentoDescricao": "Aviso de Contratação Direta",
        "tipoDocumentoId": 1,
        "tipoDocumentoNome": "Aviso de Contratação Direta",
        "nome_real": [
            "Aviso de Dispensa Eletronica 168-2021.pdf"
        ],
        "extensao_real": "pdf"
    }
]