[
    {
        "uri": "https://pncp.gov.br/pncp-api/v1/orgaos/17217985000104/compras/2021/135/arquivos/1",
        "url": "https://pncp.gov.br/pncp-api/v1/orgaos/17217985000104/compras/2021/135/arquivos/1",
        "sequencialDocumento": 1,
        "dataPublicacaoPncp": "2021-11-19T07:00:48",
        "cnpj": "17217985000104",
        "anoCompra": 2021,
        "sequencialCompra": 135,
        "statusAtivo": true,
        "titulo": "Termo_de_referencia___instalacao_de_ar_condicionado_sala_314",
        "tipoDocumentoId": 1,
        "tipoDocumentoNome": "Aviso de Contratação Direta",
        "tipoDocumentoDescricao": "Aviso de Contratação Direta",
        "nome_real": [
            "Termo_de_referencia___instalacao_de_ar_condicionado_sala_314.pdf"
        ],
        "extensao_real": "pdf"
    }
]