[
    {
        "uri": "https://pncp.gov.br/pncp-api/v1/orgaos/00394494010441/compras/2021/26/arquivos/1",
        "url": "https://pncp.gov.br/pncp-api/v1/orgaos/00394494010441/compras/2021/26/arquivos/1",
        "sequencialDocumento": 1,
        "dataPublicacaoPncp": "2021-11-03T07:00:22",
        "cnpj": "00394494010441",
        "anoCompra": 2021,
        "sequencialCompra": 26,
        "statusAtivo": true,
        "titulo": "SEI_PRF - 36341869 - Termo de Referencia",
        "tipoDocumentoId": 1,
        "tipoDocumentoDescricao": "Aviso de Contratação Direta",
        "tipoDocumentoNome": "Aviso de Contratação Direta",
        "nome_real": [
            "SEI_PRF - 36341869 - Termo de Referencia.pdf"
        ],
        "extensao_real": "pdf"
    }
]