[
    {
        "uri": "https://pncp.gov.br/pncp-api/v1/orgaos/17217985000104/compras/2021/22/arquivos/1",
        "url": "https://pncp.gov.br/pncp-api/v1/orgaos/17217985000104/compras/2021/22/arquivos/1",
        "sequencialDocumento": 1,
        "dataPublicacaoPncp": "2021-09-10T07:03:56",
        "cnpj": "17217985000104",
        "anoCompra": 2021,
        "sequencialCompra": 22,
        "statusAtivo": true,
        "tipoDocumentoNome": "Aviso de Contratação Direta",
        "titulo": "Termo de Referencia Compras",
        "tipoDocumentoId": 1,
        "tipoDocumentoDescricao": "Aviso de Contratação Direta",
        "nome_real": [
            "Termo de Referencia Compras.pdf"
        ],
        "extensao_real": "pdf"
    }
]