[
    {
        "uri": "https://pncp.gov.br/pncp-api/v1/orgaos/10764307000112/compras/2021/14/arquivos/1",
        "url": "https://pncp.gov.br/pncp-api/v1/orgaos/10764307000112/compras/2021/14/arquivos/1",
        "sequencialDocumento": 1,
        "dataPublicacaoPncp": "2021-10-15T07:00:19",
        "cnpj": "10764307000112",
        "anoCompra": 2021,
        "sequencialCompra": 14,
        "statusAtivo": true,
        "titulo": "AVISO DE DISPENSA ELETRONICA N002_2021",
        "tipoDocumentoDescricao": "Aviso de Contratação Direta",
        "tipoDocumentoId": 1,
        "tipoDocumentoNome": "Aviso de Contratação Direta",
        "nome_real": [
            "AVISO DE DISPENSA ELETRONICA N002_2021.pdf"
        ],
        "extensao_real": "pdf"
    }
]