[
    {
        "uri": "https://pncp.gov.br/pncp-api/v1/orgaos/00394452000103/compras/2022/421/arquivos/1",
        "url": "https://pncp.gov.br/pncp-api/v1/orgaos/00394452000103/compras/2022/421/arquivos/1",
        "sequencialDocumento": 1,
        "dataPublicacaoPncp": "2022-02-25T11:25:09",
        "cnpj": "00394452000103",
        "anoCompra": 2022,
        "sequencialCompra": 421,
        "statusAtivo": true,
        "titulo": "06. Aviso de Dispensa Eletronica Mnt Ar Cond",
        "tipoDocumentoNome": "Aviso de Contratação Direta",
        "tipoDocumentoDescricao": "Aviso de Contratação Direta",
        "tipoDocumentoId": 1,
        "nome_real": [
            "06. Aviso de Dispensa Eletronica Mnt Ar Cond.pdf"
        ],
        "extensao_real": "pdf"
    }
]