[
    {
        "uri": "https://pncp.gov.br/pncp-api/v1/orgaos/00394452000103/compras/2021/1132/arquivos/1",
        "url": "https://pncp.gov.br/pncp-api/v1/orgaos/00394452000103/compras/2021/1132/arquivos/1",
        "sequencialDocumento": 1,
        "dataPublicacaoPncp": "2021-10-20T16:13:46",
        "cnpj": "00394452000103",
        "anoCompra": 2021,
        "sequencialCompra": 1132,
        "statusAtivo": true,
        "titulo": "DISPENSA Eletronica 606-2021",
        "tipoDocumentoDescricao": "Aviso de Contratação Direta",
        "tipoDocumentoId": 1,
        "tipoDocumentoNome": "Aviso de Contratação Direta",
        "nome_real": [
            "DISPENSA Eletronica 606-2021.rar"
        ],
        "extensao_real": "rar"
    }
]