[
    {
        "uri": "https://pncp.gov.br/pncp-api/v1/orgaos/00394452000103/compras/2021/928/arquivos/1",
        "url": "https://pncp.gov.br/pncp-api/v1/orgaos/00394452000103/compras/2021/928/arquivos/1",
        "sequencialDocumento": 1,
        "dataPublicacaoPncp": "2021-10-07T15:35:11",
        "cnpj": "00394452000103",
        "anoCompra": 2021,
        "sequencialCompra": 928,
        "statusAtivo": true,
        "tipoDocumentoId": 1,
        "tipoDocumentoDescricao": "Aviso de Contratação Direta",
        "titulo": "ComprasNet",
        "tipoDocumentoNome": "Aviso de Contratação Direta",
        "nome_real": [
            "ComprasNet.pdf"
        ],
        "extensao_real": "pdf"
    }
]