[
    {
        "uri": "https://pncp.gov.br/pncp-api/v1/orgaos/08761124000100/compras/2022/36/arquivos/1",
        "url": "https://pncp.gov.br/pncp-api/v1/orgaos/08761124000100/compras/2022/36/arquivos/1",
        "sequencialDocumento": 1,
        "dataPublicacaoPncp": "2022-03-07T09:09:40",
        "cnpj": "08761124000100",
        "anoCompra": 2022,
        "sequencialCompra": 36,
        "statusAtivo": true,
        "titulo": "ilovepdf_merged - 2022-03-05T104439.645",
        "tipoDocumentoDescricao": "Aviso de Contratação Direta",
        "tipoDocumentoId": 1,
        "tipoDocumentoNome": "Aviso de Contratação Direta",
        "nome_real": [
            "ilovepdf_merged - 2022-03-05T104439.645.pdf"
        ],
        "extensao_real": "pdf"
    }
]