[
    {
        "uri": "https://pncp.gov.br/pncp-api/v1/orgaos/17217985000104/compras/2021/131/arquivos/1",
        "url": "https://pncp.gov.br/pncp-api/v1/orgaos/17217985000104/compras/2021/131/arquivos/1",
        "sequencialDocumento": 1,
        "dataPublicacaoPncp": "2021-11-17T07:00:24",
        "cnpj": "17217985000104",
        "anoCompra": 2021,
        "sequencialCompra": 131,
        "statusAtivo": true,
        "titulo": "SEI_23072.258483_2021_24",
        "tipoDocumentoDescricao": "Aviso de Contratação Direta",
        "tipoDocumentoId": 1,
        "tipoDocumentoNome": "Aviso de Contratação Direta",
        "nome_real": [
            "SEI_23072.258483_2021_24.pdf"
        ],
        "extensao_real": "pdf"
    }
]