[
    {
        "uri": "https://pncp.gov.br/pncp-api/v1/orgaos/33663683000116/compras/2021/103/arquivos/1",
        "url": "https://pncp.gov.br/pncp-api/v1/orgaos/33663683000116/compras/2021/103/arquivos/1",
        "sequencialDocumento": 1,
        "dataPublicacaoPncp": "2021-11-16T07:01:07",
        "cnpj": "33663683000116",
        "anoCompra": 2021,
        "sequencialCompra": 103,
        "statusAtivo": true,
        "titulo": "TR..",
        "tipoDocumentoId": 1,
        "tipoDocumentoDescricao": "Aviso de Contratação Direta",
        "tipoDocumentoNome": "Aviso de Contratação Direta",
        "nome_real": [
            "TR...pdf"
        ],
        "extensao_real": "pdf"
    }
]