[
    {
        "uri": "https://pncp.gov.br/pncp-api/v1/orgaos/10735145000194/compras/2021/60/arquivos/1",
        "url": "https://pncp.gov.br/pncp-api/v1/orgaos/10735145000194/compras/2021/60/arquivos/1",
        "sequencialDocumento": 1,
        "dataPublicacaoPncp": "2021-12-15T07:00:11",
        "cnpj": "10735145000194",
        "anoCompra": 2021,
        "sequencialCompra": 60,
        "statusAtivo": true,
        "titulo": "Avisode Dispensa Eletronica",
        "tipoDocumentoId": 1,
        "tipoDocumentoNome": "Aviso de Contratação Direta",
        "tipoDocumentoDescricao": "Aviso de Contratação Direta",
        "nome_real": [
            "Avisode Dispensa Eletronica.pdf"
        ],
        "extensao_real": "pdf"
    }
]