[
    {
        "uri": "https://pncp.gov.br/pncp-api/v1/orgaos/00394429000100/compras/2022/55/arquivos/1",
        "url": "https://pncp.gov.br/pncp-api/v1/orgaos/00394429000100/compras/2022/55/arquivos/1",
        "sequencialDocumento": 1,
        "dataPublicacaoPncp": "2022-02-15T12:21:45",
        "cnpj": "00394429000100",
        "anoCompra": 2022,
        "sequencialCompra": 55,
        "statusAtivo": true,
        "titulo": "7 AVISO DISPENSA  E ANEXOS",
        "tipoDocumentoId": 1,
        "tipoDocumentoNome": "Aviso de Contratação Direta",
        "tipoDocumentoDescricao": "Aviso de Contratação Direta",
        "nome_real": [
            "7 AVISO DISPENSA  E ANEXOS.pdf"
        ],
        "extensao_real": "pdf"
    }
]