[
    {
        "uri": "https://pncp.gov.br/pncp-api/v1/orgaos/00394452000103/compras/2021/2495/arquivos/1",
        "url": "https://pncp.gov.br/pncp-api/v1/orgaos/00394452000103/compras/2021/2495/arquivos/1",
        "sequencialDocumento": 1,
        "dataPublicacaoPncp": "2021-12-27T07:00:25",
        "cnpj": "00394452000103",
        "anoCompra": 2021,
        "sequencialCompra": 2495,
        "statusAtivo": true,
        "titulo": "Dispensa de Licitacao (Eletonica) n 71-2021-CITEx",
        "tipoDocumentoNome": "Aviso de Contratação Direta",
        "tipoDocumentoDescricao": "Aviso de Contratação Direta",
        "tipoDocumentoId": 1,
        "nome_real": [
            "Dispensa de Licitacao (Eletonica) n 71-2021-CITEx.zip",
            "Dispensa de Licitaç╞o (Eletônica) nº 71-2021.pdf",
            "Modelo de Propsota de Preços - Anexo III.docx"
        ],
        "extensao_real": "zip"
    }
]