[
    {
        "uri": "https://pncp.gov.br/pncp-api/v1/orgaos/00394502000144/compras/2022/288/arquivos/1",
        "url": "https://pncp.gov.br/pncp-api/v1/orgaos/00394502000144/compras/2022/288/arquivos/1",
        "sequencialDocumento": 1,
        "dataPublicacaoPncp": "2022-03-09T15:19:54",
        "cnpj": "00394502000144",
        "anoCompra": 2022,
        "sequencialCompra": 288,
        "statusAtivo": true,
        "titulo": "servico de fornecimento de internet",
        "tipoDocumentoId": 1,
        "tipoDocumentoDescricao": "Aviso de Contratação Direta",
        "tipoDocumentoNome": "Aviso de Contratação Direta",
        "nome_real": [
            "servico de fornecimento de internet.pdf"
        ],
        "extensao_real": "pdf"
    }
]