[
    {
        "uri": "https://pncp.gov.br/pncp-api/v1/orgaos/00444232000139/compras/2021/3/arquivos/1",
        "url": "https://pncp.gov.br/pncp-api/v1/orgaos/00444232000139/compras/2021/3/arquivos/1",
        "sequencialDocumento": 1,
        "dataPublicacaoPncp": "2021-11-30T07:01:41",
        "cnpj": "00444232000139",
        "anoCompra": 2021,
        "sequencialCompra": 3,
        "statusAtivo": true,
        "titulo": "REFERENCIAS DE MERCADO - DL 00405",
        "tipoDocumentoId": 1,
        "tipoDocumentoNome": "Aviso de Contratação Direta",
        "tipoDocumentoDescricao": "Aviso de Contratação Direta",
        "nome_real": [
            "REFERENCIAS DE MERCADO - DL 00405.pdf"
        ],
        "extensao_real": "pdf"
    }
]