[
    {
        "uri": "https://pncp.gov.br/pncp-api/v1/orgaos/00402552000126/compras/2021/84/arquivos/1",
        "url": "https://pncp.gov.br/pncp-api/v1/orgaos/00402552000126/compras/2021/84/arquivos/1",
        "sequencialDocumento": 1,
        "dataPublicacaoPncp": "2021-12-06T07:01:37",
        "cnpj": "00402552000126",
        "anoCompra": 2021,
        "sequencialCompra": 84,
        "statusAtivo": true,
        "titulo": "Termo de Referencia",
        "tipoDocumentoDescricao": "Aviso de Contratação Direta",
        "tipoDocumentoId": 1,
        "tipoDocumentoNome": "Aviso de Contratação Direta",
        "nome_real": [
            "Termo de Referencia.pdf"
        ],
        "extensao_real": "pdf"
    }
]