[
    {
        "uri": "https://pncp.gov.br/pncp-api/v1/orgaos/03659166001931/compras/2021/1/arquivos/1",
        "url": "https://pncp.gov.br/pncp-api/v1/orgaos/03659166001931/compras/2021/1/arquivos/1",
        "sequencialDocumento": 1,
        "dataPublicacaoPncp": "2021-09-23T07:00:26",
        "cnpj": "03659166001931",
        "anoCompra": 2021,
        "sequencialCompra": 1,
        "statusAtivo": true,
        "tipoDocumentoId": 1,
        "tipoDocumentoDescricao": "Aviso de Contratação Direta",
        "titulo": "SEI_IBAMA - 10665579 - Termo de Referencia",
        "tipoDocumentoNome": "Aviso de Contratação Direta",
        "nome_real": [
            "SEI_IBAMA - 10665579 - Termo de Referencia.pdf"
        ],
        "extensao_real": "pdf"
    }
]