[
    {
        "uri": "https://pncp.gov.br/pncp-api/v1/orgaos/08761124000100/compras/2022/40/arquivos/1",
        "url": "https://pncp.gov.br/pncp-api/v1/orgaos/08761124000100/compras/2022/40/arquivos/1",
        "sequencialDocumento": 1,
        "dataPublicacaoPncp": "2022-03-08T16:33:15",
        "cnpj": "08761124000100",
        "anoCompra": 2022,
        "sequencialCompra": 40,
        "statusAtivo": true,
        "titulo": "ilovepdf_merged - 2022-03-08T162958.070",
        "tipoDocumentoDescricao": "Aviso de Contratação Direta",
        "tipoDocumentoId": 1,
        "tipoDocumentoNome": "Aviso de Contratação Direta",
        "nome_real": [
            "ilovepdf_merged - 2022-03-08T162958.070.pdf"
        ],
        "extensao_real": "pdf"
    }
]