[
    {
        "uri": "https://pncp.gov.br/pncp-api/v1/orgaos/01612319000130/compras/2021/5/arquivos/1",
        "url": "https://pncp.gov.br/pncp-api/v1/orgaos/01612319000130/compras/2021/5/arquivos/1",
        "sequencialDocumento": 1,
        "dataPublicacaoPncp": "2022-02-22T21:20:20",
        "cnpj": "01612319000130",
        "anoCompra": 2021,
        "sequencialCompra": 5,
        "statusAtivo": true,
        "titulo": "DISPENSA 018 CESTA MILAGRES DO MARANHÃO.pdf",
        "tipoDocumentoId": 2,
        "tipoDocumentoDescricao": "Edital",
        "tipoDocumentoNome": "Edital",
        "nome_real": [
            "DISPENSA 018 CESTA MILAGRES DO MARANHAO.pdf"
        ],
        "extensao_real": "pdf"
    }
]