[
    {
        "uri": "https://pncp.gov.br/pncp-api/v1/orgaos/16796575000100/compras/2024/19/arquivos/1",
        "url": "https://pncp.gov.br/pncp-api/v1/orgaos/16796575000100/compras/2024/19/arquivos/1",
        "sequencialDocumento": 1,
        "dataPublicacaoPncp": "2024-08-27T21:58:52",
        "cnpj": "16796575000100",
        "anoCompra": 2024,
        "sequencialCompra": 19,
        "statusAtivo": true,
        "tipoDocumentoNome": "Edital",
        "titulo": "EDITAL_DE_LICITACAO.PDF",
        "tipoDocumentoId": 2,
        "tipoDocumentoDescricao": "Edital",
        "nome_real": [
            "EDITAL_DE_LICITACAO.PDF"
        ],
        "extensao_real": "PDF"
    }
]