[
    {
        "uri": "https://pncp.gov.br/pncp-api/v1/orgaos/00394494000136/compras/2021/49/arquivos/1",
        "url": "https://pncp.gov.br/pncp-api/v1/orgaos/00394494000136/compras/2021/49/arquivos/1",
        "sequencialDocumento": 1,
        "dataPublicacaoPncp": "2021-11-05T07:01:02",
        "cnpj": "00394494000136",
        "anoCompra": 2021,
        "sequencialCompra": 49,
        "statusAtivo": true,
        "titulo": "Aviso de dispensa de licitacao",
        "tipoDocumentoDescricao": "Aviso de Contratação Direta",
        "tipoDocumentoId": 1,
        "tipoDocumentoNome": "Aviso de Contratação Direta",
        "nome_real": [
            "Aviso de dispensa de licitacao.pdf"
        ],
        "extensao_real": "pdf"
    }
]