[
    {
        "uri": "https://pncp.gov.br/pncp-api/v1/orgaos/18641263000145/compras/2022/2/arquivos/1",
        "url": "https://pncp.gov.br/pncp-api/v1/orgaos/18641263000145/compras/2022/2/arquivos/1",
        "sequencialDocumento": 1,
        "dataPublicacaoPncp": "2022-02-01T16:35:06",
        "cnpj": "18641263000145",
        "anoCompra": 2022,
        "sequencialCompra": 2,
        "statusAtivo": true,
        "titulo": "Aviso de Dispensa Eletronica e Projeto Basico",
        "tipoDocumentoDescricao": "Aviso de Contratação Direta",
        "tipoDocumentoId": 1,
        "tipoDocumentoNome": "Aviso de Contratação Direta",
        "nome_real": [
            "Aviso de Dispensa Eletronica e Projeto Basico.pdf"
        ],
        "extensao_real": "pdf"
    }
]