[
    {
        "uri": "https://pncp.gov.br/pncp-api/v1/orgaos/26994558000123/compras/2022/6/arquivos/1",
        "url": "https://pncp.gov.br/pncp-api/v1/orgaos/26994558000123/compras/2022/6/arquivos/1",
        "sequencialDocumento": 1,
        "dataPublicacaoPncp": "2022-02-25T16:07:29",
        "cnpj": "26994558000123",
        "anoCompra": 2022,
        "sequencialCompra": 6,
        "statusAtivo": true,
        "titulo": "Aviso de Dispensa Eletronica 002-2022 e anexos",
        "tipoDocumentoId": 1,
        "tipoDocumentoDescricao": "Aviso de Contratação Direta",
        "tipoDocumentoNome": "Aviso de Contratação Direta",
        "nome_real": [
            "Aviso de Dispensa Eletronica 002-2022 e anexos.zip",
            "Anexo II - PROJETO B╡SICO - ADEQUAÇσES DIVINαPOLIS.pdf",
            "ANEXO III - Planilha de Custos e Formaç╞o de Preços.pdf",
            "Anexo IV - Modelo de proposta.pdf",
            "Minuta Aviso de Dispensa Eletronica 002-2022.pdf"
        ],
        "extensao_real": "zip"
    }
]