[
    {
        "uri": "https://pncp.gov.br/pncp-api/v1/orgaos/40176679000199/compras/2021/6/arquivos/1",
        "url": "https://pncp.gov.br/pncp-api/v1/orgaos/40176679000199/compras/2021/6/arquivos/1",
        "sequencialDocumento": 1,
        "dataPublicacaoPncp": "2021-09-20T07:00:29",
        "cnpj": "40176679000199",
        "anoCompra": 2021,
        "sequencialCompra": 6,
        "statusAtivo": true,
        "titulo": "Termo de Referencia servico grafico",
        "tipoDocumentoId": 1,
        "tipoDocumentoNome": "Aviso de Contratação Direta",
        "tipoDocumentoDescricao": "Aviso de Contratação Direta",
        "nome_real": [
            "Termo de Referencia servico grafico.pdf"
        ],
        "extensao_real": "pdf"
    }
]