[
    {
        "uri": "https://pncp.gov.br/pncp-api/v1/orgaos/00394452000103/compras/2021/36/arquivos/1",
        "url": "https://pncp.gov.br/pncp-api/v1/orgaos/00394452000103/compras/2021/36/arquivos/1",
        "sequencialDocumento": 1,
        "dataPublicacaoPncp": "2021-08-17T07:00:25",
        "cnpj": "00394452000103",
        "anoCompra": 2021,
        "sequencialCompra": 36,
        "statusAtivo": true,
        "titulo": "Projeto Placa",
        "tipoDocumentoId": 1,
        "tipoDocumentoDescricao": "Aviso de Contratação Direta",
        "tipoDocumentoNome": "Aviso de Contratação Direta",
        "nome_real": [
            "Projeto Placa.pdf"
        ],
        "extensao_real": "pdf"
    }
]