[
    {
        "uri": "https://pncp.gov.br/pncp-api/v1/orgaos/00394452000103/compras/2021/749/arquivos/1",
        "url": "https://pncp.gov.br/pncp-api/v1/orgaos/00394452000103/compras/2021/749/arquivos/1",
        "sequencialDocumento": 1,
        "dataPublicacaoPncp": "2021-09-30T07:00:42",
        "cnpj": "00394452000103",
        "anoCompra": 2021,
        "sequencialCompra": 749,
        "statusAtivo": true,
        "titulo": "Aviso Dispensa 43 2021 UASG 160060",
        "tipoDocumentoId": 1,
        "tipoDocumentoNome": "Aviso de Contratação Direta",
        "tipoDocumentoDescricao": "Aviso de Contratação Direta",
        "nome_real": [
            "Aviso Dispensa 43 2021 UASG 160060.pdf"
        ],
        "extensao_real": "pdf"
    }
]