[
    {
        "uri": "https://pncp.gov.br/pncp-api/v1/orgaos/17217985000104/compras/2022/40/arquivos/1",
        "url": "https://pncp.gov.br/pncp-api/v1/orgaos/17217985000104/compras/2022/40/arquivos/1",
        "sequencialDocumento": 1,
        "dataPublicacaoPncp": "2022-03-10T11:26:30",
        "cnpj": "17217985000104",
        "anoCompra": 2022,
        "sequencialCompra": 40,
        "statusAtivo": true,
        "titulo": "2. Aviso de Licitacao",
        "tipoDocumentoId": 1,
        "tipoDocumentoDescricao": "Aviso de Contratação Direta",
        "tipoDocumentoNome": "Aviso de Contratação Direta",
        "nome_real": [
            "2. Aviso de Licitacao.pdf"
        ],
        "extensao_real": "pdf"
    }
]