[
    {
        "uri": "https://pncp.gov.br/pncp-api/v1/orgaos/83901983000164/compras/2022/3/arquivos/1",
        "url": "https://pncp.gov.br/pncp-api/v1/orgaos/83901983000164/compras/2022/3/arquivos/1",
        "sequencialDocumento": 1,
        "dataPublicacaoPncp": "2022-02-09T10:12:29",
        "cnpj": "83901983000164",
        "anoCompra": 2022,
        "sequencialCompra": 3,
        "statusAtivo": true,
        "titulo": "8-AVIS~1",
        "tipoDocumentoNome": "Aviso de Contratação Direta",
        "tipoDocumentoDescricao": "Aviso de Contratação Direta",
        "tipoDocumentoId": 1,
        "nome_real": [
            "8-AVIS~1.PDF"
        ],
        "extensao_real": "PDF"
    }
]