[
    {
        "uri": "https://pncp.gov.br/pncp-api/v1/orgaos/00348003000110/compras/2021/254/arquivos/1",
        "url": "https://pncp.gov.br/pncp-api/v1/orgaos/00348003000110/compras/2021/254/arquivos/1",
        "sequencialDocumento": 1,
        "dataPublicacaoPncp": "2021-11-19T07:01:53",
        "cnpj": "00348003000110",
        "anoCompra": 2021,
        "sequencialCompra": 254,
        "statusAtivo": true,
        "titulo": "EMBRAPA -Termo de Referencia 2144_2021",
        "tipoDocumentoId": 1,
        "tipoDocumentoDescricao": "Aviso de Contratação Direta",
        "tipoDocumentoNome": "Aviso de Contratação Direta",
        "nome_real": [
            "EMBRAPA -Termo de Referencia 2144_2021.pdf"
        ],
        "extensao_real": "pdf"
    }
]