[
    {
        "uri": "https://pncp.gov.br/pncp-api/v1/orgaos/00394452000103/compras/2021/2421/arquivos/1",
        "url": "https://pncp.gov.br/pncp-api/v1/orgaos/00394452000103/compras/2021/2421/arquivos/1",
        "sequencialDocumento": 1,
        "dataPublicacaoPncp": "2021-12-16T07:01:14",
        "cnpj": "00394452000103",
        "anoCompra": 2021,
        "sequencialCompra": 2421,
        "statusAtivo": true,
        "titulo": "TR_127_14RCMec",
        "tipoDocumentoNome": "Aviso de Contratação Direta",
        "tipoDocumentoDescricao": "Aviso de Contratação Direta",
        "tipoDocumentoId": 1,
        "nome_real": [
            "TR_127_14RCMec.pdf"
        ],
        "extensao_real": "pdf"
    }
]