[
    {
        "uri": "https://pncp.gov.br/pncp-api/v1/orgaos/00394502000144/compras/2021/207/arquivos/1",
        "url": "https://pncp.gov.br/pncp-api/v1/orgaos/00394502000144/compras/2021/207/arquivos/1",
        "sequencialDocumento": 1,
        "dataPublicacaoPncp": "2021-10-27T07:01:44",
        "cnpj": "00394502000144",
        "anoCompra": 2021,
        "sequencialCompra": 207,
        "statusAtivo": true,
        "titulo": "Aviso de Dispensa Licitacao 782510-01-2021",
        "tipoDocumentoNome": "Aviso de Contratação Direta",
        "tipoDocumentoDescricao": "Aviso de Contratação Direta",
        "tipoDocumentoId": 1,
        "nome_real": [
            "Aviso de Dispensa Licitacao 782510-01-2021.pdf"
        ],
        "extensao_real": "pdf"
    }
]