[
    {
        "uri": "https://pncp.gov.br/pncp-api/v1/orgaos/26963660000161/compras/2021/10/arquivos/1",
        "url": "https://pncp.gov.br/pncp-api/v1/orgaos/26963660000161/compras/2021/10/arquivos/1",
        "sequencialDocumento": 1,
        "dataPublicacaoPncp": "2021-12-07T07:02:04",
        "cnpj": "26963660000161",
        "anoCompra": 2021,
        "sequencialCompra": 10,
        "statusAtivo": true,
        "titulo": "AvisodeDispensaEletrnica",
        "tipoDocumentoId": 1,
        "tipoDocumentoDescricao": "Aviso de Contratação Direta",
        "tipoDocumentoNome": "Aviso de Contratação Direta",
        "nome_real": [
            "AvisodeDispensaEletrnica.pdf"
        ],
        "extensao_real": "pdf"
    }
]