[
    {
        "uri": "https://pncp.gov.br/pncp-api/v1/orgaos/10744098000145/compras/2021/3/arquivos/1",
        "url": "https://pncp.gov.br/pncp-api/v1/orgaos/10744098000145/compras/2021/3/arquivos/1",
        "sequencialDocumento": 1,
        "dataPublicacaoPncp": "2021-09-28T07:00:17",
        "cnpj": "10744098000145",
        "anoCompra": 2021,
        "sequencialCompra": 3,
        "statusAtivo": true,
        "titulo": "Termo de Referencia",
        "tipoDocumentoDescricao": "Aviso de Contratação Direta",
        "tipoDocumentoId": 1,
        "tipoDocumentoNome": "Aviso de Contratação Direta",
        "nome_real": [
            "Termo de Referencia.pdf"
        ],
        "extensao_real": "pdf"
    }
]