[
    {
        "uri": "https://pncp.gov.br/pncp-api/v1/orgaos/00394452000103/compras/2022/560/arquivos/1",
        "url": "https://pncp.gov.br/pncp-api/v1/orgaos/00394452000103/compras/2022/560/arquivos/1",
        "sequencialDocumento": 1,
        "dataPublicacaoPncp": "2022-03-08T16:57:50",
        "cnpj": "00394452000103",
        "anoCompra": 2022,
        "sequencialCompra": 560,
        "statusAtivo": true,
        "titulo": "Aviso de Dispensa Eletronica",
        "tipoDocumentoId": 1,
        "tipoDocumentoDescricao": "Aviso de Contratação Direta",
        "tipoDocumentoNome": "Aviso de Contratação Direta",
        "nome_real": [
            "Aviso de Dispensa Eletronica.pdf"
        ],
        "extensao_real": "pdf"
    }
]