[
    {
        "uri": "https://pncp.gov.br/pncp-api/v1/orgaos/00394494010441/compras/2021/62/arquivos/1",
        "url": "https://pncp.gov.br/pncp-api/v1/orgaos/00394494010441/compras/2021/62/arquivos/1",
        "sequencialDocumento": 1,
        "dataPublicacaoPncp": "2021-12-10T07:00:19",
        "cnpj": "00394494010441",
        "anoCompra": 2021,
        "sequencialCompra": 62,
        "statusAtivo": true,
        "titulo": "compilado dispensa aviso hospedagem",
        "tipoDocumentoDescricao": "Aviso de Contratação Direta",
        "tipoDocumentoId": 1,
        "tipoDocumentoNome": "Aviso de Contratação Direta",
        "nome_real": [
            "compilado dispensa aviso hospedagem.pdf"
        ],
        "extensao_real": "pdf"
    }
]