[
    {
        "uri": "https://pncp.gov.br/pncp-api/v1/orgaos/00394502000144/compras/2022/253/arquivos/1",
        "url": "https://pncp.gov.br/pncp-api/v1/orgaos/00394502000144/compras/2022/253/arquivos/1",
        "sequencialDocumento": 1,
        "dataPublicacaoPncp": "2022-03-07T16:14:32",
        "cnpj": "00394502000144",
        "anoCompra": 2022,
        "sequencialCompra": 253,
        "statusAtivo": true,
        "titulo": "Aviso de Dispensa 13",
        "tipoDocumentoNome": "Aviso de Contratação Direta",
        "tipoDocumentoDescricao": "Aviso de Contratação Direta",
        "tipoDocumentoId": 1,
        "nome_real": [
            "Aviso de Dispensa 13.pdf"
        ],
        "extensao_real": "pdf"
    }
]