[
    {
        "uri": "https://pncp.gov.br/pncp-api/v1/orgaos/00394452000103/compras/2021/2407/arquivos/1",
        "url": "https://pncp.gov.br/pncp-api/v1/orgaos/00394452000103/compras/2021/2407/arquivos/1",
        "sequencialDocumento": 1,
        "dataPublicacaoPncp": "2021-12-15T07:01:07",
        "cnpj": "00394452000103",
        "anoCompra": 2021,
        "sequencialCompra": 2407,
        "statusAtivo": true,
        "titulo": "175129",
        "tipoDocumentoNome": "Aviso de Contratação Direta",
        "tipoDocumentoDescricao": "Aviso de Contratação Direta",
        "tipoDocumentoId": 1,
        "nome_real": [
            "175129.PDF"
        ],
        "extensao_real": "PDF"
    }
]