[
    {
        "uri": "https://pncp.gov.br/pncp-api/v1/orgaos/10744098000145/compras/2022/3/arquivos/1",
        "url": "https://pncp.gov.br/pncp-api/v1/orgaos/10744098000145/compras/2022/3/arquivos/1",
        "sequencialDocumento": 1,
        "dataPublicacaoPncp": "2022-02-09T13:45:11",
        "cnpj": "10744098000145",
        "anoCompra": 2022,
        "sequencialCompra": 3,
        "statusAtivo": true,
        "titulo": "TR + MODELO PROPOSTA",
        "tipoDocumentoDescricao": "Aviso de Contratação Direta",
        "tipoDocumentoId": 1,
        "tipoDocumentoNome": "Aviso de Contratação Direta",
        "nome_real": [
            "TR + MODELO PROPOSTA.pdf"
        ],
        "extensao_real": "pdf"
    }
]