[
    {
        "uri": "https://pncp.gov.br/pncp-api/v1/orgaos/00394452000103/compras/2021/2131/arquivos/1",
        "url": "https://pncp.gov.br/pncp-api/v1/orgaos/00394452000103/compras/2021/2131/arquivos/1",
        "sequencialDocumento": 1,
        "dataPublicacaoPncp": "2021-11-29T14:55:21",
        "cnpj": "00394452000103",
        "anoCompra": 2021,
        "sequencialCompra": 2131,
        "statusAtivo": true,
        "titulo": "Requisicao dispensa eletronica",
        "tipoDocumentoId": 1,
        "tipoDocumentoNome": "Aviso de Contratação Direta",
        "tipoDocumentoDescricao": "Aviso de Contratação Direta",
        "nome_real": [
            "Requisicao dispensa eletronica.pdf"
        ],
        "extensao_real": "pdf"
    }
]