[
    {
        "uri": "https://pncp.gov.br/pncp-api/v1/orgaos/40176679000199/compras/2021/24/arquivos/1",
        "url": "https://pncp.gov.br/pncp-api/v1/orgaos/40176679000199/compras/2021/24/arquivos/1",
        "sequencialDocumento": 1,
        "dataPublicacaoPncp": "2021-12-01T07:01:37",
        "cnpj": "40176679000199",
        "anoCompra": 2021,
        "sequencialCompra": 24,
        "statusAtivo": true,
        "titulo": "ANEXO TR ELEBORACAO DE PLANILHA",
        "tipoDocumentoId": 1,
        "tipoDocumentoDescricao": "Aviso de Contratação Direta",
        "tipoDocumentoNome": "Aviso de Contratação Direta",
        "nome_real": [
            "ANEXO TR ELEBORACAO DE PLANILHA.pdf"
        ],
        "extensao_real": "pdf"
    }
]