[
    {
        "uri": "https://pncp.gov.br/pncp-api/v1/orgaos/00394494000136/compras/2021/22/arquivos/1",
        "url": "https://pncp.gov.br/pncp-api/v1/orgaos/00394494000136/compras/2021/22/arquivos/1",
        "sequencialDocumento": 1,
        "dataPublicacaoPncp": "2021-09-29T07:00:20",
        "cnpj": "00394494000136",
        "anoCompra": 2021,
        "sequencialCompra": 22,
        "statusAtivo": true,
        "titulo": "SEI_PF - 20147595 - Lici. Termo de Referencia",
        "tipoDocumentoNome": "Aviso de Contratação Direta",
        "tipoDocumentoDescricao": "Aviso de Contratação Direta",
        "tipoDocumentoId": 1,
        "nome_real": [
            "SEI_PF - 20147595 - Lici. Termo de Referencia.pdf"
        ],
        "extensao_real": "pdf"
    }
]