[
    {
        "uri": "https://pncp.gov.br/pncp-api/v1/orgaos/00394544000185/compras/2021/75/arquivos/1",
        "url": "https://pncp.gov.br/pncp-api/v1/orgaos/00394544000185/compras/2021/75/arquivos/1",
        "sequencialDocumento": 1,
        "dataPublicacaoPncp": "2021-12-07T07:02:23",
        "cnpj": "00394544000185",
        "anoCompra": 2021,
        "sequencialCompra": 75,
        "statusAtivo": true,
        "titulo": "PROJETO BASICO",
        "tipoDocumentoId": 1,
        "tipoDocumentoNome": "Aviso de Contratação Direta",
        "tipoDocumentoDescricao": "Aviso de Contratação Direta",
        "nome_real": [
            "PROJETO BASICO.pdf"
        ],
        "extensao_real": "pdf"
    }
]