[
    {
        "uri": "https://pncp.gov.br/pncp-api/v1/orgaos/00394452000103/compras/2021/830/arquivos/1",
        "url": "https://pncp.gov.br/pncp-api/v1/orgaos/00394452000103/compras/2021/830/arquivos/1",
        "sequencialDocumento": 1,
        "dataPublicacaoPncp": "2021-10-05T07:01:08",
        "cnpj": "00394452000103",
        "anoCompra": 2021,
        "sequencialCompra": 830,
        "statusAtivo": true,
        "titulo": "edital disp 135 scanedo assinado",
        "tipoDocumentoId": 1,
        "tipoDocumentoNome": "Aviso de Contratação Direta",
        "tipoDocumentoDescricao": "Aviso de Contratação Direta",
        "nome_real": [
            "edital disp 135 scanedo assinado.pdf"
        ],
        "extensao_real": "pdf"
    }
]