[
    {
        "uri": "https://pncp.gov.br/pncp-api/v1/orgaos/00394494000136/compras/2021/94/arquivos/1",
        "url": "https://pncp.gov.br/pncp-api/v1/orgaos/00394494000136/compras/2021/94/arquivos/1",
        "sequencialDocumento": 1,
        "dataPublicacaoPncp": "2021-12-20T07:00:27",
        "cnpj": "00394494000136",
        "anoCompra": 2021,
        "sequencialCompra": 94,
        "statusAtivo": true,
        "titulo": "Termo de Referencia",
        "tipoDocumentoId": 1,
        "tipoDocumentoNome": "Aviso de Contratação Direta",
        "tipoDocumentoDescricao": "Aviso de Contratação Direta",
        "nome_real": [
            "Termo de Referencia.pdf"
        ],
        "extensao_real": "pdf"
    }
]