[
    {
        "uri": "https://pncp.gov.br/pncp-api/v1/orgaos/00394452000103/compras/2021/1923/arquivos/1",
        "url": "https://pncp.gov.br/pncp-api/v1/orgaos/00394452000103/compras/2021/1923/arquivos/1",
        "sequencialDocumento": 1,
        "dataPublicacaoPncp": "2021-11-23T07:02:18",
        "cnpj": "00394452000103",
        "anoCompra": 2021,
        "sequencialCompra": 1923,
        "statusAtivo": true,
        "titulo": "ht 215",
        "tipoDocumentoId": 1,
        "tipoDocumentoDescricao": "Aviso de Contratação Direta",
        "tipoDocumentoNome": "Aviso de Contratação Direta",
        "nome_real": [
            "ht 215.pdf"
        ],
        "extensao_real": "pdf"
    }
]