[
    {
        "uri": "https://pncp.gov.br/pncp-api/v1/orgaos/00394452000103/compras/2021/983/arquivos/1",
        "url": "https://pncp.gov.br/pncp-api/v1/orgaos/00394452000103/compras/2021/983/arquivos/1",
        "sequencialDocumento": 1,
        "dataPublicacaoPncp": "2021-10-13T07:01:32",
        "cnpj": "00394452000103",
        "anoCompra": 2021,
        "sequencialCompra": 983,
        "statusAtivo": true,
        "titulo": "Modelo de aviso de Disp Eletronica",
        "tipoDocumentoDescricao": "Aviso de Contratação Direta",
        "tipoDocumentoId": 1,
        "tipoDocumentoNome": "Aviso de Contratação Direta",
        "nome_real": [
            "Modelo de aviso de Disp Eletronica.doc"
        ],
        "extensao_real": "doc"
    }
]