[
    {
        "uri": "https://pncp.gov.br/pncp-api/v1/orgaos/00394411000109/compras/2021/2/arquivos/1",
        "url": "https://pncp.gov.br/pncp-api/v1/orgaos/00394411000109/compras/2021/2/arquivos/1",
        "sequencialDocumento": 1,
        "dataPublicacaoPncp": "2021-12-13T07:00:30",
        "cnpj": "00394411000109",
        "anoCompra": 2021,
        "sequencialCompra": 2,
        "statusAtivo": true,
        "titulo": "Aviso de Dispensa Eletronica_00094_001937-2021-33 - aquisicao de conversor IP",
        "tipoDocumentoId": 1,
        "tipoDocumentoDescricao": "Aviso de Contratação Direta",
        "tipoDocumentoNome": "Aviso de Contratação Direta",
        "nome_real": [
            "Aviso de Dispensa Eletronica_00094_001937-2021-33 - aquisicao de conversor IP.pdf"
        ],
        "extensao_real": "pdf"
    }
]