[
    {
        "uri": "https://pncp.gov.br/pncp-api/v1/orgaos/62655246000159/compras/2021/3/arquivos/1",
        "url": "https://pncp.gov.br/pncp-api/v1/orgaos/62655246000159/compras/2021/3/arquivos/1",
        "sequencialDocumento": 1,
        "dataPublicacaoPncp": "2021-10-13T07:00:20",
        "cnpj": "62655246000159",
        "anoCompra": 2021,
        "sequencialCompra": 3,
        "statusAtivo": true,
        "tipoDocumentoId": 1,
        "tipoDocumentoDescricao": "Aviso de Contratação Direta",
        "titulo": "AVISO DISPENSA ELETRONICA - AQUISICAO DE GARRAFA TERMICA",
        "tipoDocumentoNome": "Aviso de Contratação Direta",
        "nome_real": [
            "AVISO DISPENSA ELETRONICA - AQUISICAO DE GARRAFA TERMICA.pdf"
        ],
        "extensao_real": "pdf"
    }
]