[
    {
        "uri": "https://pncp.gov.br/pncp-api/v1/orgaos/00348003000110/compras/2021/157/arquivos/1",
        "url": "https://pncp.gov.br/pncp-api/v1/orgaos/00348003000110/compras/2021/157/arquivos/1",
        "sequencialDocumento": 1,
        "dataPublicacaoPncp": "2021-10-26T07:01:05",
        "cnpj": "00348003000110",
        "anoCompra": 2021,
        "sequencialCompra": 157,
        "statusAtivo": true,
        "tipoDocumentoId": 1,
        "tipoDocumentoDescricao": "Aviso de Contratação Direta",
        "titulo": "Termo de Referencia e Anexo Unificados",
        "tipoDocumentoNome": "Aviso de Contratação Direta",
        "nome_real": [
            "Termo de Referencia e Anexo Unificados.pdf"
        ],
        "extensao_real": "pdf"
    }
]