[
    {
        "uri": "https://pncp.gov.br/pncp-api/v1/orgaos/06554067000154/compras/2021/8/arquivos/1",
        "url": "https://pncp.gov.br/pncp-api/v1/orgaos/06554067000154/compras/2021/8/arquivos/1",
        "sequencialDocumento": 1,
        "dataPublicacaoPncp": "2021-12-14T10:42:34",
        "cnpj": "06554067000154",
        "anoCompra": 2021,
        "sequencialCompra": 8,
        "statusAtivo": true,
        "tipoDocumentoId": 1,
        "tipoDocumentoDescricao": "Aviso de Contratação Direta",
        "titulo": "dm_4467_123_floriano_licitacao_dispensa_1.pdf",
        "tipoDocumentoNome": "Aviso de Contratação Direta",
        "nome_real": [
            "dm_4467_123_floriano_licitacao_dispensa_104_21_aviso_pag_206.pdf"
        ],
        "extensao_real": "pdf"
    },
    {
        "uri": "https://pncp.gov.br/pncp-api/v1/orgaos/06554067000154/compras/2021/8/arquivos/2",
        "url": "https://pncp.gov.br/pncp-api/v1/orgaos/06554067000154/compras/2021/8/arquivos/2",
        "sequencialDocumento": 2,
        "dataPublicacaoPncp": "2021-12-14T10:42:36",
        "cnpj": "06554067000154",
        "anoCompra": 2021,
        "sequencialCompra": 8,
        "statusAtivo": true,
        "tipoDocumentoId": 1,
        "tipoDocumentoDescricao": "Aviso de Contratação Direta",
        "titulo": "editaldispensa_104.pdf",
        "tipoDocumentoNome": "Aviso de Contratação Direta",
        "nome_real": [
            "editaldispensa_104.pdf"
        ],
        "extensao_real": "pdf"
    },
    {
        "uri": "https://pncp.gov.br/pncp-api/v1/orgaos/06554067000154/compras/2021/8/arquivos/3",
        "url": "https://pncp.gov.br/pncp-api/v1/orgaos/06554067000154/compras/2021/8/arquivos/3",
        "sequencialDocumento": 3,
        "dataPublicacaoPncp": "2021-12-14T10:42:45",
        "cnpj": "06554067000154",
        "anoCompra": 2021,
        "sequencialCompra": 8,
        "statusAtivo": true,
        "tipoDocumentoId": 1,
        "tipoDocumentoDescricao": "Aviso de Contratação Direta",
        "titulo": "dm_4467_123_floriano_licitacao_dispensa_1.pdf",
        "tipoDocumentoNome": "Aviso de Contratação Direta",
        "nome_real": [
            "dm_4467_123_floriano_licitacao_dispensa_104_21_aviso_pag_206.pdf"
        ],
        "extensao_real": "pdf"
    },
    {
        "uri": "https://pncp.gov.br/pncp-api/v1/orgaos/06554067000154/compras/2021/8/arquivos/4",
        "url": "https://pncp.gov.br/pncp-api/v1/orgaos/06554067000154/compras/2021/8/arquivos/4",
        "sequencialDocumento": 4,
        "dataPublicacaoPncp": "2021-12-14T10:42:46",
        "cnpj": "06554067000154",
        "anoCompra": 2021,
        "sequencialCompra": 8,
        "statusAtivo": true,
        "tipoDocumentoId": 1,
        "tipoDocumentoDescricao": "Aviso de Contratação Direta",
        "titulo": "editaldispensa_104.pdf",
        "tipoDocumentoNome": "Aviso de Contratação Direta",
        "nome_real": [
            "editaldispensa_104.pdf"
        ],
        "extensao_real": "pdf"
    }
]