[
    {
        "uri": "https://pncp.gov.br/pncp-api/v1/orgaos/18299511000111/compras/2022/4/arquivos/1",
        "url": "https://pncp.gov.br/pncp-api/v1/orgaos/18299511000111/compras/2022/4/arquivos/1",
        "sequencialDocumento": 1,
        "dataPublicacaoPncp": "2022-02-09T18:23:25",
        "cnpj": "18299511000111",
        "anoCompra": 2022,
        "sequencialCompra": 4,
        "statusAtivo": true,
        "tipoDocumentoId": 6,
        "tipoDocumentoDescricao": "Projeto Básico",
        "titulo": "2431_5c34a9d69d07d596ec41d66e44122ac6.pdf",
        "tipoDocumentoNome": "Projeto Básico",
        "nome_real": [
            "2431_5c34a9d69d07d596ec41d66e44122ac6.pdf"
        ],
        "extensao_real": "pdf"
    }
]