[
    {
        "uri": "https://pncp.gov.br/pncp-api/v1/orgaos/10724903000179/compras/2021/15/arquivos/1",
        "url": "https://pncp.gov.br/pncp-api/v1/orgaos/10724903000179/compras/2021/15/arquivos/1",
        "sequencialDocumento": 1,
        "dataPublicacaoPncp": "2021-11-11T07:00:35",
        "cnpj": "10724903000179",
        "anoCompra": 2021,
        "sequencialCompra": 15,
        "statusAtivo": true,
        "titulo": "Edital 12.2021 dispensa",
        "tipoDocumentoDescricao": "Aviso de Contratação Direta",
        "tipoDocumentoId": 1,
        "tipoDocumentoNome": "Aviso de Contratação Direta",
        "nome_real": [
            "Edital 12.2021 dispensa.pdf"
        ],
        "extensao_real": "pdf"
    }
]