[
    {
        "uri": "https://pncp.gov.br/pncp-api/v1/orgaos/00394502000144/compras/2021/297/arquivos/1",
        "url": "https://pncp.gov.br/pncp-api/v1/orgaos/00394502000144/compras/2021/297/arquivos/1",
        "sequencialDocumento": 1,
        "dataPublicacaoPncp": "2021-11-12T07:00:17",
        "cnpj": "00394502000144",
        "anoCompra": 2021,
        "sequencialCompra": 297,
        "statusAtivo": true,
        "tipoDocumentoId": 1,
        "tipoDocumentoDescricao": "Aviso de Contratação Direta",
        "titulo": "Aviso de dispensa  eletronica_02_2021",
        "tipoDocumentoNome": "Aviso de Contratação Direta",
        "nome_real": [
            "Aviso de dispensa  eletronica_02_2021.pdf"
        ],
        "extensao_real": "pdf"
    }
]