[
    {
        "uri": "https://pncp.gov.br/pncp-api/v1/orgaos/00394452000103/compras/2021/1557/arquivos/1",
        "url": "https://pncp.gov.br/pncp-api/v1/orgaos/00394452000103/compras/2021/1557/arquivos/1",
        "sequencialDocumento": 1,
        "dataPublicacaoPncp": "2021-11-09T07:01:05",
        "cnpj": "00394452000103",
        "anoCompra": 2021,
        "sequencialCompra": 1557,
        "statusAtivo": true,
        "titulo": "Aviso de Licitacao-Dispensa de Licitacao n 21-2021-CIE",
        "tipoDocumentoId": 1,
        "tipoDocumentoNome": "Aviso de Contratação Direta",
        "tipoDocumentoDescricao": "Aviso de Contratação Direta",
        "nome_real": [
            "Aviso de Licitacao-Dispensa de Licitacao n 21-2021-CIE.pdf"
        ],
        "extensao_real": "pdf"
    }
]