[
    {
        "uri": "https://pncp.gov.br/pncp-api/v1/orgaos/00394452000103/compras/2021/1910/arquivos/1",
        "url": "https://pncp.gov.br/pncp-api/v1/orgaos/00394452000103/compras/2021/1910/arquivos/1",
        "sequencialDocumento": 1,
        "dataPublicacaoPncp": "2021-11-23T07:01:59",
        "cnpj": "00394452000103",
        "anoCompra": 2021,
        "sequencialCompra": 1910,
        "statusAtivo": true,
        "titulo": "TR 129",
        "tipoDocumentoId": 1,
        "tipoDocumentoDescricao": "Aviso de Contratação Direta",
        "tipoDocumentoNome": "Aviso de Contratação Direta",
        "nome_real": [
            "TR 129.PDF"
        ],
        "extensao_real": "PDF"
    }
]