[
    {
        "uri": "https://pncp.gov.br/pncp-api/v1/orgaos/00394429000100/compras/2021/186/arquivos/1",
        "url": "https://pncp.gov.br/pncp-api/v1/orgaos/00394429000100/compras/2021/186/arquivos/1",
        "sequencialDocumento": 1,
        "dataPublicacaoPncp": "2021-11-10T07:02:03",
        "cnpj": "00394429000100",
        "anoCompra": 2021,
        "sequencialCompra": 186,
        "statusAtivo": true,
        "titulo": "2212021 - DCTA - EXAMES VETERINARIOS - EXAME DE MORMO E ANEMIA INFECCIOSA  GSD-SJ",
        "tipoDocumentoNome": "Aviso de Contratação Direta",
        "tipoDocumentoDescricao": "Aviso de Contratação Direta",
        "tipoDocumentoId": 1,
        "nome_real": [
            "2212021 - DCTA - EXAMES VETERINARIOS - EXAME DE MORMO E ANEMIA INFECCIOSA  GSD-SJ.zip",
            "Anexo II - Projeto Básico.pdf",
            "Aviso de Dispensa Eletrônica 2212021.pdf"
        ],
        "extensao_real": "zip"
    }
]