[
    {
        "uri": "https://pncp.gov.br/pncp-api/v1/orgaos/10783898000175/compras/2022/1/arquivos/1",
        "url": "https://pncp.gov.br/pncp-api/v1/orgaos/10783898000175/compras/2022/1/arquivos/1",
        "sequencialDocumento": 1,
        "dataPublicacaoPncp": "2022-02-25T14:40:08",
        "cnpj": "10783898000175",
        "anoCompra": 2022,
        "sequencialCompra": 1,
        "statusAtivo": true,
        "titulo": "ANEXOS_DISPENSA ELETRONICA_N_022022",
        "tipoDocumentoNome": "Aviso de Contratação Direta",
        "tipoDocumentoDescricao": "Aviso de Contratação Direta",
        "tipoDocumentoId": 1,
        "nome_real": [
            "ANEXOS_DISPENSA ELETRONICA_N_022022.zip",
            "ANEXO_IV_PLANILHA DE CUSTOS E FORMAÇ╟O DE PREÇOS.xlsx",
            "ANEXO_V_DOCUMENTAÇ╟O EXIGIDA PARA HABILITAÇ╟O.pdf",
            "ANEXO_I_ESTUDO_TECNICO_PRELIMINAR.pdf",
            "ANEXO_II_TERMO DE REFERENCIA.pdf",
            "ANEXO_III_INSTRUMENTO DE MEDIÇ╟O DE RESULTADO.pdf",
            "AVISO_DE_DISPENSA_Nº_022022.pdf"
        ],
        "extensao_real": "zip"
    }
]