[
    {
        "uri": "https://pncp.gov.br/pncp-api/v1/orgaos/04801221000110/compras/2021/18/arquivos/1",
        "url": "https://pncp.gov.br/pncp-api/v1/orgaos/04801221000110/compras/2021/18/arquivos/1",
        "sequencialDocumento": 1,
        "dataPublicacaoPncp": "2021-10-15T07:00:41",
        "cnpj": "04801221000110",
        "anoCompra": 2021,
        "sequencialCompra": 18,
        "statusAtivo": true,
        "titulo": "TR 23.2021-DEA-AQUISICAO DE CARPETES ETC 10.2021",
        "tipoDocumentoId": 1,
        "tipoDocumentoDescricao": "Aviso de Contratação Direta",
        "tipoDocumentoNome": "Aviso de Contratação Direta",
        "nome_real": [
            "TR 23.2021-DEA-AQUISICAO DE CARPETES ETC 10.2021.pdf"
        ],
        "extensao_real": "pdf"
    }
]