[
    {
        "uri": "https://pncp.gov.br/pncp-api/v1/orgaos/24134488000108/compras/2021/6/arquivos/1",
        "url": "https://pncp.gov.br/pncp-api/v1/orgaos/24134488000108/compras/2021/6/arquivos/1",
        "sequencialDocumento": 1,
        "dataPublicacaoPncp": "2021-10-29T10:43:54",
        "cnpj": "24134488000108",
        "anoCompra": 2021,
        "sequencialCompra": 6,
        "statusAtivo": true,
        "titulo": "Proposta_Fornecedor_CICLAR",
        "tipoDocumentoId": 1,
        "tipoDocumentoDescricao": "Aviso de Contratação Direta",
        "tipoDocumentoNome": "Aviso de Contratação Direta",
        "nome_real": [
            "Proposta_Fornecedor_CICLAR.pdf"
        ],
        "extensao_real": "pdf"
    }
]