[
    {
        "uri": "https://pncp.gov.br/pncp-api/v1/orgaos/00394452000103/compras/2021/2057/arquivos/1",
        "url": "https://pncp.gov.br/pncp-api/v1/orgaos/00394452000103/compras/2021/2057/arquivos/1",
        "sequencialDocumento": 1,
        "dataPublicacaoPncp": "2021-11-26T07:01:41",
        "cnpj": "00394452000103",
        "anoCompra": 2021,
        "sequencialCompra": 2057,
        "statusAtivo": true,
        "titulo": "Dispensa Eletronica Nr 85 servicos de monitoramentos",
        "tipoDocumentoId": 1,
        "tipoDocumentoDescricao": "Aviso de Contratação Direta",
        "tipoDocumentoNome": "Aviso de Contratação Direta",
        "nome_real": [
            "Dispensa Eletronica Nr 85 servicos de monitoramentos.pdf"
        ],
        "extensao_real": "pdf"
    }
]