[
    {
        "uri": "https://pncp.gov.br/pncp-api/v1/orgaos/33663683000116/compras/2021/90/arquivos/1",
        "url": "https://pncp.gov.br/pncp-api/v1/orgaos/33663683000116/compras/2021/90/arquivos/1",
        "sequencialDocumento": 1,
        "dataPublicacaoPncp": "2021-11-10T07:00:54",
        "cnpj": "33663683000116",
        "anoCompra": 2021,
        "sequencialCompra": 90,
        "statusAtivo": true,
        "titulo": "MP-MAT.ELETRICO ATUALIZADO",
        "tipoDocumentoId": 1,
        "tipoDocumentoNome": "Aviso de Contratação Direta",
        "tipoDocumentoDescricao": "Aviso de Contratação Direta",
        "nome_real": [
            "MP-MAT.ELETRICO ATUALIZADO.pdf"
        ],
        "extensao_real": "pdf"
    }
]