[
    {
        "uri": "https://pncp.gov.br/pncp-api/v1/orgaos/08829974000194/compras/2021/6/arquivos/1",
        "url": "https://pncp.gov.br/pncp-api/v1/orgaos/08829974000194/compras/2021/6/arquivos/1",
        "sequencialDocumento": 1,
        "dataPublicacaoPncp": "2021-09-21T07:00:31",
        "cnpj": "08829974000194",
        "anoCompra": 2021,
        "sequencialCompra": 6,
        "statusAtivo": true,
        "titulo": "SEI_ICMBio - 9282240 - Projeto Basico",
        "tipoDocumentoId": 1,
        "tipoDocumentoDescricao": "Aviso de Contratação Direta",
        "tipoDocumentoNome": "Aviso de Contratação Direta",
        "nome_real": [
            "SEI_ICMBio - 9282240 - Projeto Basico.pdf"
        ],
        "extensao_real": "pdf"
    }
]