[
    {
        "uri": "https://pncp.gov.br/pncp-api/v1/orgaos/42357483000126/compras/2021/12/arquivos/1",
        "url": "https://pncp.gov.br/pncp-api/v1/orgaos/42357483000126/compras/2021/12/arquivos/1",
        "sequencialDocumento": 1,
        "dataPublicacaoPncp": "2021-11-23T07:00:49",
        "cnpj": "42357483000126",
        "anoCompra": 2021,
        "sequencialCompra": 12,
        "statusAtivo": true,
        "titulo": "TR ROLAMENTOS GERADOR DO VLT",
        "tipoDocumentoId": 1,
        "tipoDocumentoDescricao": "Aviso de Contratação Direta",
        "tipoDocumentoNome": "Aviso de Contratação Direta",
        "nome_real": [
            "TR ROLAMENTOS GERADOR DO VLT.PDF"
        ],
        "extensao_real": "PDF"
    }
]