[
    {
        "uri": "https://pncp.gov.br/pncp-api/v1/orgaos/00394445000101/compras/2021/11/arquivos/1",
        "url": "https://pncp.gov.br/pncp-api/v1/orgaos/00394445000101/compras/2021/11/arquivos/1",
        "sequencialDocumento": 1,
        "dataPublicacaoPncp": "2021-11-12T07:00:50",
        "cnpj": "00394445000101",
        "anoCompra": 2021,
        "sequencialCompra": 11,
        "statusAtivo": true,
        "titulo": "Autocad - PB simplificado (para 3 copias) - Assinado",
        "tipoDocumentoDescricao": "Aviso de Contratação Direta",
        "tipoDocumentoId": 1,
        "tipoDocumentoNome": "Aviso de Contratação Direta",
        "nome_real": [
            "Autocad - PB simplificado (para 3 copias) - Assinado.pdf"
        ],
        "extensao_real": "pdf"
    }
]