[
    {
        "uri": "https://pncp.gov.br/pncp-api/v1/orgaos/10744098000145/compras/2021/10/arquivos/1",
        "url": "https://pncp.gov.br/pncp-api/v1/orgaos/10744098000145/compras/2021/10/arquivos/1",
        "sequencialDocumento": 1,
        "dataPublicacaoPncp": "2021-10-26T07:00:21",
        "cnpj": "10744098000145",
        "anoCompra": 2021,
        "sequencialCompra": 10,
        "statusAtivo": true,
        "titulo": "Aviso e Termo de Referencia Dispensa 112021",
        "tipoDocumentoId": 1,
        "tipoDocumentoNome": "Aviso de Contratação Direta",
        "tipoDocumentoDescricao": "Aviso de Contratação Direta",
        "nome_real": [
            "Aviso e Termo de Referencia Dispensa 112021.pdf"
        ],
        "extensao_real": "pdf"
    }
]