[
    {
        "uri": "https://pncp.gov.br/pncp-api/v1/orgaos/00394544000185/compras/2022/1/arquivos/1",
        "url": "https://pncp.gov.br/pncp-api/v1/orgaos/00394544000185/compras/2022/1/arquivos/1",
        "sequencialDocumento": 1,
        "dataPublicacaoPncp": "2022-01-04T07:00:10",
        "cnpj": "00394544000185",
        "anoCompra": 2022,
        "sequencialCompra": 1,
        "statusAtivo": true,
        "titulo": "PROJETO BASICO",
        "tipoDocumentoNome": "Aviso de Contratação Direta",
        "tipoDocumentoDescricao": "Aviso de Contratação Direta",
        "tipoDocumentoId": 1,
        "nome_real": [
            "PROJETO BASICO.pdf"
        ],
        "extensao_real": "pdf"
    }
]