[
    {
        "uri": "https://pncp.gov.br/pncp-api/v1/orgaos/00402552000126/compras/2021/33/arquivos/1",
        "url": "https://pncp.gov.br/pncp-api/v1/orgaos/00402552000126/compras/2021/33/arquivos/1",
        "sequencialDocumento": 1,
        "dataPublicacaoPncp": "2021-11-05T07:02:37",
        "cnpj": "00402552000126",
        "anoCompra": 2021,
        "sequencialCompra": 33,
        "statusAtivo": true,
        "tipoDocumentoId": 1,
        "tipoDocumentoDescricao": "Aviso de Contratação Direta",
        "titulo": "SD",
        "tipoDocumentoNome": "Aviso de Contratação Direta",
        "nome_real": [
            "SD.pdf"
        ],
        "extensao_real": "pdf"
    }
]