[
    {
        "uri": "https://pncp.gov.br/pncp-api/v1/orgaos/00394452000103/compras/2021/1719/arquivos/1",
        "url": "https://pncp.gov.br/pncp-api/v1/orgaos/00394452000103/compras/2021/1719/arquivos/1",
        "sequencialDocumento": 1,
        "dataPublicacaoPncp": "2021-11-16T13:22:06",
        "cnpj": "00394452000103",
        "anoCompra": 2021,
        "sequencialCompra": 1719,
        "statusAtivo": true,
        "titulo": "02_-_Orcamentos_Automotrix_FCY5660__FLP1270_FJV3780_PAC5972 (1)",
        "tipoDocumentoId": 1,
        "tipoDocumentoDescricao": "Aviso de Contratação Direta",
        "tipoDocumentoNome": "Aviso de Contratação Direta",
        "nome_real": [
            "02_-_Orcamentos_Automotrix_FCY5660__FLP1270_FJV3780_PAC5972 (1).docx"
        ],
        "extensao_real": "docx"
    }
]