[
    {
        "uri": "https://pncp.gov.br/pncp-api/v1/orgaos/26989350000116/compras/2022/7/arquivos/1",
        "url": "https://pncp.gov.br/pncp-api/v1/orgaos/26989350000116/compras/2022/7/arquivos/1",
        "sequencialDocumento": 1,
        "dataPublicacaoPncp": "2022-02-22T13:18:24",
        "cnpj": "26989350000116",
        "anoCompra": 2022,
        "sequencialCompra": 7,
        "statusAtivo": true,
        "titulo": "Aviso de Dispensa 01-2022",
        "tipoDocumentoId": 1,
        "tipoDocumentoDescricao": "Aviso de Contratação Direta",
        "tipoDocumentoNome": "Aviso de Contratação Direta",
        "nome_real": [
            "Aviso de Dispensa 01-2022.zip",
            "Aviso de Dispensa 01-2022.pdf",
            "Termo de Referência.pdf"
        ],
        "extensao_real": "zip"
    }
]