[
    {
        "uri": "https://pncp.gov.br/pncp-api/v1/orgaos/00394452000103/compras/2022/540/arquivos/1",
        "url": "https://pncp.gov.br/pncp-api/v1/orgaos/00394452000103/compras/2022/540/arquivos/1",
        "sequencialDocumento": 1,
        "dataPublicacaoPncp": "2022-03-08T13:52:25",
        "cnpj": "00394452000103",
        "anoCompra": 2022,
        "sequencialCompra": 540,
        "statusAtivo": true,
        "titulo": "Orcamento Tapetes",
        "tipoDocumentoId": 1,
        "tipoDocumentoNome": "Aviso de Contratação Direta",
        "tipoDocumentoDescricao": "Aviso de Contratação Direta",
        "nome_real": [
            "Orcamento Tapetes.PDF"
        ],
        "extensao_real": "PDF"
    }
]