[
    {
        "uri": "https://pncp.gov.br/pncp-api/v1/orgaos/00394460000141/compras/2021/7/arquivos/1",
        "url": "https://pncp.gov.br/pncp-api/v1/orgaos/00394460000141/compras/2021/7/arquivos/1",
        "tipoDocumentoDescricao": "Aviso de Contratação Direta",
        "tipoDocumentoId": 1,
        "statusAtivo": true,
        "sequencialDocumento": 1,
        "dataPublicacaoPncp": "2021-08-23T07:00:36",
        "cnpj": "00394460000141",
        "anoCompra": 2021,
        "sequencialCompra": 7,
        "titulo": "Projeto Basico",
        "tipoDocumentoNome": "Aviso de Contratação Direta",
        "nome_real": [
            "Projeto Basico.zip",
            "estacionamento.pdf",
            "Projeto Básico.pdf",
            "Projeto paisagismo_DRF Novo hamburgo.pdf"
        ],
        "extensao_real": "zip"
    }
]