[
    {
        "uri": "https://pncp.gov.br/pncp-api/v1/orgaos/00394452000103/compras/2021/1806/arquivos/1",
        "url": "https://pncp.gov.br/pncp-api/v1/orgaos/00394452000103/compras/2021/1806/arquivos/1",
        "sequencialDocumento": 1,
        "dataPublicacaoPncp": "2021-11-18T07:02:09",
        "cnpj": "00394452000103",
        "anoCompra": 2021,
        "sequencialCompra": 1806,
        "statusAtivo": true,
        "titulo": "COTACAO TINTAS",
        "tipoDocumentoId": 1,
        "tipoDocumentoDescricao": "Aviso de Contratação Direta",
        "tipoDocumentoNome": "Aviso de Contratação Direta",
        "nome_real": [
            "COTACAO TINTAS.odt"
        ],
        "extensao_real": "odt"
    }
]