[
    {
        "uri": "https://pncp.gov.br/pncp-api/v1/orgaos/01067271000127/compras/2022/1/arquivos/1",
        "url": "https://pncp.gov.br/pncp-api/v1/orgaos/01067271000127/compras/2022/1/arquivos/1",
        "sequencialDocumento": 1,
        "dataPublicacaoPncp": "2022-01-24T15:05:32",
        "cnpj": "01067271000127",
        "anoCompra": 2022,
        "sequencialCompra": 1,
        "statusAtivo": true,
        "titulo": "COMPROVANTE DE PUBLICACAO PORTAL",
        "tipoDocumentoNome": "Aviso de Contratação Direta",
        "tipoDocumentoDescricao": "Aviso de Contratação Direta",
        "tipoDocumentoId": 1,
        "nome_real": [
            "COMPROVANTE_PUBLICACAO.PDF"
        ],
        "extensao_real": "PDF"
    },
    {
        "uri": "https://pncp.gov.br/pncp-api/v1/orgaos/01067271000127/compras/2022/1/arquivos/2",
        "url": "https://pncp.gov.br/pncp-api/v1/orgaos/01067271000127/compras/2022/1/arquivos/2",
        "sequencialDocumento": 2,
        "dataPublicacaoPncp": "2022-01-24T15:05:33",
        "cnpj": "01067271000127",
        "anoCompra": 2022,
        "sequencialCompra": 1,
        "statusAtivo": true,
        "titulo": "NOTA DE EMPENHO NUMERO 83612",
        "tipoDocumentoNome": "Aviso de Contratação Direta",
        "tipoDocumentoDescricao": "Aviso de Contratação Direta",
        "tipoDocumentoId": 1,
        "nome_real": [
            "NOTA_EMPENHO_83612.PDF"
        ],
        "extensao_real": "PDF"
    }
]