[
    {
        "uri": "https://pncp.gov.br/pncp-api/v1/orgaos/00394452000103/compras/2022/63/arquivos/1",
        "url": "https://pncp.gov.br/pncp-api/v1/orgaos/00394452000103/compras/2022/63/arquivos/1",
        "sequencialDocumento": 1,
        "dataPublicacaoPncp": "2022-01-31T14:37:29",
        "cnpj": "00394452000103",
        "anoCompra": 2022,
        "sequencialCompra": 63,
        "statusAtivo": true,
        "titulo": "Aviso_de_Dispensa_Eletronica_ Token",
        "tipoDocumentoId": 1,
        "tipoDocumentoDescricao": "Aviso de Contratação Direta",
        "tipoDocumentoNome": "Aviso de Contratação Direta",
        "nome_real": [
            "Aviso_de_Dispensa_Eletronica_ Token.pdf"
        ],
        "extensao_real": "pdf"
    }
]