[
    {
        "uri": "https://pncp.gov.br/pncp-api/v1/orgaos/15131560000152/compras/2022/1/arquivos/1",
        "url": "https://pncp.gov.br/pncp-api/v1/orgaos/15131560000152/compras/2022/1/arquivos/1",
        "sequencialDocumento": 1,
        "dataPublicacaoPncp": "2022-02-17T15:16:41",
        "cnpj": "15131560000152",
        "anoCompra": 2022,
        "sequencialCompra": 1,
        "statusAtivo": true,
        "titulo": "Aviso de Dispensa Eletronica 001-2022",
        "tipoDocumentoId": 1,
        "tipoDocumentoNome": "Aviso de Contratação Direta",
        "tipoDocumentoDescricao": "Aviso de Contratação Direta",
        "nome_real": [
            "Aviso de Dispensa Eletronica 001-2022.pdf"
        ],
        "extensao_real": "pdf"
    }
]