[
    {
        "uri": "https://pncp.gov.br/pncp-api/v1/orgaos/00394452000103/compras/2021/1603/arquivos/1",
        "url": "https://pncp.gov.br/pncp-api/v1/orgaos/00394452000103/compras/2021/1603/arquivos/1",
        "sequencialDocumento": 1,
        "dataPublicacaoPncp": "2021-11-10T07:01:57",
        "cnpj": "00394452000103",
        "anoCompra": 2021,
        "sequencialCompra": 1603,
        "statusAtivo": true,
        "titulo": "dispensa 130",
        "tipoDocumentoNome": "Aviso de Contratação Direta",
        "tipoDocumentoDescricao": "Aviso de Contratação Direta",
        "tipoDocumentoId": 1,
        "nome_real": [
            "dispensa 130.pdf"
        ],
        "extensao_real": "pdf"
    }
]