[
    {
        "uri": "https://pncp.gov.br/pncp-api/v1/orgaos/00394494000136/compras/2021/89/arquivos/1",
        "url": "https://pncp.gov.br/pncp-api/v1/orgaos/00394494000136/compras/2021/89/arquivos/1",
        "sequencialDocumento": 1,
        "dataPublicacaoPncp": "2021-12-14T07:00:49",
        "cnpj": "00394494000136",
        "anoCompra": 2021,
        "sequencialCompra": 89,
        "statusAtivo": true,
        "titulo": "SEI_08117.003729_2021_75",
        "tipoDocumentoId": 1,
        "tipoDocumentoDescricao": "Aviso de Contratação Direta",
        "tipoDocumentoNome": "Aviso de Contratação Direta",
        "nome_real": [
            "SEI_08117.003729_2021_75.pdf"
        ],
        "extensao_real": "pdf"
    }
]