[
    {
        "uri": "https://pncp.gov.br/pncp-api/v1/orgaos/01067271000127/compras/2022/12/arquivos/1",
        "url": "https://pncp.gov.br/pncp-api/v1/orgaos/01067271000127/compras/2022/12/arquivos/1",
        "sequencialDocumento": 1,
        "dataPublicacaoPncp": "2022-02-04T16:02:33",
        "cnpj": "01067271000127",
        "anoCompra": 2022,
        "sequencialCompra": 12,
        "statusAtivo": true,
        "titulo": "COMPROVANTE DE PUBLICACAO PORTAL",
        "tipoDocumentoId": 1,
        "tipoDocumentoDescricao": "Aviso de Contratação Direta",
        "tipoDocumentoNome": "Aviso de Contratação Direta",
        "nome_real": [
            "COMPROVANTE_PUBLICACAO.PDF"
        ],
        "extensao_real": "PDF"
    },
    {
        "uri": "https://pncp.gov.br/pncp-api/v1/orgaos/01067271000127/compras/2022/12/arquivos/2",
        "url": "https://pncp.gov.br/pncp-api/v1/orgaos/01067271000127/compras/2022/12/arquivos/2",
        "sequencialDocumento": 2,
        "dataPublicacaoPncp": "2022-02-09T15:40:13",
        "cnpj": "01067271000127",
        "anoCompra": 2022,
        "sequencialCompra": 12,
        "statusAtivo": true,
        "titulo": "NOTA DE EMPENHO NUMERO 84206",
        "tipoDocumentoId": 1,
        "tipoDocumentoDescricao": "Aviso de Contratação Direta",
        "tipoDocumentoNome": "Aviso de Contratação Direta",
        "nome_real": [
            "NOTA_EMPENHO_84206.PDF"
        ],
        "extensao_real": "PDF"
    }
]