[
    {
        "uri": "https://pncp.gov.br/pncp-api/v1/orgaos/10783898000175/compras/2021/11/arquivos/1",
        "url": "https://pncp.gov.br/pncp-api/v1/orgaos/10783898000175/compras/2021/11/arquivos/1",
        "sequencialDocumento": 1,
        "dataPublicacaoPncp": "2021-12-20T07:00:15",
        "cnpj": "10783898000175",
        "anoCompra": 2021,
        "sequencialCompra": 11,
        "statusAtivo": true,
        "titulo": "Aviso de Dispensa Eletronica - Publicacao",
        "tipoDocumentoId": 1,
        "tipoDocumentoDescricao": "Aviso de Contratação Direta",
        "tipoDocumentoNome": "Aviso de Contratação Direta",
        "nome_real": [
            "Aviso de Dispensa Eletronica - Publicacao.zip",
            "Aviso de Dispensa Eletrônica - Publicaç╞o/",
            "Aviso de Dispensa Eletrônica - Publicaç╞o/1. Aviso de Dispensa Eletrônica.pdf",
            "Aviso de Dispensa Eletrônica - Publicaç╞o/2. ANEXO II.pdf",
            "Aviso de Dispensa Eletrônica - Publicaç╞o/3. AP╥NDICE.pdf"
        ],
        "extensao_real": "zip"
    }
]