[
    {
        "uri": "https://pncp.gov.br/pncp-api/v1/orgaos/00394452000103/compras/2021/1269/arquivos/1",
        "url": "https://pncp.gov.br/pncp-api/v1/orgaos/00394452000103/compras/2021/1269/arquivos/1",
        "sequencialDocumento": 1,
        "dataPublicacaoPncp": "2021-10-27T07:01:54",
        "cnpj": "00394452000103",
        "anoCompra": 2021,
        "sequencialCompra": 1269,
        "statusAtivo": true,
        "titulo": "Termo de referencia 602021",
        "tipoDocumentoId": 1,
        "tipoDocumentoDescricao": "Aviso de Contratação Direta",
        "tipoDocumentoNome": "Aviso de Contratação Direta",
        "nome_real": [
            "Termo de referencia 602021.pdf"
        ],
        "extensao_real": "pdf"
    }
]