[
    {
        "uri": "https://pncp.gov.br/pncp-api/v1/orgaos/00394502000144/compras/2021/144/arquivos/1",
        "url": "https://pncp.gov.br/pncp-api/v1/orgaos/00394502000144/compras/2021/144/arquivos/1",
        "sequencialDocumento": 1,
        "dataPublicacaoPncp": "2021-10-15T07:01:28",
        "cnpj": "00394502000144",
        "anoCompra": 2021,
        "sequencialCompra": 144,
        "statusAtivo": true,
        "tipoDocumentoId": 1,
        "tipoDocumentoDescricao": "Aviso de Contratação Direta",
        "titulo": "Dispensa 169",
        "tipoDocumentoNome": "Aviso de Contratação Direta",
        "nome_real": [
            "Dispensa 169.zip",
            "Dispensa 169/",
            "Dispensa 169/AvisodeDispensaEletrnica 2.docx",
            "Dispensa 169/Termo de Referencia 7057_HU-61 2.docx"
        ],
        "extensao_real": "zip"
    }
]