[
    {
        "uri": "https://pncp.gov.br/pncp-api/v1/orgaos/17695032000151/compras/2022/2/arquivos/1",
        "url": "https://pncp.gov.br/pncp-api/v1/orgaos/17695032000151/compras/2022/2/arquivos/1",
        "sequencialDocumento": 1,
        "dataPublicacaoPncp": "2022-02-09T18:23:35",
        "cnpj": "17695032000151",
        "anoCompra": 2022,
        "sequencialCompra": 2,
        "statusAtivo": true,
        "titulo": "2584_a4f597936ae9f5efe93d477781665e44.pdf",
        "tipoDocumentoNome": "Edital",
        "tipoDocumentoDescricao": "Edital",
        "tipoDocumentoId": 2,
        "nome_real": [
            "2584_a4f597936ae9f5efe93d477781665e44.pdf"
        ],
        "extensao_real": "pdf"
    }
]