[
    {
        "uri": "https://pncp.gov.br/pncp-api/v1/orgaos/00394452000103/compras/2022/86/arquivos/1",
        "url": "https://pncp.gov.br/pncp-api/v1/orgaos/00394452000103/compras/2022/86/arquivos/1",
        "sequencialDocumento": 1,
        "dataPublicacaoPncp": "2022-02-02T15:10:12",
        "cnpj": "00394452000103",
        "anoCompra": 2022,
        "sequencialCompra": 86,
        "statusAtivo": true,
        "titulo": "649_2022_Aviso de Dispensa Eletronica",
        "tipoDocumentoNome": "Aviso de Contratação Direta",
        "tipoDocumentoDescricao": "Aviso de Contratação Direta",
        "tipoDocumentoId": 1,
        "nome_real": [
            "649_2022_Aviso de Dispensa Eletronica.pdf"
        ],
        "extensao_real": "pdf"
    }
]