[
    {
        "uri": "https://pncp.gov.br/pncp-api/v1/orgaos/46379400000150/compras/2021/29/arquivos/1",
        "url": "https://pncp.gov.br/pncp-api/v1/orgaos/46379400000150/compras/2021/29/arquivos/1",
        "sequencialDocumento": 1,
        "dataPublicacaoPncp": "2021-09-23T07:00:20",
        "cnpj": "46379400000150",
        "anoCompra": 2021,
        "sequencialCompra": 29,
        "statusAtivo": true,
        "titulo": "Termo de Referencia - Certificado Digital",
        "tipoDocumentoId": 1,
        "tipoDocumentoDescricao": "Aviso de Contratação Direta",
        "tipoDocumentoNome": "Aviso de Contratação Direta",
        "nome_real": [
            "Termo de Referencia - Certificado Digital.pdf"
        ],
        "extensao_real": "pdf"
    }
]