[
    {
        "uri": "https://pncp.gov.br/pncp-api/v1/orgaos/04378626000197/compras/2021/5/arquivos/1",
        "url": "https://pncp.gov.br/pncp-api/v1/orgaos/04378626000197/compras/2021/5/arquivos/1",
        "sequencialDocumento": 1,
        "dataPublicacaoPncp": "2021-12-01T07:01:52",
        "cnpj": "04378626000197",
        "anoCompra": 2021,
        "sequencialCompra": 5,
        "statusAtivo": true,
        "titulo": "Aviso de Dispensa Eletronica 346.2021",
        "tipoDocumentoDescricao": "Aviso de Contratação Direta",
        "tipoDocumentoId": 1,
        "tipoDocumentoNome": "Aviso de Contratação Direta",
        "nome_real": [
            "Aviso de Dispensa Eletronica 346.2021.pdf"
        ],
        "extensao_real": "pdf"
    }
]