[
    {
        "uri": "https://pncp.gov.br/pncp-api/v1/orgaos/08761124000100/compras/2022/19/arquivos/1",
        "url": "https://pncp.gov.br/pncp-api/v1/orgaos/08761124000100/compras/2022/19/arquivos/1",
        "sequencialDocumento": 1,
        "dataPublicacaoPncp": "2022-02-24T13:51:14",
        "cnpj": "08761124000100",
        "anoCompra": 2022,
        "sequencialCompra": 19,
        "statusAtivo": true,
        "titulo": "Projeto Basico - Onibus",
        "tipoDocumentoNome": "Aviso de Contratação Direta",
        "tipoDocumentoDescricao": "Aviso de Contratação Direta",
        "tipoDocumentoId": 1,
        "nome_real": [
            "Projeto Basico - Onibus.pdf"
        ],
        "extensao_real": "pdf"
    }
]