[
    {
        "uri": "https://pncp.gov.br/pncp-api/v1/orgaos/00348003000110/compras/2021/30/arquivos/1",
        "url": "https://pncp.gov.br/pncp-api/v1/orgaos/00348003000110/compras/2021/30/arquivos/1",
        "sequencialDocumento": 1,
        "dataPublicacaoPncp": "2021-09-01T07:00:39",
        "cnpj": "00348003000110",
        "anoCompra": 2021,
        "sequencialCompra": 30,
        "statusAtivo": true,
        "titulo": "Termo de Referencia - Dispensa Eletronica n 049-2021",
        "tipoDocumentoId": 1,
        "tipoDocumentoDescricao": "Aviso de Contratação Direta",
        "tipoDocumentoNome": "Aviso de Contratação Direta",
        "nome_real": [
            "Termo de Referencia - Dispensa Eletronica n 049-2021.pdf"
        ],
        "extensao_real": "pdf"
    }
]