[
    {
        "uri": "https://pncp.gov.br/pncp-api/v1/orgaos/00394452000103/compras/2021/118/arquivos/1",
        "url": "https://pncp.gov.br/pncp-api/v1/orgaos/00394452000103/compras/2021/118/arquivos/1",
        "tipoDocumentoDescricao": "Aviso de Contratação Direta",
        "tipoDocumentoId": 1,
        "statusAtivo": true,
        "sequencialDocumento": 1,
        "dataPublicacaoPncp": "2021-08-23T07:00:59",
        "cnpj": "00394452000103",
        "anoCompra": 2021,
        "sequencialCompra": 118,
        "titulo": "TR - Cot Eletronica 170 - Rede Camuflagem",
        "tipoDocumentoNome": "Aviso de Contratação Direta",
        "nome_real": [
            "TR - Cot Eletronica 170 - Rede Camuflagem.zip",
            "Foto Rede Camuflagem 2.png",
            "Foto Rede Camuflagem.png",
            "TR - Cot Eletrônica 170 - Rede de Camuflagem.pdf"
        ],
        "extensao_real": "zip"
    }
]