[
    {
        "uri": "https://pncp.gov.br/pncp-api/v1/orgaos/08761124000100/compras/2022/12/arquivos/1",
        "url": "https://pncp.gov.br/pncp-api/v1/orgaos/08761124000100/compras/2022/12/arquivos/1",
        "sequencialDocumento": 1,
        "dataPublicacaoPncp": "2022-02-21T14:13:47",
        "cnpj": "08761124000100",
        "anoCompra": 2022,
        "sequencialCompra": 12,
        "statusAtivo": true,
        "titulo": "Projeto Basico - roco",
        "tipoDocumentoId": 1,
        "tipoDocumentoNome": "Aviso de Contratação Direta",
        "tipoDocumentoDescricao": "Aviso de Contratação Direta",
        "nome_real": [
            "Projeto Basico - roco.pdf"
        ],
        "extensao_real": "pdf"
    }
]