[
    {
        "uri": "https://pncp.gov.br/pncp-api/v1/orgaos/00394502000144/compras/2021/104/arquivos/1",
        "url": "https://pncp.gov.br/pncp-api/v1/orgaos/00394502000144/compras/2021/104/arquivos/1",
        "sequencialDocumento": 1,
        "dataPublicacaoPncp": "2021-10-05T07:00:42",
        "cnpj": "00394502000144",
        "anoCompra": 2021,
        "sequencialCompra": 104,
        "statusAtivo": true,
        "titulo": "aviso de dispensa eletronica",
        "tipoDocumentoId": 1,
        "tipoDocumentoNome": "Aviso de Contratação Direta",
        "tipoDocumentoDescricao": "Aviso de Contratação Direta",
        "nome_real": [
            "aviso de dispensa eletronica.pdf"
        ],
        "extensao_real": "pdf"
    }
]