[
    {
        "uri": "https://pncp.gov.br/pncp-api/v1/orgaos/00396895000125/compras/2021/38/arquivos/1",
        "url": "https://pncp.gov.br/pncp-api/v1/orgaos/00396895000125/compras/2021/38/arquivos/1",
        "sequencialDocumento": 1,
        "dataPublicacaoPncp": "2021-12-08T07:00:57",
        "cnpj": "00396895000125",
        "anoCompra": 2021,
        "sequencialCompra": 38,
        "statusAtivo": true,
        "titulo": "SEI_MAPA - 18856424 - Projeto Basico",
        "tipoDocumentoId": 1,
        "tipoDocumentoNome": "Aviso de Contratação Direta",
        "tipoDocumentoDescricao": "Aviso de Contratação Direta",
        "nome_real": [
            "SEI_MAPA - 18856424 - Projeto Basico.pdf"
        ],
        "extensao_real": "pdf"
    }
]