[
    {
        "uri": "https://pncp.gov.br/pncp-api/v1/orgaos/32784905000196/compras/2022/3/arquivos/1",
        "url": "https://pncp.gov.br/pncp-api/v1/orgaos/32784905000196/compras/2022/3/arquivos/1",
        "sequencialDocumento": 1,
        "dataPublicacaoPncp": "2022-02-14T15:23:11",
        "cnpj": "32784905000196",
        "anoCompra": 2022,
        "sequencialCompra": 3,
        "statusAtivo": true,
        "titulo": "TERMO DE REFEReNCIA",
        "tipoDocumentoId": 1,
        "tipoDocumentoNome": "Aviso de Contratação Direta",
        "tipoDocumentoDescricao": "Aviso de Contratação Direta",
        "nome_real": [
            "TERMO DE REFEReNCIA.pdf"
        ],
        "extensao_real": "pdf"
    }
]