[
    {
        "uri": "https://pncp.gov.br/pncp-api/v1/orgaos/00394429000100/compras/2021/22/arquivos/1",
        "url": "https://pncp.gov.br/pncp-api/v1/orgaos/00394429000100/compras/2021/22/arquivos/1",
        "sequencialDocumento": 1,
        "dataPublicacaoPncp": "2021-09-20T07:00:35",
        "cnpj": "00394429000100",
        "anoCompra": 2021,
        "sequencialCompra": 22,
        "statusAtivo": true,
        "titulo": "1. PROJETO BASICO",
        "tipoDocumentoDescricao": "Aviso de Contratação Direta",
        "tipoDocumentoId": 1,
        "tipoDocumentoNome": "Aviso de Contratação Direta",
        "nome_real": [
            "1. PROJETO BASICO.pdf"
        ],
        "extensao_real": "pdf"
    }
]