[
    {
        "uri": "https://pncp.gov.br/pncp-api/v1/orgaos/10784782000150/compras/2021/35/arquivos/1",
        "url": "https://pncp.gov.br/pncp-api/v1/orgaos/10784782000150/compras/2021/35/arquivos/1",
        "sequencialDocumento": 1,
        "dataPublicacaoPncp": "2021-12-09T07:01:23",
        "cnpj": "10784782000150",
        "anoCompra": 2021,
        "sequencialCompra": 35,
        "statusAtivo": true,
        "titulo": "TERMO REFERENCIA N 89 2021",
        "tipoDocumentoId": 1,
        "tipoDocumentoDescricao": "Aviso de Contratação Direta",
        "tipoDocumentoNome": "Aviso de Contratação Direta",
        "nome_real": [
            "TERMO REFERENCIA N 89 2021.pdf"
        ],
        "extensao_real": "pdf"
    }
]