[
    {
        "uri": "https://pncp.gov.br/pncp-api/v1/orgaos/00394544000185/compras/2022/7/arquivos/1",
        "url": "https://pncp.gov.br/pncp-api/v1/orgaos/00394544000185/compras/2022/7/arquivos/1",
        "sequencialDocumento": 1,
        "dataPublicacaoPncp": "2022-01-17T15:17:05",
        "cnpj": "00394544000185",
        "anoCompra": 2022,
        "sequencialCompra": 7,
        "statusAtivo": true,
        "titulo": "PDFsam_merge",
        "tipoDocumentoId": 1,
        "tipoDocumentoNome": "Aviso de Contratação Direta",
        "tipoDocumentoDescricao": "Aviso de Contratação Direta",
        "nome_real": [
            "PDFsam_merge.pdf"
        ],
        "extensao_real": "pdf"
    }
]