[
    {
        "uri": "https://pncp.gov.br/pncp-api/v1/orgaos/10838653000106/compras/2021/5/arquivos/1",
        "url": "https://pncp.gov.br/pncp-api/v1/orgaos/10838653000106/compras/2021/5/arquivos/1",
        "sequencialDocumento": 1,
        "dataPublicacaoPncp": "2021-09-03T07:00:17",
        "cnpj": "10838653000106",
        "anoCompra": 2021,
        "sequencialCompra": 5,
        "statusAtivo": true,
        "titulo": "DISPENSA ELETRONICA N 02-2021-FACTO",
        "tipoDocumentoNome": "Aviso de Contratação Direta",
        "tipoDocumentoId": 1,
        "tipoDocumentoDescricao": "Aviso de Contratação Direta",
        "nome_real": [
            "DISPENSA ELETRONICA N 02-2021-FACTO.zip",
            "DISPENSA ELETRΓNICA Nº 02-2021-FACTO/",
            "DISPENSA ELETRΓNICA Nº 02-2021-FACTO/Anexo II - Modelo de Proposta.docx",
            "DISPENSA ELETRΓNICA Nº 02-2021-FACTO/Anexo II - Modelo de Proposta.pdf",
            "DISPENSA ELETRΓNICA Nº 02-2021-FACTO/Aviso de Dispensa Eletronica - 02-2021 - Projeto 139 - Robótica.pdf"
        ],
        "extensao_real": "zip"
    }
]