[
    {
        "uri": "https://pncp.gov.br/pncp-api/v1/orgaos/00394452000103/compras/2021/2388/arquivos/1",
        "url": "https://pncp.gov.br/pncp-api/v1/orgaos/00394452000103/compras/2021/2388/arquivos/1",
        "sequencialDocumento": 1,
        "dataPublicacaoPncp": "2021-12-13T07:00:49",
        "cnpj": "00394452000103",
        "anoCompra": 2021,
        "sequencialCompra": 2388,
        "statusAtivo": true,
        "titulo": "termo de refer 6133",
        "tipoDocumentoId": 1,
        "tipoDocumentoNome": "Aviso de Contratação Direta",
        "tipoDocumentoDescricao": "Aviso de Contratação Direta",
        "nome_real": [
            "termo de refer 6133.pdf"
        ],
        "extensao_real": "pdf"
    }
]