[
    {
        "uri": "https://pncp.gov.br/pncp-api/v1/orgaos/00394452000103/compras/2021/2184/arquivos/1",
        "url": "https://pncp.gov.br/pncp-api/v1/orgaos/00394452000103/compras/2021/2184/arquivos/1",
        "sequencialDocumento": 1,
        "dataPublicacaoPncp": "2021-11-30T18:12:11",
        "cnpj": "00394452000103",
        "anoCompra": 2021,
        "sequencialCompra": 2184,
        "statusAtivo": true,
        "titulo": "Termo Referencia para dispensa eletronica 2021 servicos graficos",
        "tipoDocumentoId": 1,
        "tipoDocumentoNome": "Aviso de Contratação Direta",
        "tipoDocumentoDescricao": "Aviso de Contratação Direta",
        "nome_real": [
            "Termo Referencia para dispensa eletronica 2021 servicos graficos .pdf"
        ],
        "extensao_real": "pdf"
    }
]