[
    {
        "uri": "https://pncp.gov.br/pncp-api/v1/orgaos/26474056000171/compras/2021/29/arquivos/1",
        "url": "https://pncp.gov.br/pncp-api/v1/orgaos/26474056000171/compras/2021/29/arquivos/1",
        "sequencialDocumento": 1,
        "dataPublicacaoPncp": "2021-12-08T07:00:32",
        "cnpj": "26474056000171",
        "anoCompra": 2021,
        "sequencialCompra": 29,
        "statusAtivo": true,
        "titulo": "Aviso de Dispensa e Termo de Referencia",
        "tipoDocumentoId": 1,
        "tipoDocumentoDescricao": "Aviso de Contratação Direta",
        "tipoDocumentoNome": "Aviso de Contratação Direta",
        "nome_real": [
            "Aviso de Dispensa e Termo de Referencia.pdf"
        ],
        "extensao_real": "pdf"
    }
]