[
    {
        "uri": "https://pncp.gov.br/pncp-api/v1/orgaos/00394502000144/compras/2021/392/arquivos/1",
        "url": "https://pncp.gov.br/pncp-api/v1/orgaos/00394502000144/compras/2021/392/arquivos/1",
        "sequencialDocumento": 1,
        "dataPublicacaoPncp": "2021-11-23T07:02:44",
        "cnpj": "00394502000144",
        "anoCompra": 2021,
        "sequencialCompra": 392,
        "statusAtivo": true,
        "titulo": "Avisode Dispensa Eletrnica Coifa",
        "tipoDocumentoDescricao": "Aviso de Contratação Direta",
        "tipoDocumentoId": 1,
        "tipoDocumentoNome": "Aviso de Contratação Direta",
        "nome_real": [
            "Avisode Dispensa Eletrnica Coifa.pdf"
        ],
        "extensao_real": "pdf"
    }
]