[
    {
        "uri": "https://pncp.gov.br/pncp-api/v1/orgaos/00394452000103/compras/2021/681/arquivos/1",
        "url": "https://pncp.gov.br/pncp-api/v1/orgaos/00394452000103/compras/2021/681/arquivos/1",
        "sequencialDocumento": 1,
        "dataPublicacaoPncp": "2021-09-27T07:00:56",
        "cnpj": "00394452000103",
        "anoCompra": 2021,
        "sequencialCompra": 681,
        "statusAtivo": true,
        "titulo": "Aviso de dispensa eletronica 141",
        "tipoDocumentoId": 1,
        "tipoDocumentoDescricao": "Aviso de Contratação Direta",
        "tipoDocumentoNome": "Aviso de Contratação Direta",
        "nome_real": [
            "Aviso de dispensa eletronica 141.pdf"
        ],
        "extensao_real": "pdf"
    }
]