[
    {
        "uri": "https://pncp.gov.br/pncp-api/v1/orgaos/00394502000144/compras/2022/103/arquivos/1",
        "url": "https://pncp.gov.br/pncp-api/v1/orgaos/00394502000144/compras/2022/103/arquivos/1",
        "sequencialDocumento": 1,
        "dataPublicacaoPncp": "2022-02-14T13:13:48",
        "cnpj": "00394502000144",
        "anoCompra": 2022,
        "sequencialCompra": 103,
        "statusAtivo": true,
        "titulo": "Anexo II - Termo_de_referencia - carimbos",
        "tipoDocumentoNome": "Aviso de Contratação Direta",
        "tipoDocumentoDescricao": "Aviso de Contratação Direta",
        "tipoDocumentoId": 1,
        "nome_real": [
            "Anexo II - Termo_de_referencia - carimbos.docx"
        ],
        "extensao_real": "docx"
    }
]