[
    {
        "uri": "https://pncp.gov.br/pncp-api/v1/orgaos/00394452000103/compras/2021/54/arquivos/1",
        "url": "https://pncp.gov.br/pncp-api/v1/orgaos/00394452000103/compras/2021/54/arquivos/1",
        "sequencialDocumento": 1,
        "dataPublicacaoPncp": "2021-08-19T07:00:31",
        "cnpj": "00394452000103",
        "anoCompra": 2021,
        "sequencialCompra": 54,
        "statusAtivo": true,
        "titulo": "PROJETO BASICO",
        "tipoDocumentoDescricao": "Aviso de Contratação Direta",
        "tipoDocumentoNome": "Aviso de Contratação Direta",
        "tipoDocumentoId": 1,
        "nome_real": [
            "PROJETO BASICO.pdf"
        ],
        "extensao_real": "pdf"
    }
]