[
    {
        "uri": "https://pncp.gov.br/pncp-api/v1/orgaos/04898488000177/compras/2022/11/arquivos/1",
        "url": "https://pncp.gov.br/pncp-api/v1/orgaos/04898488000177/compras/2022/11/arquivos/1",
        "sequencialDocumento": 1,
        "dataPublicacaoPncp": "2022-03-07T14:44:55",
        "cnpj": "04898488000177",
        "anoCompra": 2022,
        "sequencialCompra": 11,
        "statusAtivo": true,
        "titulo": "PB cones",
        "tipoDocumentoDescricao": "Aviso de Contratação Direta",
        "tipoDocumentoId": 1,
        "tipoDocumentoNome": "Aviso de Contratação Direta",
        "nome_real": [
            "PB cones.pdf"
        ],
        "extensao_real": "pdf"
    }
]