[
    {
        "uri": "https://pncp.gov.br/pncp-api/v1/orgaos/00394452000103/compras/2021/800/arquivos/1",
        "url": "https://pncp.gov.br/pncp-api/v1/orgaos/00394452000103/compras/2021/800/arquivos/1",
        "sequencialDocumento": 1,
        "dataPublicacaoPncp": "2021-10-04T07:01:37",
        "cnpj": "00394452000103",
        "anoCompra": 2021,
        "sequencialCompra": 800,
        "statusAtivo": true,
        "titulo": "TR DISPENSA 39",
        "tipoDocumentoDescricao": "Aviso de Contratação Direta",
        "tipoDocumentoId": 1,
        "tipoDocumentoNome": "Aviso de Contratação Direta",
        "nome_real": [
            "TR DISPENSA 39.pdf"
        ],
        "extensao_real": "pdf"
    }
]