[
    {
        "uri": "https://pncp.gov.br/pncp-api/v1/orgaos/17005653000166/compras/2022/1/arquivos/1",
        "url": "https://pncp.gov.br/pncp-api/v1/orgaos/17005653000166/compras/2022/1/arquivos/1",
        "sequencialDocumento": 1,
        "dataPublicacaoPncp": "2022-03-08T23:09:54",
        "cnpj": "17005653000166",
        "anoCompra": 2022,
        "sequencialCompra": 1,
        "statusAtivo": true,
        "titulo": "2856_28f630d825139d918d6e11defbc9e8fc.pdf",
        "tipoDocumentoId": 2,
        "tipoDocumentoDescricao": "Edital",
        "tipoDocumentoNome": "Edital",
        "nome_real": [
            "2856_28f630d825139d918d6e11defbc9e8fc.pdf"
        ],
        "extensao_real": "pdf"
    }
]