[
    {
        "uri": "https://pncp.gov.br/pncp-api/v1/orgaos/00394452000103/compras/2021/140/arquivos/1",
        "url": "https://pncp.gov.br/pncp-api/v1/orgaos/00394452000103/compras/2021/140/arquivos/1",
        "sequencialDocumento": 1,
        "dataPublicacaoPncp": "2021-08-25T07:00:40",
        "cnpj": "00394452000103",
        "anoCompra": 2021,
        "sequencialCompra": 140,
        "statusAtivo": true,
        "titulo": "TERMO DE REFERENCIA DISP ELET 97",
        "tipoDocumentoId": 1,
        "tipoDocumentoDescricao": "Aviso de Contratação Direta",
        "tipoDocumentoNome": "Aviso de Contratação Direta",
        "nome_real": [
            "TERMO DE REFERENCIA DISP ELET 97.pdf"
        ],
        "extensao_real": "pdf"
    }
]