[
    {
        "uri": "https://pncp.gov.br/pncp-api/v1/orgaos/60975075000110/compras/2021/12/arquivos/1",
        "url": "https://pncp.gov.br/pncp-api/v1/orgaos/60975075000110/compras/2021/12/arquivos/1",
        "sequencialDocumento": 1,
        "dataPublicacaoPncp": "2022-01-13T07:18:00",
        "cnpj": "60975075000110",
        "anoCompra": 2021,
        "sequencialCompra": 12,
        "statusAtivo": true,
        "titulo": "ADE027-2021",
        "tipoDocumentoId": 1,
        "tipoDocumentoDescricao": "Aviso de Contratação Direta",
        "tipoDocumentoNome": "Aviso de Contratação Direta",
        "nome_real": [
            "ADE027-2021.pdf"
        ],
        "extensao_real": "pdf"
    }
]