[
    {
        "uri": "https://pncp.gov.br/pncp-api/v1/orgaos/00394452000103/compras/2022/166/arquivos/1",
        "url": "https://pncp.gov.br/pncp-api/v1/orgaos/00394452000103/compras/2022/166/arquivos/1",
        "sequencialDocumento": 1,
        "dataPublicacaoPncp": "2022-02-09T11:13:45",
        "cnpj": "00394452000103",
        "anoCompra": 2022,
        "sequencialCompra": 166,
        "statusAtivo": true,
        "titulo": "TERMO DE REFERENCIA TONNER",
        "tipoDocumentoId": 1,
        "tipoDocumentoDescricao": "Aviso de Contratação Direta",
        "tipoDocumentoNome": "Aviso de Contratação Direta",
        "nome_real": [
            "TERMO DE REFERENCIA TONNER.pdf"
        ],
        "extensao_real": "pdf"
    }
]