[
    {
        "uri": "https://pncp.gov.br/pncp-api/v1/orgaos/00375114000116/compras/2022/2/arquivos/1",
        "url": "https://pncp.gov.br/pncp-api/v1/orgaos/00375114000116/compras/2022/2/arquivos/1",
        "sequencialDocumento": 1,
        "dataPublicacaoPncp": "2022-02-18T10:38:52",
        "cnpj": "00375114000116",
        "anoCompra": 2022,
        "sequencialCompra": 2,
        "statusAtivo": true,
        "titulo": "SEI_DPU - 4992435 - Projeto Basico",
        "tipoDocumentoId": 1,
        "tipoDocumentoDescricao": "Aviso de Contratação Direta",
        "tipoDocumentoNome": "Aviso de Contratação Direta",
        "nome_real": [
            "SEI_DPU - 4992435 - Projeto Basico.pdf"
        ],
        "extensao_real": "pdf"
    }
]