[
    {
        "uri": "https://pncp.gov.br/pncp-api/v1/orgaos/15126437000143/compras/2021/8/arquivos/1",
        "url": "https://pncp.gov.br/pncp-api/v1/orgaos/15126437000143/compras/2021/8/arquivos/1",
        "sequencialDocumento": 1,
        "dataPublicacaoPncp": "2021-08-17T07:00:26",
        "cnpj": "15126437000143",
        "anoCompra": 2021,
        "sequencialCompra": 8,
        "statusAtivo": true,
        "tipoDocumentoNome": "Aviso de Contratação Direta",
        "titulo": "TERMO DE REFERENCIA E DECLARACAO",
        "tipoDocumentoId": 1,
        "tipoDocumentoDescricao": "Aviso de Contratação Direta",
        "nome_real": [
            "TERMO DE REFERENCIA E DECLARACAO.pdf"
        ],
        "extensao_real": "pdf"
    }
]