[
    {
        "uri": "https://pncp.gov.br/pncp-api/v1/orgaos/10735145000194/compras/2021/29/arquivos/1",
        "url": "https://pncp.gov.br/pncp-api/v1/orgaos/10735145000194/compras/2021/29/arquivos/1",
        "sequencialDocumento": 1,
        "dataPublicacaoPncp": "2021-11-10T07:00:46",
        "cnpj": "10735145000194",
        "anoCompra": 2021,
        "sequencialCompra": 29,
        "statusAtivo": true,
        "titulo": "AVISO DE DISPENSA ELETRONICA - KIT CESTA BASICA - 09.11.2021",
        "tipoDocumentoId": 1,
        "tipoDocumentoDescricao": "Aviso de Contratação Direta",
        "tipoDocumentoNome": "Aviso de Contratação Direta",
        "nome_real": [
            "AVISO DE DISPENSA ELETRONICA - KIT CESTA BASICA - 09.11.2021.pdf"
        ],
        "extensao_real": "pdf"
    }
]