[
    {
        "uri": "https://pncp.gov.br/pncp-api/v1/orgaos/00394429000100/compras/2021/92/arquivos/1",
        "url": "https://pncp.gov.br/pncp-api/v1/orgaos/00394429000100/compras/2021/92/arquivos/1",
        "sequencialDocumento": 1,
        "dataPublicacaoPncp": "2021-10-15T07:00:59",
        "cnpj": "00394429000100",
        "anoCompra": 2021,
        "sequencialCompra": 92,
        "statusAtivo": true,
        "titulo": "ANEXO COMPRASNET",
        "tipoDocumentoDescricao": "Aviso de Contratação Direta",
        "tipoDocumentoId": 1,
        "tipoDocumentoNome": "Aviso de Contratação Direta",
        "nome_real": [
            "ANEXO COMPRASNET.pdf"
        ],
        "extensao_real": "pdf"
    }
]