[
    {
        "uri": "https://pncp.gov.br/pncp-api/v1/orgaos/00394494010441/compras/2021/18/arquivos/1",
        "url": "https://pncp.gov.br/pncp-api/v1/orgaos/00394494010441/compras/2021/18/arquivos/1",
        "sequencialDocumento": 1,
        "dataPublicacaoPncp": "2021-10-04T07:00:34",
        "cnpj": "00394494010441",
        "anoCompra": 2021,
        "sequencialCompra": 18,
        "statusAtivo": true,
        "tipoDocumentoId": 1,
        "tipoDocumentoDescricao": "Aviso de Contratação Direta",
        "titulo": "Aviso Dispensa Eletronica 15-2021-200126",
        "tipoDocumentoNome": "Aviso de Contratação Direta",
        "nome_real": [
            "Aviso Dispensa Eletronica 15-2021-200126.pdf"
        ],
        "extensao_real": "pdf"
    }
]