[
    {
        "uri": "https://pncp.gov.br/pncp-api/v1/orgaos/01263896000164/compras/2021/213/arquivos/1",
        "url": "https://pncp.gov.br/pncp-api/v1/orgaos/01263896000164/compras/2021/213/arquivos/1",
        "sequencialDocumento": 1,
        "dataPublicacaoPncp": "2021-12-28T14:40:23",
        "cnpj": "01263896000164",
        "anoCompra": 2021,
        "sequencialCompra": 213,
        "statusAtivo": true,
        "titulo": "Ato Autorizativo",
        "tipoDocumentoId": 1,
        "tipoDocumentoDescricao": "Aviso de Contratação Direta",
        "tipoDocumentoNome": "Aviso de Contratação Direta",
        "nome_real": [
            "SEI_MCTI - 8939331 - Autorizacao de compra_servico.pdf"
        ],
        "extensao_real": "pdf"
    },
    {
        "uri": "https://pncp.gov.br/pncp-api/v1/orgaos/01263896000164/compras/2021/213/arquivos/2",
        "url": "https://pncp.gov.br/pncp-api/v1/orgaos/01263896000164/compras/2021/213/arquivos/2",
        "sequencialDocumento": 2,
        "dataPublicacaoPncp": "2022-01-27T18:25:25",
        "cnpj": "01263896000164",
        "anoCompra": 2021,
        "sequencialCompra": 213,
        "statusAtivo": true,
        "titulo": "Projeto Básico",
        "tipoDocumentoId": 6,
        "tipoDocumentoDescricao": "Projeto Básico",
        "tipoDocumentoNome": "Projeto Básico",
        "nome_real": [
            "SEI_MCTI - 8119892 - Projeto Basico.pdf"
        ],
        "extensao_real": "pdf"
    }
]