[
    {
        "uri": "https://pncp.gov.br/pncp-api/v1/orgaos/00394429000100/compras/2021/7/arquivos/1",
        "url": "https://pncp.gov.br/pncp-api/v1/orgaos/00394429000100/compras/2021/7/arquivos/1",
        "sequencialDocumento": 1,
        "dataPublicacaoPncp": "2021-09-09T07:00:56",
        "cnpj": "00394429000100",
        "anoCompra": 2021,
        "sequencialCompra": 7,
        "statusAtivo": true,
        "titulo": "TERMO DE REFERENCIA",
        "tipoDocumentoId": 1,
        "tipoDocumentoDescricao": "Aviso de Contratação Direta",
        "tipoDocumentoNome": "Aviso de Contratação Direta",
        "nome_real": [
            "TERMO DE REFERENCIA.pdf"
        ],
        "extensao_real": "pdf"
    }
]