[
    {
        "uri": "https://pncp.gov.br/pncp-api/v1/orgaos/00394429000100/compras/2022/91/arquivos/1",
        "url": "https://pncp.gov.br/pncp-api/v1/orgaos/00394429000100/compras/2022/91/arquivos/1",
        "sequencialDocumento": 1,
        "dataPublicacaoPncp": "2022-03-07T15:47:30",
        "cnpj": "00394429000100",
        "anoCompra": 2022,
        "sequencialCompra": 91,
        "statusAtivo": true,
        "titulo": "AVISO E ANEXOS",
        "tipoDocumentoId": 1,
        "tipoDocumentoDescricao": "Aviso de Contratação Direta",
        "tipoDocumentoNome": "Aviso de Contratação Direta",
        "nome_real": [
            "AVISO E ANEXOS.pdf"
        ],
        "extensao_real": "pdf"
    }
]