[
    {
        "uri": "https://pncp.gov.br/pncp-api/v1/orgaos/00348003000110/compras/2021/185/arquivos/1",
        "url": "https://pncp.gov.br/pncp-api/v1/orgaos/00348003000110/compras/2021/185/arquivos/1",
        "sequencialDocumento": 1,
        "dataPublicacaoPncp": "2021-11-08T07:00:46",
        "cnpj": "00348003000110",
        "anoCompra": 2021,
        "sequencialCompra": 185,
        "statusAtivo": true,
        "tipoDocumentoId": 1,
        "tipoDocumentoDescricao": "Aviso de Contratação Direta",
        "titulo": "SEI_EMBRAPA - 6135626 - Termo de Referencia DE 24-2021",
        "tipoDocumentoNome": "Aviso de Contratação Direta",
        "nome_real": [
            "SEI_EMBRAPA - 6135626 - Termo de Referencia DE 24-2021.pdf"
        ],
        "extensao_real": "pdf"
    }
]