[
    {
        "uri": "https://pncp.gov.br/pncp-api/v1/orgaos/00394429000100/compras/2021/340/arquivos/1",
        "url": "https://pncp.gov.br/pncp-api/v1/orgaos/00394429000100/compras/2021/340/arquivos/1",
        "sequencialDocumento": 1,
        "dataPublicacaoPncp": "2021-12-02T07:01:01",
        "cnpj": "00394429000100",
        "anoCompra": 2021,
        "sequencialCompra": 340,
        "statusAtivo": true,
        "titulo": "Aviso de Dispensa Eletronica 52 2021 e Anexo II - Termo de Referencia",
        "tipoDocumentoId": 1,
        "tipoDocumentoNome": "Aviso de Contratação Direta",
        "tipoDocumentoDescricao": "Aviso de Contratação Direta",
        "nome_real": [
            "Aviso de Dispensa Eletronica 52 2021 e Anexo II - Termo de Referencia.rar"
        ],
        "extensao_real": "rar"
    }
]