[
    {
        "uri": "https://pncp.gov.br/pncp-api/v1/orgaos/00394502000144/compras/2022/300/arquivos/1",
        "url": "https://pncp.gov.br/pncp-api/v1/orgaos/00394502000144/compras/2022/300/arquivos/1",
        "sequencialDocumento": 1,
        "dataPublicacaoPncp": "2022-03-10T16:55:43",
        "cnpj": "00394502000144",
        "anoCompra": 2022,
        "sequencialCompra": 300,
        "statusAtivo": true,
        "tipoDocumentoId": 1,
        "tipoDocumentoDescricao": "Aviso de Contratação Direta",
        "titulo": "Aviso de Dispensa 0002-2022",
        "tipoDocumentoNome": "Aviso de Contratação Direta",
        "nome_real": [
            "Aviso de Dispensa 0002-2022.pdf"
        ],
        "extensao_real": "pdf"
    }
]