[
    {
        "uri": "https://pncp.gov.br/pncp-api/v1/orgaos/00394452000103/compras/2021/1899/arquivos/1",
        "url": "https://pncp.gov.br/pncp-api/v1/orgaos/00394452000103/compras/2021/1899/arquivos/1",
        "sequencialDocumento": 1,
        "dataPublicacaoPncp": "2021-11-23T07:01:30",
        "cnpj": "00394452000103",
        "anoCompra": 2021,
        "sequencialCompra": 1899,
        "statusAtivo": true,
        "titulo": "Edital 62-2021-25-49",
        "tipoDocumentoNome": "Aviso de Contratação Direta",
        "tipoDocumentoDescricao": "Aviso de Contratação Direta",
        "tipoDocumentoId": 1,
        "nome_real": [
            "Edital 62-2021-25-49.pdf"
        ],
        "extensao_real": "pdf"
    }
]