[
    {
        "uri": "https://pncp.gov.br/pncp-api/v1/orgaos/00394502000144/compras/2021/335/arquivos/1",
        "url": "https://pncp.gov.br/pncp-api/v1/orgaos/00394502000144/compras/2021/335/arquivos/1",
        "sequencialDocumento": 1,
        "dataPublicacaoPncp": "2021-11-16T07:01:59",
        "cnpj": "00394502000144",
        "anoCompra": 2021,
        "sequencialCompra": 335,
        "statusAtivo": true,
        "titulo": "51-2021-BFNIF-Aquisicao de copo-Dispensa Eletronica",
        "tipoDocumentoId": 1,
        "tipoDocumentoNome": "Aviso de Contratação Direta",
        "tipoDocumentoDescricao": "Aviso de Contratação Direta",
        "nome_real": [
            "51-2021-BFNIF-Aquisicao de copo-Dispensa Eletronica.zip",
            "Aviso de Dispensa - 51-2021.pdf",
            "Termo de Referência - 51-2021.pdf"
        ],
        "extensao_real": "zip"
    }
]