[
    {
        "uri": "https://pncp.gov.br/pncp-api/v1/orgaos/00394452000103/compras/2021/1347/arquivos/1",
        "url": "https://pncp.gov.br/pncp-api/v1/orgaos/00394452000103/compras/2021/1347/arquivos/1",
        "sequencialDocumento": 1,
        "dataPublicacaoPncp": "2021-10-28T07:01:43",
        "cnpj": "00394452000103",
        "anoCompra": 2021,
        "sequencialCompra": 1347,
        "statusAtivo": true,
        "titulo": "Aviso de Dispensa Eletronica",
        "tipoDocumentoId": 1,
        "tipoDocumentoNome": "Aviso de Contratação Direta",
        "tipoDocumentoDescricao": "Aviso de Contratação Direta",
        "nome_real": [
            "Aviso de Dispensa Eletronica.odt"
        ],
        "extensao_real": "odt"
    }
]