[
    {
        "uri": "https://pncp.gov.br/pncp-api/v1/orgaos/04378626000197/compras/2022/2/arquivos/1",
        "url": "https://pncp.gov.br/pncp-api/v1/orgaos/04378626000197/compras/2022/2/arquivos/1",
        "sequencialDocumento": 1,
        "dataPublicacaoPncp": "2022-01-27T12:07:22",
        "cnpj": "04378626000197",
        "anoCompra": 2022,
        "sequencialCompra": 2,
        "statusAtivo": true,
        "titulo": "SEI_23105.044588_2021_73",
        "tipoDocumentoId": 1,
        "tipoDocumentoDescricao": "Aviso de Contratação Direta",
        "tipoDocumentoNome": "Aviso de Contratação Direta",
        "nome_real": [
            "SEI_23105.044588_2021_73.pdf"
        ],
        "extensao_real": "pdf"
    }
]