[
    {
        "uri": "https://pncp.gov.br/pncp-api/v1/orgaos/00394452000103/compras/2021/2155/arquivos/1",
        "url": "https://pncp.gov.br/pncp-api/v1/orgaos/00394452000103/compras/2021/2155/arquivos/1",
        "sequencialDocumento": 1,
        "dataPublicacaoPncp": "2021-11-30T07:01:39",
        "cnpj": "00394452000103",
        "anoCompra": 2021,
        "sequencialCompra": 2155,
        "statusAtivo": true,
        "titulo": "Aviso_Dispensa_Eletronica_Req 391",
        "tipoDocumentoDescricao": "Aviso de Contratação Direta",
        "tipoDocumentoId": 1,
        "tipoDocumentoNome": "Aviso de Contratação Direta",
        "nome_real": [
            "Aviso_Dispensa_Eletronica_Req 391.pdf"
        ],
        "extensao_real": "pdf"
    }
]