[
    {
        "uri": "https://pncp.gov.br/pncp-api/v1/orgaos/00394452000103/compras/2021/435/arquivos/1",
        "url": "https://pncp.gov.br/pncp-api/v1/orgaos/00394452000103/compras/2021/435/arquivos/1",
        "sequencialDocumento": 1,
        "dataPublicacaoPncp": "2021-09-13T07:01:25",
        "cnpj": "00394452000103",
        "anoCompra": 2021,
        "sequencialCompra": 435,
        "statusAtivo": true,
        "titulo": "01. AvisodeDispensaEletrnica servico",
        "tipoDocumentoId": 1,
        "tipoDocumentoDescricao": "Aviso de Contratação Direta",
        "tipoDocumentoNome": "Aviso de Contratação Direta",
        "nome_real": [
            "01. AvisodeDispensaEletrnica servico.docx"
        ],
        "extensao_real": "docx"
    }
]