[
    {
        "uri": "https://pncp.gov.br/pncp-api/v1/orgaos/00394452000103/compras/2021/1484/arquivos/1",
        "url": "https://pncp.gov.br/pncp-api/v1/orgaos/00394452000103/compras/2021/1484/arquivos/1",
        "sequencialDocumento": 1,
        "dataPublicacaoPncp": "2021-11-05T07:01:14",
        "cnpj": "00394452000103",
        "anoCompra": 2021,
        "sequencialCompra": 1484,
        "statusAtivo": true,
        "titulo": "Aviso de Dispensa Eletronica",
        "tipoDocumentoId": 1,
        "tipoDocumentoNome": "Aviso de Contratação Direta",
        "tipoDocumentoDescricao": "Aviso de Contratação Direta",
        "nome_real": [
            "Aviso de Dispensa Eletronica.pdf"
        ],
        "extensao_real": "pdf"
    }
]