[
    {
        "uri": "https://pncp.gov.br/pncp-api/v1/orgaos/00394452000103/compras/2021/1510/arquivos/1",
        "url": "https://pncp.gov.br/pncp-api/v1/orgaos/00394452000103/compras/2021/1510/arquivos/1",
        "sequencialDocumento": 1,
        "dataPublicacaoPncp": "2021-11-05T07:02:26",
        "cnpj": "00394452000103",
        "anoCompra": 2021,
        "sequencialCompra": 1510,
        "statusAtivo": true,
        "tipoDocumentoId": 1,
        "tipoDocumentoDescricao": "Aviso de Contratação Direta",
        "titulo": "311 - Mourao Formalizacao da Demanda",
        "tipoDocumentoNome": "Aviso de Contratação Direta",
        "nome_real": [
            "311 - Mourao Formalizacao da Demanda.pdf"
        ],
        "extensao_real": "pdf"
    }
]