[
    {
        "uri": "https://pncp.gov.br/pncp-api/v1/orgaos/42357483000126/compras/2021/2/arquivos/1",
        "url": "https://pncp.gov.br/pncp-api/v1/orgaos/42357483000126/compras/2021/2/arquivos/1",
        "tipoDocumentoDescricao": "Aviso de Contratação Direta",
        "sequencialDocumento": 1,
        "dataPublicacaoPncp": "2021-08-16T07:00:19",
        "cnpj": "42357483000126",
        "anoCompra": 2021,
        "sequencialCompra": 2,
        "statusAtivo": true,
        "titulo": "TERMO DE REFERENCIA ELETRODOS",
        "tipoDocumentoNome": "Aviso de Contratação Direta",
        "tipoDocumentoId": 1,
        "nome_real": [
            "TERMO DE REFERENCIA ELETRODOS.PDF"
        ],
        "extensao_real": "PDF"
    }
]