[
    {
        "uri": "https://pncp.gov.br/pncp-api/v1/orgaos/00394452000103/compras/2021/145/arquivos/1",
        "url": "https://pncp.gov.br/pncp-api/v1/orgaos/00394452000103/compras/2021/145/arquivos/1",
        "tipoDocumentoDescricao": "Aviso de Contratação Direta",
        "tipoDocumentoId": 1,
        "statusAtivo": true,
        "sequencialDocumento": 1,
        "dataPublicacaoPncp": "2021-08-25T07:00:47",
        "cnpj": "00394452000103",
        "anoCompra": 2021,
        "sequencialCompra": 145,
        "titulo": "ANEXO PARA DISPENSA",
        "tipoDocumentoNome": "Aviso de Contratação Direta",
        "nome_real": [
            "ANEXO PARA DISPENSA.odt"
        ],
        "extensao_real": "odt"
    }
]