[
    {
        "uri": "https://pncp.gov.br/pncp-api/v1/orgaos/00394502000144/compras/2021/192/arquivos/1",
        "url": "https://pncp.gov.br/pncp-api/v1/orgaos/00394502000144/compras/2021/192/arquivos/1",
        "sequencialDocumento": 1,
        "dataPublicacaoPncp": "2021-10-25T07:00:18",
        "cnpj": "00394502000144",
        "anoCompra": 2021,
        "sequencialCompra": 192,
        "statusAtivo": true,
        "titulo": "Aviso de Dispensa Eletronica - Material de Pintura",
        "tipoDocumentoId": 1,
        "tipoDocumentoDescricao": "Aviso de Contratação Direta",
        "tipoDocumentoNome": "Aviso de Contratação Direta",
        "nome_real": [
            "Aviso de Dispensa Eletronica - Material de Pintura.pdf"
        ],
        "extensao_real": "pdf"
    }
]