[
    {
        "uri": "https://pncp.gov.br/pncp-api/v1/orgaos/00399857000126/compras/2021/7/arquivos/1",
        "url": "https://pncp.gov.br/pncp-api/v1/orgaos/00399857000126/compras/2021/7/arquivos/1",
        "sequencialDocumento": 1,
        "dataPublicacaoPncp": "2021-09-30T07:00:40",
        "cnpj": "00399857000126",
        "anoCompra": 2021,
        "sequencialCompra": 7,
        "statusAtivo": true,
        "titulo": "Termo de Referencia_Dispensa_Pneus",
        "tipoDocumentoId": 1,
        "tipoDocumentoNome": "Aviso de Contratação Direta",
        "tipoDocumentoDescricao": "Aviso de Contratação Direta",
        "nome_real": [
            "Termo de Referencia_Dispensa_Pneus.pdf"
        ],
        "extensao_real": "pdf"
    }
]