[
    {
        "uri": "https://pncp.gov.br/pncp-api/v1/orgaos/04898488000177/compras/2022/1/arquivos/1",
        "url": "https://pncp.gov.br/pncp-api/v1/orgaos/04898488000177/compras/2022/1/arquivos/1",
        "sequencialDocumento": 1,
        "dataPublicacaoPncp": "2022-02-01T17:39:29",
        "cnpj": "04898488000177",
        "anoCompra": 2022,
        "sequencialCompra": 1,
        "statusAtivo": true,
        "titulo": "SEI_ANTT - 9407588 - Projeto Basico Simplificado - Lei 8.666_1993 - VOLTA REDONDA",
        "tipoDocumentoId": 1,
        "tipoDocumentoDescricao": "Aviso de Contratação Direta",
        "tipoDocumentoNome": "Aviso de Contratação Direta",
        "nome_real": [
            "SEI_ANTT - 9407588 - Projeto Basico Simplificado - Lei 8.666_1993.pdf - VOLTA REDONDA.pdf"
        ],
        "extensao_real": "pdf"
    }
]