[
    {
        "uri": "https://pncp.gov.br/pncp-api/v1/orgaos/13937032000160/compras/2022/3/arquivos/1",
        "url": "https://pncp.gov.br/pncp-api/v1/orgaos/13937032000160/compras/2022/3/arquivos/1",
        "sequencialDocumento": 1,
        "dataPublicacaoPncp": "2022-01-14T12:03:07",
        "cnpj": "13937032000160",
        "anoCompra": 2022,
        "sequencialCompra": 3,
        "statusAtivo": true,
        "titulo": "TERMO DE REFERENCIA",
        "tipoDocumentoDescricao": "Aviso de Contratação Direta",
        "tipoDocumentoId": 1,
        "tipoDocumentoNome": "Aviso de Contratação Direta",
        "nome_real": [
            "TERMO DE REFERENCIA.docx"
        ],
        "extensao_real": "docx"
    }
]