[
    {
        "uri": "https://pncp.gov.br/pncp-api/v1/orgaos/01263896000164/compras/2022/4/arquivos/1",
        "url": "https://pncp.gov.br/pncp-api/v1/orgaos/01263896000164/compras/2022/4/arquivos/1",
        "sequencialDocumento": 1,
        "dataPublicacaoPncp": "2022-02-09T16:21:51",
        "cnpj": "01263896000164",
        "anoCompra": 2022,
        "sequencialCompra": 4,
        "statusAtivo": true,
        "titulo": "Termo de Especificacao do Objeto Tratamento quimico da agua",
        "tipoDocumentoDescricao": "Aviso de Contratação Direta",
        "tipoDocumentoId": 1,
        "tipoDocumentoNome": "Aviso de Contratação Direta",
        "nome_real": [
            "Termo de Especificacao do Objeto Tratamento quimico da agua.pdf"
        ],
        "extensao_real": "pdf"
    }
]