[
    {
        "uri": "https://pncp.gov.br/pncp-api/v1/orgaos/17217985000104/compras/2021/103/arquivos/1",
        "url": "https://pncp.gov.br/pncp-api/v1/orgaos/17217985000104/compras/2021/103/arquivos/1",
        "sequencialDocumento": 1,
        "dataPublicacaoPncp": "2021-11-08T07:00:42",
        "cnpj": "17217985000104",
        "anoCompra": 2021,
        "sequencialCompra": 103,
        "statusAtivo": true,
        "titulo": "AVISO DE DISPENSA",
        "tipoDocumentoNome": "Aviso de Contratação Direta",
        "tipoDocumentoDescricao": "Aviso de Contratação Direta",
        "tipoDocumentoId": 1,
        "nome_real": [
            "AVISO DE DISPENSA.pdf"
        ],
        "extensao_real": "pdf"
    }
]