[
    {
        "uri": "https://pncp.gov.br/pncp-api/v1/orgaos/00394429000100/compras/2021/71/arquivos/1",
        "url": "https://pncp.gov.br/pncp-api/v1/orgaos/00394429000100/compras/2021/71/arquivos/1",
        "sequencialDocumento": 1,
        "dataPublicacaoPncp": "2021-10-13T07:01:01",
        "cnpj": "00394429000100",
        "anoCompra": 2021,
        "sequencialCompra": 71,
        "statusAtivo": true,
        "titulo": "AVISO DE DISPENSA ELETRONICA 68CAE21",
        "tipoDocumentoDescricao": "Aviso de Contratação Direta",
        "tipoDocumentoId": 1,
        "tipoDocumentoNome": "Aviso de Contratação Direta",
        "nome_real": [
            "AVISO DE DISPENSA ELETRONICA 68CAE21.rar"
        ],
        "extensao_real": "rar"
    }
]