[
    {
        "uri": "https://pncp.gov.br/pncp-api/v1/orgaos/33787094000140/compras/2021/16/arquivos/1",
        "url": "https://pncp.gov.br/pncp-api/v1/orgaos/33787094000140/compras/2021/16/arquivos/1",
        "sequencialDocumento": 1,
        "dataPublicacaoPncp": "2021-10-14T07:00:22",
        "cnpj": "33787094000140",
        "anoCompra": 2021,
        "sequencialCompra": 16,
        "statusAtivo": true,
        "titulo": "AvisoDispensaEletronica",
        "tipoDocumentoDescricao": "Aviso de Contratação Direta",
        "tipoDocumentoId": 1,
        "tipoDocumentoNome": "Aviso de Contratação Direta",
        "nome_real": [
            "AvisoDispensaEletronica.zip",
            "AvisoDispensaEletrônica/~$rmo de Ciência.docx",
            "AvisoDispensaEletrônica/ANEXO I - TR.pdf",
            "AvisoDispensaEletrônica/ANEXO.V.Modelo.de.Proposta.docx",
            "AvisoDispensaEletrônica/ANEXO.V.Modelo.de.Proposta.pdf",
            "AvisoDispensaEletrônica/ANEXOS I, III E IV.pdf",
            "AvisoDispensaEletrônica/AvisodeDispensaEletrnica.pdf",
            "AvisoDispensaEletrônica/Termo de Ciência.docx",
            "AvisoDispensaEletrônica/Termo de Compromisso.docx"
        ],
        "extensao_real": "zip"
    }
]