[
    {
        "uri": "https://pncp.gov.br/pncp-api/v1/orgaos/00394452000103/compras/2022/578/arquivos/1",
        "url": "https://pncp.gov.br/pncp-api/v1/orgaos/00394452000103/compras/2022/578/arquivos/1",
        "sequencialDocumento": 1,
        "dataPublicacaoPncp": "2022-03-09T16:10:15",
        "cnpj": "00394452000103",
        "anoCompra": 2022,
        "sequencialCompra": 578,
        "statusAtivo": true,
        "titulo": "DISPENSA  4 GENEROS ALIMENTICIOS",
        "tipoDocumentoNome": "Aviso de Contratação Direta",
        "tipoDocumentoDescricao": "Aviso de Contratação Direta",
        "tipoDocumentoId": 1,
        "nome_real": [
            "DISPENSA  4 GENEROS ALIMENTICIOS.pdf"
        ],
        "extensao_real": "pdf"
    }
]