[
    {
        "uri": "https://pncp.gov.br/pncp-api/v1/orgaos/04801221000110/compras/2021/16/arquivos/1",
        "url": "https://pncp.gov.br/pncp-api/v1/orgaos/04801221000110/compras/2021/16/arquivos/1",
        "sequencialDocumento": 1,
        "dataPublicacaoPncp": "2021-09-30T07:00:26",
        "cnpj": "04801221000110",
        "anoCompra": 2021,
        "sequencialCompra": 16,
        "statusAtivo": true,
        "titulo": "SEI_TJRO - 2402764 Termo de Referencia",
        "tipoDocumentoNome": "Aviso de Contratação Direta",
        "tipoDocumentoDescricao": "Aviso de Contratação Direta",
        "tipoDocumentoId": 1,
        "nome_real": [
            "SEI_TJRO - 2402764 Termo de Referencia.pdf"
        ],
        "extensao_real": "pdf"
    }
]