[
    {
        "uri": "https://pncp.gov.br/pncp-api/v1/orgaos/04801221000110/compras/2022/16/arquivos/1",
        "url": "https://pncp.gov.br/pncp-api/v1/orgaos/04801221000110/compras/2022/16/arquivos/1",
        "sequencialDocumento": 1,
        "dataPublicacaoPncp": "2022-01-20T13:19:10",
        "cnpj": "04801221000110",
        "anoCompra": 2022,
        "sequencialCompra": 16,
        "statusAtivo": true,
        "titulo": "Termo de Referencia",
        "tipoDocumentoNome": "Aviso de Contratação Direta",
        "tipoDocumentoDescricao": "Aviso de Contratação Direta",
        "tipoDocumentoId": 1,
        "nome_real": [
            "Termo de Referencia.pdf"
        ],
        "extensao_real": "pdf"
    }
]