[
    {
        "uri": "https://pncp.gov.br/pncp-api/v1/orgaos/00394494000136/compras/2021/7/arquivos/1",
        "url": "https://pncp.gov.br/pncp-api/v1/orgaos/00394494000136/compras/2021/7/arquivos/1",
        "sequencialDocumento": 1,
        "dataPublicacaoPncp": "2021-08-19T07:00:29",
        "cnpj": "00394494000136",
        "anoCompra": 2021,
        "sequencialCompra": 7,
        "statusAtivo": true,
        "titulo": "Projeto Basico - Fragmentadora de Papel",
        "tipoDocumentoNome": "Aviso de Contratação Direta",
        "tipoDocumentoId": 1,
        "tipoDocumentoDescricao": "Aviso de Contratação Direta",
        "nome_real": [
            "Projeto Basico - Fragmentadora de Papel.pdf"
        ],
        "extensao_real": "pdf"
    }
]