[
    {
        "uri": "https://pncp.gov.br/pncp-api/v1/orgaos/08761124000100/compras/2022/33/arquivos/1",
        "url": "https://pncp.gov.br/pncp-api/v1/orgaos/08761124000100/compras/2022/33/arquivos/1",
        "sequencialDocumento": 1,
        "dataPublicacaoPncp": "2022-03-04T12:03:51",
        "cnpj": "08761124000100",
        "anoCompra": 2022,
        "sequencialCompra": 33,
        "statusAtivo": true,
        "tipoDocumentoId": 1,
        "tipoDocumentoDescricao": "Aviso de Contratação Direta",
        "titulo": "Projeto Basico - Gesso",
        "tipoDocumentoNome": "Aviso de Contratação Direta",
        "nome_real": [
            "Projeto Basico - Gesso.pdf"
        ],
        "extensao_real": "pdf"
    }
]