[
    {
        "uri": "https://pncp.gov.br/pncp-api/v1/orgaos/82951229000176/compras/2021/7/arquivos/1",
        "url": "https://pncp.gov.br/pncp-api/v1/orgaos/82951229000176/compras/2021/7/arquivos/1",
        "sequencialDocumento": 1,
        "dataPublicacaoPncp": "2021-10-20T16:12:47",
        "cnpj": "82951229000176",
        "anoCompra": 2021,
        "sequencialCompra": 7,
        "statusAtivo": true,
        "titulo": "ESPECIFICACAO_TECNICA",
        "tipoDocumentoNome": "Aviso de Contratação Direta",
        "tipoDocumentoDescricao": "Aviso de Contratação Direta",
        "tipoDocumentoId": 1,
        "nome_real": [
            "ESPECIFICACAO_TECNICA.pdf"
        ],
        "extensao_real": "pdf"
    }
]