[
    {
        "uri": "https://pncp.gov.br/pncp-api/v1/orgaos/00394452000103/compras/2021/2104/arquivos/1",
        "url": "https://pncp.gov.br/pncp-api/v1/orgaos/00394452000103/compras/2021/2104/arquivos/1",
        "sequencialDocumento": 1,
        "dataPublicacaoPncp": "2021-11-29T07:01:34",
        "cnpj": "00394452000103",
        "anoCompra": 2021,
        "sequencialCompra": 2104,
        "statusAtivo": true,
        "titulo": "Termo de Referencia Cotacao 882021 - COL",
        "tipoDocumentoId": 1,
        "tipoDocumentoDescricao": "Aviso de Contratação Direta",
        "tipoDocumentoNome": "Aviso de Contratação Direta",
        "nome_real": [
            "Termo de Referencia Cotacao 882021 - COL.pdf"
        ],
        "extensao_real": "pdf"
    }
]