[
    {
        "uri": "https://pncp.gov.br/pncp-api/v1/orgaos/00394452000103/compras/2021/978/arquivos/1",
        "url": "https://pncp.gov.br/pncp-api/v1/orgaos/00394452000103/compras/2021/978/arquivos/1",
        "sequencialDocumento": 1,
        "dataPublicacaoPncp": "2021-10-13T07:01:20",
        "cnpj": "00394452000103",
        "anoCompra": 2021,
        "sequencialCompra": 978,
        "statusAtivo": true,
        "tipoDocumentoId": 1,
        "tipoDocumentoDescricao": "Aviso de Contratação Direta",
        "titulo": "Pesquisa_preco_Corda_-_caixa",
        "tipoDocumentoNome": "Aviso de Contratação Direta",
        "nome_real": [
            "Pesquisa_preco_Corda_-_caixa.pdf"
        ],
        "extensao_real": "pdf"
    }
]