[
    {
        "uri": "https://pncp.gov.br/pncp-api/v1/orgaos/15126437000143/compras/2021/106/arquivos/1",
        "url": "https://pncp.gov.br/pncp-api/v1/orgaos/15126437000143/compras/2021/106/arquivos/1",
        "sequencialDocumento": 1,
        "dataPublicacaoPncp": "2021-10-01T07:01:45",
        "cnpj": "15126437000143",
        "anoCompra": 2021,
        "sequencialCompra": 106,
        "statusAtivo": true,
        "titulo": "pms e projeto basico",
        "tipoDocumentoDescricao": "Aviso de Contratação Direta",
        "tipoDocumentoId": 1,
        "tipoDocumentoNome": "Aviso de Contratação Direta",
        "nome_real": [
            "pms e projeto basico.pdf"
        ],
        "extensao_real": "pdf"
    }
]