[
    {
        "uri": "https://pncp.gov.br/pncp-api/v1/orgaos/00394544000185/compras/2022/28/arquivos/1",
        "url": "https://pncp.gov.br/pncp-api/v1/orgaos/00394544000185/compras/2022/28/arquivos/1",
        "sequencialDocumento": 1,
        "dataPublicacaoPncp": "2022-02-03T13:06:20",
        "cnpj": "00394544000185",
        "anoCompra": 2022,
        "sequencialCompra": 28,
        "statusAtivo": true,
        "tipoDocumentoId": 1,
        "tipoDocumentoDescricao": "Aviso de Contratação Direta",
        "titulo": "SEI_MS - 0025085239 - Aviso de Edital",
        "tipoDocumentoNome": "Aviso de Contratação Direta",
        "nome_real": [
            "SEI_MS - 0025085239 - Aviso de Edital.pdf"
        ],
        "extensao_real": "pdf"
    }
]