[
    {
        "uri": "https://pncp.gov.br/pncp-api/v1/orgaos/00394494000136/compras/2021/16/arquivos/1",
        "url": "https://pncp.gov.br/pncp-api/v1/orgaos/00394494000136/compras/2021/16/arquivos/1",
        "tipoDocumentoDescricao": "Aviso de Contratação Direta",
        "tipoDocumentoId": 1,
        "statusAtivo": true,
        "sequencialDocumento": 1,
        "dataPublicacaoPncp": "2021-08-31T07:41:41",
        "cnpj": "00394494000136",
        "anoCompra": 2021,
        "sequencialCompra": 16,
        "titulo": "projeto e termo referencia telhado",
        "tipoDocumentoNome": "Aviso de Contratação Direta",
        "nome_real": [
            "projeto e termo referencia telhado.pdf"
        ],
        "extensao_real": "pdf"
    }
]