[
    {
        "uri": "https://pncp.gov.br/pncp-api/v1/orgaos/00394502000144/compras/2021/66/arquivos/1",
        "url": "https://pncp.gov.br/pncp-api/v1/orgaos/00394502000144/compras/2021/66/arquivos/1",
        "tipoDocumentoDescricao": "Aviso de Contratação Direta",
        "tipoDocumentoId": 1,
        "statusAtivo": true,
        "sequencialDocumento": 1,
        "dataPublicacaoPncp": "2021-09-14T07:01:36",
        "cnpj": "00394502000144",
        "anoCompra": 2021,
        "sequencialCompra": 66,
        "titulo": "175 Dispensa eletronica",
        "tipoDocumentoNome": "Aviso de Contratação Direta",
        "nome_real": [
            "175 Dispensa eletronica.odt"
        ],
        "extensao_real": "odt"
    }
]