[
    {
        "uri": "https://pncp.gov.br/pncp-api/v1/orgaos/00394502000144/compras/2021/178/arquivos/1",
        "url": "https://pncp.gov.br/pncp-api/v1/orgaos/00394502000144/compras/2021/178/arquivos/1",
        "sequencialDocumento": 1,
        "dataPublicacaoPncp": "2021-10-21T07:00:26",
        "cnpj": "00394502000144",
        "anoCompra": 2021,
        "sequencialCompra": 178,
        "statusAtivo": true,
        "titulo": "Aviso de Dispensa Eletronica - Material para manutencao de veiculos",
        "tipoDocumentoDescricao": "Aviso de Contratação Direta",
        "tipoDocumentoId": 1,
        "tipoDocumentoNome": "Aviso de Contratação Direta",
        "nome_real": [
            "Aviso de Dispensa Eletronica - Material para manutencao de veiculos.pdf"
        ],
        "extensao_real": "pdf"
    }
]