[
    {
        "uri": "https://pncp.gov.br/pncp-api/v1/orgaos/00394544000185/compras/2021/74/arquivos/1",
        "url": "https://pncp.gov.br/pncp-api/v1/orgaos/00394544000185/compras/2021/74/arquivos/1",
        "sequencialDocumento": 1,
        "dataPublicacaoPncp": "2021-12-07T07:02:22",
        "cnpj": "00394544000185",
        "anoCompra": 2021,
        "sequencialCompra": 74,
        "statusAtivo": true,
        "titulo": "SEI_MS - 0023397793 - Projeto Basico",
        "tipoDocumentoNome": "Aviso de Contratação Direta",
        "tipoDocumentoDescricao": "Aviso de Contratação Direta",
        "tipoDocumentoId": 1,
        "nome_real": [
            "SEI_MS - 0023397793 - Projeto Basico.pdf"
        ],
        "extensao_real": "pdf"
    }
]