[
    {
        "uri": "https://pncp.gov.br/pncp-api/v1/orgaos/00394452000103/compras/2022/527/arquivos/1",
        "url": "https://pncp.gov.br/pncp-api/v1/orgaos/00394452000103/compras/2022/527/arquivos/1",
        "sequencialDocumento": 1,
        "dataPublicacaoPncp": "2022-03-07T16:34:21",
        "cnpj": "00394452000103",
        "anoCompra": 2022,
        "sequencialCompra": 527,
        "statusAtivo": true,
        "titulo": "03 - Aviso de Dispensa Eletronica Cia Cmdo Material de Consumo",
        "tipoDocumentoId": 1,
        "tipoDocumentoNome": "Aviso de Contratação Direta",
        "tipoDocumentoDescricao": "Aviso de Contratação Direta",
        "nome_real": [
            "03 - Aviso de Dispensa Eletronica Cia Cmdo Material de Consumo.docx"
        ],
        "extensao_real": "docx"
    }
]