[
    {
        "uri": "https://pncp.gov.br/pncp-api/v1/orgaos/10651417000178/compras/2021/76/arquivos/1",
        "url": "https://pncp.gov.br/pncp-api/v1/orgaos/10651417000178/compras/2021/76/arquivos/1",
        "sequencialDocumento": 1,
        "dataPublicacaoPncp": "2021-12-17T07:00:56",
        "cnpj": "10651417000178",
        "anoCompra": 2021,
        "sequencialCompra": 76,
        "statusAtivo": true,
        "titulo": "AVISO E TERMO DE REFERENCIA - DISPENSA ELETRONICA N 237-2021",
        "tipoDocumentoNome": "Aviso de Contratação Direta",
        "tipoDocumentoDescricao": "Aviso de Contratação Direta",
        "tipoDocumentoId": 1,
        "nome_real": [
            "AVISO E TERMO DE REFERENCIA - DISPENSA ELETRONICA N 237-2021.pdf"
        ],
        "extensao_real": "pdf"
    }
]