[
    {
        "uri": "https://pncp.gov.br/pncp-api/v1/orgaos/60746179000152/compras/2022/5/arquivos/1",
        "url": "https://pncp.gov.br/pncp-api/v1/orgaos/60746179000152/compras/2022/5/arquivos/1",
        "sequencialDocumento": 1,
        "dataPublicacaoPncp": "2022-02-14T14:05:04",
        "cnpj": "60746179000152",
        "anoCompra": 2022,
        "sequencialCompra": 5,
        "statusAtivo": true,
        "titulo": "TR PA 007.2022 BATERIAS rev14fev2022",
        "tipoDocumentoDescricao": "Aviso de Contratação Direta",
        "tipoDocumentoId": 1,
        "tipoDocumentoNome": "Aviso de Contratação Direta",
        "nome_real": [
            "TR PA 007.2022 BATERIAS rev14fev2022.pdf"
        ],
        "extensao_real": "pdf"
    }
]