[
    {
        "uri": "https://pncp.gov.br/pncp-api/v1/orgaos/15126437000143/compras/2021/314/arquivos/1",
        "url": "https://pncp.gov.br/pncp-api/v1/orgaos/15126437000143/compras/2021/314/arquivos/1",
        "sequencialDocumento": 1,
        "dataPublicacaoPncp": "2021-12-14T07:01:13",
        "cnpj": "15126437000143",
        "anoCompra": 2021,
        "sequencialCompra": 314,
        "statusAtivo": true,
        "titulo": "Termo de referencia e anexos",
        "tipoDocumentoNome": "Aviso de Contratação Direta",
        "tipoDocumentoDescricao": "Aviso de Contratação Direta",
        "tipoDocumentoId": 1,
        "nome_real": [
            "Termo de referencia e anexos.pdf"
        ],
        "extensao_real": "pdf"
    }
]