[
    {
        "uri": "https://pncp.gov.br/pncp-api/v1/orgaos/00394502000144/compras/2021/210/arquivos/1",
        "url": "https://pncp.gov.br/pncp-api/v1/orgaos/00394502000144/compras/2021/210/arquivos/1",
        "sequencialDocumento": 1,
        "dataPublicacaoPncp": "2021-10-27T07:03:22",
        "cnpj": "00394502000144",
        "anoCompra": 2021,
        "sequencialCompra": 210,
        "statusAtivo": true,
        "titulo": "DISPENSA FECULA]",
        "tipoDocumentoDescricao": "Aviso de Contratação Direta",
        "tipoDocumentoId": 1,
        "tipoDocumentoNome": "Aviso de Contratação Direta",
        "nome_real": [
            "DISPENSA FECULA].pdf"
        ],
        "extensao_real": "pdf"
    }
]