[
    {
        "uri": "https://pncp.gov.br/pncp-api/v1/orgaos/00348003000110/compras/2021/375/arquivos/1",
        "url": "https://pncp.gov.br/pncp-api/v1/orgaos/00348003000110/compras/2021/375/arquivos/1",
        "sequencialDocumento": 1,
        "dataPublicacaoPncp": "2021-12-08T07:00:36",
        "cnpj": "00348003000110",
        "anoCompra": 2021,
        "sequencialCompra": 375,
        "statusAtivo": true,
        "tipoDocumentoId": 1,
        "tipoDocumentoDescricao": "Aviso de Contratação Direta",
        "titulo": "CE_13_Reagente de Laboratorio (1)",
        "tipoDocumentoNome": "Aviso de Contratação Direta",
        "nome_real": [
            "CE_13_Reagente de Laboratorio (1).pdf"
        ],
        "extensao_real": "pdf"
    }
]