[
    {
        "uri": "https://pncp.gov.br/pncp-api/v1/orgaos/00394452000103/compras/2022/397/arquivos/1",
        "url": "https://pncp.gov.br/pncp-api/v1/orgaos/00394452000103/compras/2022/397/arquivos/1",
        "sequencialDocumento": 1,
        "dataPublicacaoPncp": "2022-02-23T19:52:49",
        "cnpj": "00394452000103",
        "anoCompra": 2022,
        "sequencialCompra": 397,
        "statusAtivo": true,
        "titulo": "Termo de referencia",
        "tipoDocumentoId": 1,
        "tipoDocumentoDescricao": "Aviso de Contratação Direta",
        "tipoDocumentoNome": "Aviso de Contratação Direta",
        "nome_real": [
            "Termo de referencia.pdf"
        ],
        "extensao_real": "pdf"
    }
]