[
    {
        "uri": "https://pncp.gov.br/pncp-api/v1/orgaos/00394502000144/compras/2022/161/arquivos/1",
        "url": "https://pncp.gov.br/pncp-api/v1/orgaos/00394502000144/compras/2022/161/arquivos/1",
        "sequencialDocumento": 1,
        "dataPublicacaoPncp": "2022-02-21T11:00:08",
        "cnpj": "00394502000144",
        "anoCompra": 2022,
        "sequencialCompra": 161,
        "statusAtivo": true,
        "tipoDocumentoId": 1,
        "tipoDocumentoDescricao": "Aviso de Contratação Direta",
        "titulo": "AVISO ZIP",
        "tipoDocumentoNome": "Aviso de Contratação Direta",
        "nome_real": [
            "AVISO ZIP.7z"
        ],
        "extensao_real": "7z"
    }
]