[
    {
        "uri": "https://pncp.gov.br/pncp-api/v1/orgaos/00394460000141/compras/2021/124/arquivos/1",
        "url": "https://pncp.gov.br/pncp-api/v1/orgaos/00394460000141/compras/2021/124/arquivos/1",
        "sequencialDocumento": 1,
        "dataPublicacaoPncp": "2021-11-29T07:01:18",
        "cnpj": "00394460000141",
        "anoCompra": 2021,
        "sequencialCompra": 124,
        "statusAtivo": true,
        "tipoDocumentoId": 1,
        "tipoDocumentoDescricao": "Aviso de Contratação Direta",
        "titulo": "Demanda Completa - Limpar Terreno Cacoal",
        "tipoDocumentoNome": "Aviso de Contratação Direta",
        "nome_real": [
            "Demanda Completa - Limpar Terreno Cacoal.pdf"
        ],
        "extensao_real": "pdf"
    }
]