[
    {
        "uri": "https://pncp.gov.br/pncp-api/v1/orgaos/01263896000164/compras/2021/147/arquivos/1",
        "url": "https://pncp.gov.br/pncp-api/v1/orgaos/01263896000164/compras/2021/147/arquivos/1",
        "sequencialDocumento": 1,
        "dataPublicacaoPncp": "2021-12-07T07:01:39",
        "cnpj": "01263896000164",
        "anoCompra": 2021,
        "sequencialCompra": 147,
        "statusAtivo": true,
        "titulo": "TERMO DE ESPECIFICACAO 942021",
        "tipoDocumentoId": 1,
        "tipoDocumentoDescricao": "Aviso de Contratação Direta",
        "tipoDocumentoNome": "Aviso de Contratação Direta",
        "nome_real": [
            "TERMO DE ESPECIFICACAO 942021.pdf"
        ],
        "extensao_real": "pdf"
    }
]