[
    {
        "uri": "https://pncp.gov.br/pncp-api/v1/orgaos/00394452000103/compras/2022/271/arquivos/1",
        "url": "https://pncp.gov.br/pncp-api/v1/orgaos/00394452000103/compras/2022/271/arquivos/1",
        "sequencialDocumento": 1,
        "dataPublicacaoPncp": "2022-02-16T16:53:01",
        "cnpj": "00394452000103",
        "anoCompra": 2022,
        "sequencialCompra": 271,
        "statusAtivo": true,
        "titulo": "Image160222143914",
        "tipoDocumentoId": 1,
        "tipoDocumentoNome": "Aviso de Contratação Direta",
        "tipoDocumentoDescricao": "Aviso de Contratação Direta",
        "nome_real": [
            "Image160222143914.pdf"
        ],
        "extensao_real": "pdf"
    }
]