[
    {
        "uri": "https://pncp.gov.br/pncp-api/v1/orgaos/00402552000126/compras/2021/47/arquivos/1",
        "url": "https://pncp.gov.br/pncp-api/v1/orgaos/00402552000126/compras/2021/47/arquivos/1",
        "sequencialDocumento": 1,
        "dataPublicacaoPncp": "2021-11-22T07:02:13",
        "cnpj": "00402552000126",
        "anoCompra": 2021,
        "sequencialCompra": 47,
        "statusAtivo": true,
        "tipoDocumentoId": 1,
        "tipoDocumentoDescricao": "Aviso de Contratação Direta",
        "titulo": "DFD",
        "tipoDocumentoNome": "Aviso de Contratação Direta",
        "nome_real": [
            "DFD.pdf"
        ],
        "extensao_real": "pdf"
    }
]