[
    {
        "uri": "https://pncp.gov.br/pncp-api/v1/orgaos/00402552000126/compras/2021/21/arquivos/1",
        "url": "https://pncp.gov.br/pncp-api/v1/orgaos/00402552000126/compras/2021/21/arquivos/1",
        "sequencialDocumento": 1,
        "dataPublicacaoPncp": "2021-10-21T07:01:15",
        "cnpj": "00402552000126",
        "anoCompra": 2021,
        "sequencialCompra": 21,
        "statusAtivo": true,
        "titulo": "TR",
        "tipoDocumentoId": 1,
        "tipoDocumentoDescricao": "Aviso de Contratação Direta",
        "tipoDocumentoNome": "Aviso de Contratação Direta",
        "nome_real": [
            "TR.pdf"
        ],
        "extensao_real": "pdf"
    }
]