[
    {
        "uri": "https://pncp.gov.br/pncp-api/v1/orgaos/01263896000164/compras/2021/40/arquivos/1",
        "url": "https://pncp.gov.br/pncp-api/v1/orgaos/01263896000164/compras/2021/40/arquivos/1",
        "sequencialDocumento": 1,
        "dataPublicacaoPncp": "2021-10-28T07:01:28",
        "cnpj": "01263896000164",
        "anoCompra": 2021,
        "sequencialCompra": 40,
        "statusAtivo": true,
        "titulo": "Dispensa e Proj. basico",
        "tipoDocumentoId": 1,
        "tipoDocumentoDescricao": "Aviso de Contratação Direta",
        "tipoDocumentoNome": "Aviso de Contratação Direta",
        "nome_real": [
            "Dispensa e Proj. basico.pdf"
        ],
        "extensao_real": "pdf"
    }
]