[
    {
        "uri": "https://pncp.gov.br/pncp-api/v1/orgaos/00394445000101/compras/2021/39/arquivos/1",
        "url": "https://pncp.gov.br/pncp-api/v1/orgaos/00394445000101/compras/2021/39/arquivos/1",
        "sequencialDocumento": 1,
        "dataPublicacaoPncp": "2021-12-27T07:00:14",
        "cnpj": "00394445000101",
        "anoCompra": 2021,
        "sequencialCompra": 39,
        "statusAtivo": true,
        "titulo": "Aviso de Dispensa de Licitacao n 16-2021",
        "tipoDocumentoId": 1,
        "tipoDocumentoDescricao": "Aviso de Contratação Direta",
        "tipoDocumentoNome": "Aviso de Contratação Direta",
        "nome_real": [
            "Aviso de Dispensa de Licitacao n 16-2021.pdf"
        ],
        "extensao_real": "pdf"
    }
]