[
    {
        "uri": "https://pncp.gov.br/pncp-api/v1/orgaos/00394452000103/compras/2021/317/arquivos/1",
        "url": "https://pncp.gov.br/pncp-api/v1/orgaos/00394452000103/compras/2021/317/arquivos/1",
        "sequencialDocumento": 1,
        "dataPublicacaoPncp": "2021-09-02T07:00:28",
        "cnpj": "00394452000103",
        "anoCompra": 2021,
        "sequencialCompra": 317,
        "statusAtivo": true,
        "titulo": "Termo de Referencia Disp 25 2021",
        "tipoDocumentoNome": "Aviso de Contratação Direta",
        "tipoDocumentoId": 1,
        "tipoDocumentoDescricao": "Aviso de Contratação Direta",
        "nome_real": [
            "Termo de Referencia Disp 25 2021.pdf"
        ],
        "extensao_real": "pdf"
    }
]