[
    {
        "uri": "https://pncp.gov.br/pncp-api/v1/orgaos/00394452000103/compras/2021/2154/arquivos/1",
        "url": "https://pncp.gov.br/pncp-api/v1/orgaos/00394452000103/compras/2021/2154/arquivos/1",
        "sequencialDocumento": 1,
        "dataPublicacaoPncp": "2021-11-30T07:01:30",
        "cnpj": "00394452000103",
        "anoCompra": 2021,
        "sequencialCompra": 2154,
        "statusAtivo": true,
        "titulo": "Scanned-image_11-29-2021-160848",
        "tipoDocumentoDescricao": "Aviso de Contratação Direta",
        "tipoDocumentoId": 1,
        "tipoDocumentoNome": "Aviso de Contratação Direta",
        "nome_real": [
            "Scanned-image_11-29-2021-160848.pdf"
        ],
        "extensao_real": "pdf"
    }
]