[
    {
        "uri": "https://pncp.gov.br/pncp-api/v1/orgaos/00348003000110/compras/2021/113/arquivos/1",
        "url": "https://pncp.gov.br/pncp-api/v1/orgaos/00348003000110/compras/2021/113/arquivos/1",
        "sequencialDocumento": 1,
        "dataPublicacaoPncp": "2021-10-07T07:01:11",
        "cnpj": "00348003000110",
        "anoCompra": 2021,
        "sequencialCompra": 113,
        "statusAtivo": true,
        "tipoDocumentoId": 1,
        "tipoDocumentoDescricao": "Aviso de Contratação Direta",
        "titulo": "TERMO DE REFERENCIA DISP ELETR 56",
        "tipoDocumentoNome": "Aviso de Contratação Direta",
        "nome_real": [
            "TERMO DE REFERENCIA DISP ELETR 56.pdf"
        ],
        "extensao_real": "pdf"
    }
]