[
    {
        "uri": "https://pncp.gov.br/pncp-api/v1/orgaos/00394452000103/compras/2022/67/arquivos/1",
        "url": "https://pncp.gov.br/pncp-api/v1/orgaos/00394452000103/compras/2022/67/arquivos/1",
        "sequencialDocumento": 1,
        "dataPublicacaoPncp": "2022-02-01T08:53:11",
        "cnpj": "00394452000103",
        "anoCompra": 2022,
        "sequencialCompra": 67,
        "statusAtivo": true,
        "titulo": "Orcamento Receituario",
        "tipoDocumentoNome": "Aviso de Contratação Direta",
        "tipoDocumentoDescricao": "Aviso de Contratação Direta",
        "tipoDocumentoId": 1,
        "nome_real": [
            "Orcamento Receituario.pdf"
        ],
        "extensao_real": "pdf"
    }
]