[
    {
        "uri": "https://pncp.gov.br/pncp-api/v1/orgaos/00394452000103/compras/2021/1705/arquivos/1",
        "url": "https://pncp.gov.br/pncp-api/v1/orgaos/00394452000103/compras/2021/1705/arquivos/1",
        "sequencialDocumento": 1,
        "dataPublicacaoPncp": "2021-11-16T07:02:29",
        "cnpj": "00394452000103",
        "anoCompra": 2021,
        "sequencialCompra": 1705,
        "statusAtivo": true,
        "titulo": "INSTALACAO DE PISO",
        "tipoDocumentoId": 1,
        "tipoDocumentoDescricao": "Aviso de Contratação Direta",
        "tipoDocumentoNome": "Aviso de Contratação Direta",
        "nome_real": [
            "INSTALACAO DE PISO.pdf"
        ],
        "extensao_real": "pdf"
    }
]