[
    {
        "uri": "https://pncp.gov.br/pncp-api/v1/orgaos/14855787000188/compras/2022/1/arquivos/1",
        "url": "https://pncp.gov.br/pncp-api/v1/orgaos/14855787000188/compras/2022/1/arquivos/1",
        "sequencialDocumento": 1,
        "dataPublicacaoPncp": "2022-02-25T17:05:48",
        "cnpj": "14855787000188",
        "anoCompra": 2022,
        "sequencialCompra": 1,
        "statusAtivo": true,
        "tipoDocumentoId": 1,
        "tipoDocumentoDescricao": "Aviso de Contratação Direta",
        "titulo": "TERMO DE REFERENCIA - Estantes de aco",
        "tipoDocumentoNome": "Aviso de Contratação Direta",
        "nome_real": [
            "TERMO DE REFERENCIA - Estantes de aco.pdf"
        ],
        "extensao_real": "pdf"
    }
]