[
    {
        "uri": "https://pncp.gov.br/pncp-api/v1/orgaos/08332733000135/compras/2021/4/arquivos/1",
        "url": "https://pncp.gov.br/pncp-api/v1/orgaos/08332733000135/compras/2021/4/arquivos/1",
        "sequencialDocumento": 1,
        "dataPublicacaoPncp": "2021-11-16T07:01:03",
        "cnpj": "08332733000135",
        "anoCompra": 2021,
        "sequencialCompra": 4,
        "statusAtivo": true,
        "titulo": "PB Seguro Veicular",
        "tipoDocumentoDescricao": "Aviso de Contratação Direta",
        "tipoDocumentoId": 1,
        "tipoDocumentoNome": "Aviso de Contratação Direta",
        "nome_real": [
            "PB Seguro Veicular.pdf"
        ],
        "extensao_real": "pdf"
    }
]