[
    {
        "uri": "https://pncp.gov.br/pncp-api/v1/orgaos/19391945000100/compras/2022/8/arquivos/1",
        "url": "https://pncp.gov.br/pncp-api/v1/orgaos/19391945000100/compras/2022/8/arquivos/1",
        "sequencialDocumento": 1,
        "dataPublicacaoPncp": "2022-03-09T16:38:58",
        "cnpj": "19391945000100",
        "anoCompra": 2022,
        "sequencialCompra": 8,
        "statusAtivo": true,
        "titulo": "3003_86ea667a62be5e564e599c6c353efd8a.pdf",
        "tipoDocumentoId": 2,
        "tipoDocumentoDescricao": "Edital",
        "tipoDocumentoNome": "Edital",
        "nome_real": [
            "3003_86ea667a62be5e564e599c6c353efd8a.pdf"
        ],
        "extensao_real": "pdf"
    }
]