[
    {
        "uri": "https://pncp.gov.br/pncp-api/v1/orgaos/00394502000144/compras/2021/87/arquivos/1",
        "url": "https://pncp.gov.br/pncp-api/v1/orgaos/00394502000144/compras/2021/87/arquivos/1",
        "sequencialDocumento": 1,
        "dataPublicacaoPncp": "2021-09-27T07:00:54",
        "cnpj": "00394502000144",
        "anoCompra": 2021,
        "sequencialCompra": 87,
        "statusAtivo": true,
        "tipoDocumentoId": 1,
        "tipoDocumentoDescricao": "Aviso de Contratação Direta",
        "titulo": "129  Aviso de dispensa eletronica",
        "tipoDocumentoNome": "Aviso de Contratação Direta",
        "nome_real": [
            "129  Aviso de dispensa eletronica.odt"
        ],
        "extensao_real": "odt"
    }
]