[
    {
        "uri": "https://pncp.gov.br/pncp-api/v1/orgaos/03342938000188/compras/2024/57/arquivos/1",
        "url": "https://pncp.gov.br/pncp-api/v1/orgaos/03342938000188/compras/2024/57/arquivos/1",
        "tipoDocumentoDescricao": "Edital",
        "sequencialDocumento": 1,
        "dataPublicacaoPncp": "2024-08-27T17:56:00",
        "cnpj": "03342938000188",
        "anoCompra": 2024,
        "sequencialCompra": 57,
        "statusAtivo": true,
        "titulo": "Capa-Licitacao",
        "tipoDocumentoNome": "Edital",
        "tipoDocumentoId": 2,
        "nome_real": [
            "Capa_Licitacao_061_2024_2024.pdf"
        ],
        "extensao_real": "pdf"
    },
    {
        "uri": "https://pncp.gov.br/pncp-api/v1/orgaos/03342938000188/compras/2024/57/arquivos/2",
        "url": "https://pncp.gov.br/pncp-api/v1/orgaos/03342938000188/compras/2024/57/arquivos/2",
        "tipoDocumentoDescricao": "Outros Documentos",
        "sequencialDocumento": 2,
        "dataPublicacaoPncp": "2024-08-27T17:57:00",
        "cnpj": "03342938000188",
        "anoCompra": 2024,
        "sequencialCompra": 57,
        "statusAtivo": true,
        "titulo": "Aviso",
        "tipoDocumentoNome": "Outros Documentos",
        "tipoDocumentoId": 16,
        "nome_real": [
            "1.-AVISO-DE-LICITACAO.pdf"
        ],
        "extensao_real": "pdf"
    },
    {
        "uri": "https://pncp.gov.br/pncp-api/v1/orgaos/03342938000188/compras/2024/57/arquivos/3",
        "url": "https://pncp.gov.br/pncp-api/v1/orgaos/03342938000188/compras/2024/57/arquivos/3",
        "tipoDocumentoDescricao": "Edital",
        "sequencialDocumento": 3,
        "dataPublicacaoPncp": "2024-08-27T17:57:30",
        "cnpj": "03342938000188",
        "anoCompra": 2024,
        "sequencialCompra": 57,
        "statusAtivo": true,
        "titulo": "Edital",
        "tipoDocumentoNome": "Edital",
        "tipoDocumentoId": 2,
        "nome_real": [
            "2.-EDITAL---Ata-de-Registro-de-Preco---Cd.-R.-_3_.pdf"
        ],
        "extensao_real": "pdf"
    }
]