[
    {
        "uri": "https://pncp.gov.br/pncp-api/v1/orgaos/00394452000103/compras/2022/386/arquivos/1",
        "url": "https://pncp.gov.br/pncp-api/v1/orgaos/00394452000103/compras/2022/386/arquivos/1",
        "sequencialDocumento": 1,
        "dataPublicacaoPncp": "2022-02-23T15:01:10",
        "cnpj": "00394452000103",
        "anoCompra": 2022,
        "sequencialCompra": 386,
        "statusAtivo": true,
        "titulo": "07 - Justificativa III - Disp Direta 18_22",
        "tipoDocumentoNome": "Aviso de Contratação Direta",
        "tipoDocumentoDescricao": "Aviso de Contratação Direta",
        "tipoDocumentoId": 1,
        "nome_real": [
            "07 - Justificativa III - Disp Direta 18_22.pdf"
        ],
        "extensao_real": "pdf"
    }
]