[
    {
        "uri": "https://pncp.gov.br/pncp-api/v1/orgaos/00394452000103/compras/2021/941/arquivos/1",
        "url": "https://pncp.gov.br/pncp-api/v1/orgaos/00394452000103/compras/2021/941/arquivos/1",
        "sequencialDocumento": 1,
        "dataPublicacaoPncp": "2021-10-08T07:00:59",
        "cnpj": "00394452000103",
        "anoCompra": 2021,
        "sequencialCompra": 941,
        "statusAtivo": true,
        "titulo": "GAS 190 Dispensa 83_2021",
        "tipoDocumentoDescricao": "Aviso de Contratação Direta",
        "tipoDocumentoId": 1,
        "tipoDocumentoNome": "Aviso de Contratação Direta",
        "nome_real": [
            "GAS 190 Dispensa 83_2021.pdf"
        ],
        "extensao_real": "pdf"
    }
]