[
    {
        "uri": "https://pncp.gov.br/pncp-api/v1/orgaos/00394429000100/compras/2021/170/arquivos/1",
        "url": "https://pncp.gov.br/pncp-api/v1/orgaos/00394429000100/compras/2021/170/arquivos/1",
        "sequencialDocumento": 1,
        "dataPublicacaoPncp": "2021-11-09T07:02:09",
        "cnpj": "00394429000100",
        "anoCompra": 2021,
        "sequencialCompra": 170,
        "statusAtivo": true,
        "titulo": "AVISO DE DISPENSA ELETRONICA N 74-21",
        "tipoDocumentoNome": "Aviso de Contratação Direta",
        "tipoDocumentoDescricao": "Aviso de Contratação Direta",
        "tipoDocumentoId": 1,
        "nome_real": [
            "AVISO DE DISPENSA ELETRONICA N 74-21.pdf"
        ],
        "extensao_real": "pdf"
    }
]