[
    {
        "uri": "https://pncp.gov.br/pncp-api/v1/orgaos/10724903000179/compras/2021/6/arquivos/1",
        "url": "https://pncp.gov.br/pncp-api/v1/orgaos/10724903000179/compras/2021/6/arquivos/1",
        "sequencialDocumento": 1,
        "dataPublicacaoPncp": "2021-10-05T07:00:19",
        "cnpj": "10724903000179",
        "anoCompra": 2021,
        "sequencialCompra": 6,
        "statusAtivo": true,
        "titulo": "Aviso de Dispensa Eletronica",
        "tipoDocumentoId": 1,
        "tipoDocumentoDescricao": "Aviso de Contratação Direta",
        "tipoDocumentoNome": "Aviso de Contratação Direta",
        "nome_real": [
            "Aviso de Dispensa Eletronica.docx"
        ],
        "extensao_real": "docx"
    }
]