[
    {
        "uri": "https://pncp.gov.br/pncp-api/v1/orgaos/00394452000103/compras/2021/1365/arquivos/1",
        "url": "https://pncp.gov.br/pncp-api/v1/orgaos/00394452000103/compras/2021/1365/arquivos/1",
        "sequencialDocumento": 1,
        "dataPublicacaoPncp": "2021-10-29T07:01:06",
        "cnpj": "00394452000103",
        "anoCompra": 2021,
        "sequencialCompra": 1365,
        "statusAtivo": true,
        "titulo": "EDITAL MNT BOMBA DISPENSA 942021",
        "tipoDocumentoDescricao": "Aviso de Contratação Direta",
        "tipoDocumentoId": 1,
        "tipoDocumentoNome": "Aviso de Contratação Direta",
        "nome_real": [
            "EDITAL MNT BOMBA DISPENSA 942021.pdf"
        ],
        "extensao_real": "pdf"
    }
]