[
    {
        "uri": "https://pncp.gov.br/pncp-api/v1/orgaos/00394502000144/compras/2021/481/arquivos/1",
        "url": "https://pncp.gov.br/pncp-api/v1/orgaos/00394502000144/compras/2021/481/arquivos/1",
        "sequencialDocumento": 1,
        "dataPublicacaoPncp": "2021-12-16T07:00:12",
        "cnpj": "00394502000144",
        "anoCompra": 2021,
        "sequencialCompra": 481,
        "statusAtivo": true,
        "titulo": "MADEIRAS",
        "tipoDocumentoDescricao": "Aviso de Contratação Direta",
        "tipoDocumentoId": 1,
        "tipoDocumentoNome": "Aviso de Contratação Direta",
        "nome_real": [
            "MADEIRAS.pdf"
        ],
        "extensao_real": "pdf"
    }
]