[
    {
        "uri": "https://pncp.gov.br/pncp-api/v1/orgaos/82951229000176/compras/2022/17/arquivos/1",
        "url": "https://pncp.gov.br/pncp-api/v1/orgaos/82951229000176/compras/2022/17/arquivos/1",
        "sequencialDocumento": 1,
        "dataPublicacaoPncp": "2022-02-23T17:36:11",
        "cnpj": "82951229000176",
        "anoCompra": 2022,
        "sequencialCompra": 17,
        "statusAtivo": true,
        "titulo": "DISPENSA ELETRONICA",
        "tipoDocumentoId": 1,
        "tipoDocumentoDescricao": "Aviso de Contratação Direta",
        "tipoDocumentoNome": "Aviso de Contratação Direta",
        "nome_real": [
            "DISPENSA ELETRONICA.docx"
        ],
        "extensao_real": "docx"
    }
]