[
    {
        "uri": "https://pncp.gov.br/pncp-api/v1/orgaos/15126437000143/compras/2022/60/arquivos/1",
        "url": "https://pncp.gov.br/pncp-api/v1/orgaos/15126437000143/compras/2022/60/arquivos/1",
        "sequencialDocumento": 1,
        "dataPublicacaoPncp": "2022-02-18T10:26:53",
        "cnpj": "15126437000143",
        "anoCompra": 2022,
        "sequencialCompra": 60,
        "statusAtivo": true,
        "tipoDocumentoId": 1,
        "tipoDocumentoDescricao": "Aviso de Contratação Direta",
        "titulo": "EDITAL DISPENSA 11-2022",
        "tipoDocumentoNome": "Aviso de Contratação Direta",
        "nome_real": [
            "EDITAL DISPENSA 11-2022.pdf"
        ],
        "extensao_real": "pdf"
    }
]