[
    {
        "uri": "https://pncp.gov.br/pncp-api/v1/orgaos/03277610000125/compras/2021/25/arquivos/1",
        "url": "https://pncp.gov.br/pncp-api/v1/orgaos/03277610000125/compras/2021/25/arquivos/1",
        "sequencialDocumento": 1,
        "dataPublicacaoPncp": "2021-10-27T07:00:42",
        "cnpj": "03277610000125",
        "anoCompra": 2021,
        "sequencialCompra": 25,
        "statusAtivo": true,
        "titulo": "TR E AVISO DISP ELETR 122021",
        "tipoDocumentoDescricao": "Aviso de Contratação Direta",
        "tipoDocumentoId": 1,
        "tipoDocumentoNome": "Aviso de Contratação Direta",
        "nome_real": [
            "TR E AVISO DISP ELETR 122021.rar"
        ],
        "extensao_real": "rar"
    }
]