[
    {
        "uri": "https://pncp.gov.br/pncp-api/v1/orgaos/00394452000103/compras/2021/1254/arquivos/1",
        "url": "https://pncp.gov.br/pncp-api/v1/orgaos/00394452000103/compras/2021/1254/arquivos/1",
        "sequencialDocumento": 1,
        "dataPublicacaoPncp": "2021-10-26T07:01:48",
        "cnpj": "00394452000103",
        "anoCompra": 2021,
        "sequencialCompra": 1254,
        "statusAtivo": true,
        "titulo": "DISP 275.2021 - T.A - DIEx 8012 - ALMOX",
        "tipoDocumentoId": 1,
        "tipoDocumentoDescricao": "Aviso de Contratação Direta",
        "tipoDocumentoNome": "Aviso de Contratação Direta",
        "nome_real": [
            "DISP 275.2021 - T.A - DIEx 8012 - ALMOX.pdf"
        ],
        "extensao_real": "pdf"
    }
]