[
    {
        "uri": "https://pncp.gov.br/pncp-api/v1/orgaos/00394452000103/compras/2021/1938/arquivos/1",
        "url": "https://pncp.gov.br/pncp-api/v1/orgaos/00394452000103/compras/2021/1938/arquivos/1",
        "sequencialDocumento": 1,
        "dataPublicacaoPncp": "2021-11-23T15:57:59",
        "cnpj": "00394452000103",
        "anoCompra": 2021,
        "sequencialCompra": 1938,
        "statusAtivo": true,
        "titulo": "Aviso de Dispensa 91",
        "tipoDocumentoDescricao": "Aviso de Contratação Direta",
        "tipoDocumentoId": 1,
        "tipoDocumentoNome": "Aviso de Contratação Direta",
        "nome_real": [
            "Aviso de Dispensa 91.pdf"
        ],
        "extensao_real": "pdf"
    }
]