[
    {
        "uri": "https://pncp.gov.br/pncp-api/v1/orgaos/17694845000127/compras/2021/8/arquivos/1",
        "url": "https://pncp.gov.br/pncp-api/v1/orgaos/17694845000127/compras/2021/8/arquivos/1",
        "sequencialDocumento": 1,
        "dataPublicacaoPncp": "2022-02-09T18:23:08",
        "cnpj": "17694845000127",
        "anoCompra": 2021,
        "sequencialCompra": 8,
        "statusAtivo": true,
        "tipoDocumentoId": 2,
        "tipoDocumentoDescricao": "Edital",
        "titulo": "2196_28335629c03b6ef514c64f4870c7ae4a.pdf",
        "tipoDocumentoNome": "Edital",
        "nome_real": [
            "2196_28335629c03b6ef514c64f4870c7ae4a.pdf"
        ],
        "extensao_real": "pdf"
    }
]