[
    {
        "uri": "https://pncp.gov.br/pncp-api/v1/orgaos/03204421000122/compras/2022/2/arquivos/1",
        "url": "https://pncp.gov.br/pncp-api/v1/orgaos/03204421000122/compras/2022/2/arquivos/1",
        "sequencialDocumento": 1,
        "dataPublicacaoPncp": "2022-01-07T07:00:20",
        "cnpj": "03204421000122",
        "anoCompra": 2022,
        "sequencialCompra": 2,
        "statusAtivo": true,
        "titulo": "VEICULOS 2022",
        "tipoDocumentoId": 1,
        "tipoDocumentoNome": "Aviso de Contratação Direta",
        "tipoDocumentoDescricao": "Aviso de Contratação Direta",
        "nome_real": [
            "VEICULOS 2022.pdf"
        ],
        "extensao_real": "pdf"
    }
]