[
    {
        "uri": "https://pncp.gov.br/pncp-api/v1/orgaos/00394502000144/compras/2021/436/arquivos/1",
        "url": "https://pncp.gov.br/pncp-api/v1/orgaos/00394502000144/compras/2021/436/arquivos/1",
        "sequencialDocumento": 1,
        "dataPublicacaoPncp": "2021-11-29T07:00:59",
        "cnpj": "00394502000144",
        "anoCompra": 2021,
        "sequencialCompra": 436,
        "statusAtivo": true,
        "tipoDocumentoId": 1,
        "tipoDocumentoDescricao": "Aviso de Contratação Direta",
        "titulo": "Dispensa eletronica aquisicao de materiais de informatica - 36_2021",
        "tipoDocumentoNome": "Aviso de Contratação Direta",
        "nome_real": [
            "Dispensa eletronica aquisicao de materiais de informatica - 36_2021.odt"
        ],
        "extensao_real": "odt"
    }
]