[
    {
        "uri": "https://pncp.gov.br/pncp-api/v1/orgaos/00394452000103/compras/2022/384/arquivos/1",
        "url": "https://pncp.gov.br/pncp-api/v1/orgaos/00394452000103/compras/2022/384/arquivos/1",
        "sequencialDocumento": 1,
        "dataPublicacaoPncp": "2022-02-23T14:49:35",
        "cnpj": "00394452000103",
        "anoCompra": 2022,
        "sequencialCompra": 384,
        "statusAtivo": true,
        "titulo": "Edital Disp Eletronica n 16_2022 ass",
        "tipoDocumentoId": 1,
        "tipoDocumentoDescricao": "Aviso de Contratação Direta",
        "tipoDocumentoNome": "Aviso de Contratação Direta",
        "nome_real": [
            "Edital Disp Eletronica n 16_2022 ass.pdf"
        ],
        "extensao_real": "pdf"
    }
]