[
    {
        "uri": "https://pncp.gov.br/pncp-api/v1/orgaos/00394452000103/compras/2021/2532/arquivos/1",
        "url": "https://pncp.gov.br/pncp-api/v1/orgaos/00394452000103/compras/2021/2532/arquivos/1",
        "sequencialDocumento": 1,
        "dataPublicacaoPncp": "2022-02-24T11:41:53",
        "cnpj": "00394452000103",
        "anoCompra": 2021,
        "sequencialCompra": 2532,
        "statusAtivo": true,
        "titulo": "Dosimetria_divulgacao",
        "tipoDocumentoNome": "Aviso de Contratação Direta",
        "tipoDocumentoDescricao": "Aviso de Contratação Direta",
        "tipoDocumentoId": 1,
        "nome_real": [
            "Dosimetria_divulgacao.zip",
            "1. Aviso de dispensa.pdf",
            "2. Anexo II - Termo de Referência.pdf",
            "3. Minuta Contrato.pdf"
        ],
        "extensao_real": "zip"
    }
]