[
    {
        "uri": "https://pncp.gov.br/pncp-api/v1/orgaos/00394502000144/compras/2024/10854/arquivos/1",
        "url": "https://pncp.gov.br/pncp-api/v1/orgaos/00394502000144/compras/2024/10854/arquivos/1",
        "sequencialDocumento": 1,
        "dataPublicacaoPncp": "2024-08-27T17:27:49",
        "cnpj": "00394502000144",
        "anoCompra": 2024,
        "sequencialCompra": 10854,
        "statusAtivo": true,
        "titulo": "Dispensa 90031_2024",
        "tipoDocumentoNome": "Aviso de Contratação Direta",
        "tipoDocumentoId": 1,
        "tipoDocumentoDescricao": "Aviso de Contratação Direta",
        "nome_real": [
            "Dispensa+90031_2024.zip",
            "Estudo Técnico Preliminar.pdf",
            "Termo de Referência.pdf",
            "Aviso de Contrataç╞o.pdf"
        ],
        "extensao_real": "zip"
    }
]