[
    {
        "uri": "https://pncp.gov.br/pncp-api/v1/orgaos/00394452000103/compras/2021/907/arquivos/1",
        "url": "https://pncp.gov.br/pncp-api/v1/orgaos/00394452000103/compras/2021/907/arquivos/1",
        "sequencialDocumento": 1,
        "dataPublicacaoPncp": "2021-10-07T07:01:39",
        "cnpj": "00394452000103",
        "anoCompra": 2021,
        "sequencialCompra": 907,
        "statusAtivo": true,
        "titulo": "Aviso de dispensa eletronica 154",
        "tipoDocumentoId": 1,
        "tipoDocumentoDescricao": "Aviso de Contratação Direta",
        "tipoDocumentoNome": "Aviso de Contratação Direta",
        "nome_real": [
            "Aviso de dispensa eletronica 154.pdf"
        ],
        "extensao_real": "pdf"
    }
]