[
    {
        "uri": "https://pncp.gov.br/pncp-api/v1/orgaos/40176679000199/compras/2021/4/arquivos/1",
        "url": "https://pncp.gov.br/pncp-api/v1/orgaos/40176679000199/compras/2021/4/arquivos/1",
        "sequencialDocumento": 1,
        "dataPublicacaoPncp": "2021-09-15T07:00:55",
        "cnpj": "40176679000199",
        "anoCompra": 2021,
        "sequencialCompra": 4,
        "statusAtivo": true,
        "titulo": "Termo de Referencia,esp.tecnica,est.custo e anexos",
        "tipoDocumentoId": 1,
        "tipoDocumentoDescricao": "Aviso de Contratação Direta",
        "tipoDocumentoNome": "Aviso de Contratação Direta",
        "nome_real": [
            "Termo de Referencia,esp.tecnica,est.custo e anexos.pdf"
        ],
        "extensao_real": "pdf"
    }
]