[
    {
        "uri": "https://pncp.gov.br/pncp-api/v1/orgaos/01263896000164/compras/2021/113/arquivos/1",
        "url": "https://pncp.gov.br/pncp-api/v1/orgaos/01263896000164/compras/2021/113/arquivos/1",
        "sequencialDocumento": 1,
        "dataPublicacaoPncp": "2021-11-29T07:01:59",
        "cnpj": "01263896000164",
        "anoCompra": 2021,
        "sequencialCompra": 113,
        "statusAtivo": true,
        "titulo": "DIVULGACAO DISP.180.2021",
        "tipoDocumentoDescricao": "Aviso de Contratação Direta",
        "tipoDocumentoId": 1,
        "tipoDocumentoNome": "Aviso de Contratação Direta",
        "nome_real": [
            "DIVULGACAO DISP.180.2021.pdf"
        ],
        "extensao_real": "pdf"
    }
]