[
    {
        "uri": "https://pncp.gov.br/pncp-api/v1/orgaos/00394494010441/compras/2022/5/arquivos/1",
        "url": "https://pncp.gov.br/pncp-api/v1/orgaos/00394494010441/compras/2022/5/arquivos/1",
        "sequencialDocumento": 1,
        "dataPublicacaoPncp": "2022-01-19T11:50:25",
        "cnpj": "00394494010441",
        "anoCompra": 2022,
        "sequencialCompra": 5,
        "statusAtivo": true,
        "titulo": "Aviso_dispensa_e_anexos",
        "tipoDocumentoId": 1,
        "tipoDocumentoDescricao": "Aviso de Contratação Direta",
        "tipoDocumentoNome": "Aviso de Contratação Direta",
        "nome_real": [
            "Aviso_dispensa_e_anexos.pdf"
        ],
        "extensao_real": "pdf"
    }
]