[
    {
        "uri": "https://pncp.gov.br/pncp-api/v1/orgaos/15126437000143/compras/2021/205/arquivos/1",
        "url": "https://pncp.gov.br/pncp-api/v1/orgaos/15126437000143/compras/2021/205/arquivos/1",
        "sequencialDocumento": 1,
        "dataPublicacaoPncp": "2021-11-10T07:01:58",
        "cnpj": "15126437000143",
        "anoCompra": 2021,
        "sequencialCompra": 205,
        "statusAtivo": true,
        "tipoDocumentoId": 1,
        "tipoDocumentoDescricao": "Aviso de Contratação Direta",
        "titulo": "tr dispensa eletronica  149-2021",
        "tipoDocumentoNome": "Aviso de Contratação Direta",
        "nome_real": [
            "tr dispensa eletronica  149-2021.pdf"
        ],
        "extensao_real": "pdf"
    }
]