[
    {
        "uri": "https://pncp.gov.br/pncp-api/v1/orgaos/21325226000132/compras/2022/3/arquivos/1",
        "url": "https://pncp.gov.br/pncp-api/v1/orgaos/21325226000132/compras/2022/3/arquivos/1",
        "sequencialDocumento": 1,
        "dataPublicacaoPncp": "2022-03-08T23:09:52",
        "cnpj": "21325226000132",
        "anoCompra": 2022,
        "sequencialCompra": 3,
        "statusAtivo": true,
        "titulo": "2803_6d072074cc8c2c8a27b4464a9dac20c6.pdf",
        "tipoDocumentoId": 2,
        "tipoDocumentoDescricao": "Edital",
        "tipoDocumentoNome": "Edital",
        "nome_real": [
            "2803_6d072074cc8c2c8a27b4464a9dac20c6.pdf"
        ],
        "extensao_real": "pdf"
    }
]