[
    {
        "uri": "https://pncp.gov.br/pncp-api/v1/orgaos/46379400000150/compras/2022/43/arquivos/1",
        "url": "https://pncp.gov.br/pncp-api/v1/orgaos/46379400000150/compras/2022/43/arquivos/1",
        "sequencialDocumento": 1,
        "dataPublicacaoPncp": "2022-02-24T15:11:43",
        "cnpj": "46379400000150",
        "anoCompra": 2022,
        "sequencialCompra": 43,
        "statusAtivo": true,
        "titulo": "1098837-202201101735358072(24645)",
        "tipoDocumentoId": 1,
        "tipoDocumentoDescricao": "Aviso de Contratação Direta",
        "tipoDocumentoNome": "Aviso de Contratação Direta",
        "nome_real": [
            "1098837-202201101735358072(24645).pdf"
        ],
        "extensao_real": "pdf"
    }
]