[
    {
        "uri": "https://pncp.gov.br/pncp-api/v1/orgaos/00394452000103/compras/2022/454/arquivos/1",
        "url": "https://pncp.gov.br/pncp-api/v1/orgaos/00394452000103/compras/2022/454/arquivos/1",
        "sequencialDocumento": 1,
        "dataPublicacaoPncp": "2022-03-03T12:13:18",
        "cnpj": "00394452000103",
        "anoCompra": 2022,
        "sequencialCompra": 454,
        "statusAtivo": true,
        "tipoDocumentoId": 1,
        "tipoDocumentoDescricao": "Aviso de Contratação Direta",
        "titulo": "2. Aviso de Dispensa Eletronica n 04_2022",
        "tipoDocumentoNome": "Aviso de Contratação Direta",
        "nome_real": [
            "2. Aviso de Dispensa Eletronica n 04_2022.pdf"
        ],
        "extensao_real": "pdf"
    }
]