[
    {
        "uri": "https://pncp.gov.br/pncp-api/v1/orgaos/00394452000103/compras/2021/1110/arquivos/1",
        "url": "https://pncp.gov.br/pncp-api/v1/orgaos/00394452000103/compras/2021/1110/arquivos/1",
        "sequencialDocumento": 1,
        "dataPublicacaoPncp": "2021-10-19T16:23:01",
        "cnpj": "00394452000103",
        "anoCompra": 2021,
        "sequencialCompra": 1110,
        "statusAtivo": true,
        "titulo": "dispensaEl 762021",
        "tipoDocumentoId": 1,
        "tipoDocumentoDescricao": "Aviso de Contratação Direta",
        "tipoDocumentoNome": "Aviso de Contratação Direta",
        "nome_real": [
            "dispensaEl 762021.pdf"
        ],
        "extensao_real": "pdf"
    }
]