[
    {
        "uri": "https://pncp.gov.br/pncp-api/v1/orgaos/10735145000194/compras/2022/3/arquivos/1",
        "url": "https://pncp.gov.br/pncp-api/v1/orgaos/10735145000194/compras/2022/3/arquivos/1",
        "sequencialDocumento": 1,
        "dataPublicacaoPncp": "2022-02-14T10:13:37",
        "cnpj": "10735145000194",
        "anoCompra": 2022,
        "sequencialCompra": 3,
        "statusAtivo": true,
        "titulo": "AVISO DE DISPENSA",
        "tipoDocumentoDescricao": "Aviso de Contratação Direta",
        "tipoDocumentoId": 1,
        "tipoDocumentoNome": "Aviso de Contratação Direta",
        "nome_real": [
            "AVISO DE DISPENSA.docx"
        ],
        "extensao_real": "docx"
    }
]