[
    {
        "uri": "https://pncp.gov.br/pncp-api/v1/orgaos/00394502000144/compras/2022/89/arquivos/1",
        "url": "https://pncp.gov.br/pncp-api/v1/orgaos/00394502000144/compras/2022/89/arquivos/1",
        "sequencialDocumento": 1,
        "dataPublicacaoPncp": "2022-02-11T14:17:09",
        "cnpj": "00394502000144",
        "anoCompra": 2022,
        "sequencialCompra": 89,
        "statusAtivo": true,
        "titulo": "Dispensa eletronica - Teste de deteccao de agua em QAV",
        "tipoDocumentoDescricao": "Aviso de Contratação Direta",
        "tipoDocumentoId": 1,
        "tipoDocumentoNome": "Aviso de Contratação Direta",
        "nome_real": [
            "Dispensa eletronica - Teste de deteccao de agua em QAV.odt"
        ],
        "extensao_real": "odt"
    }
]