[
    {
        "uri": "https://pncp.gov.br/pncp-api/v1/orgaos/03277610000125/compras/2021/29/arquivos/1",
        "url": "https://pncp.gov.br/pncp-api/v1/orgaos/03277610000125/compras/2021/29/arquivos/1",
        "sequencialDocumento": 1,
        "dataPublicacaoPncp": "2021-11-11T07:02:20",
        "cnpj": "03277610000125",
        "anoCompra": 2021,
        "sequencialCompra": 29,
        "statusAtivo": true,
        "titulo": "TV POR ASSINATURA",
        "tipoDocumentoDescricao": "Aviso de Contratação Direta",
        "tipoDocumentoId": 1,
        "tipoDocumentoNome": "Aviso de Contratação Direta",
        "nome_real": [
            "TV POR ASSINATURA.zip",
            "SEI_MD - 4244838 - Termo de Referência.pdf",
            "SEI_MD - 4285036 - Aviso assinado.pdf"
        ],
        "extensao_real": "zip"
    }
]