[
    {
        "uri": "https://pncp.gov.br/pncp-api/v1/orgaos/15126437000143/compras/2022/16/arquivos/1",
        "url": "https://pncp.gov.br/pncp-api/v1/orgaos/15126437000143/compras/2022/16/arquivos/1",
        "sequencialDocumento": 1,
        "dataPublicacaoPncp": "2022-01-14T15:56:46",
        "cnpj": "15126437000143",
        "anoCompra": 2022,
        "sequencialCompra": 16,
        "statusAtivo": true,
        "titulo": "TR",
        "tipoDocumentoNome": "Aviso de Contratação Direta",
        "tipoDocumentoDescricao": "Aviso de Contratação Direta",
        "tipoDocumentoId": 1,
        "nome_real": [
            "TR.pdf"
        ],
        "extensao_real": "pdf"
    }
]