[
    {
        "uri": "https://pncp.gov.br/pncp-api/v1/orgaos/00348003000110/compras/2021/118/arquivos/1",
        "url": "https://pncp.gov.br/pncp-api/v1/orgaos/00348003000110/compras/2021/118/arquivos/1",
        "sequencialDocumento": 1,
        "dataPublicacaoPncp": "2021-10-08T07:01:34",
        "cnpj": "00348003000110",
        "anoCompra": 2021,
        "sequencialCompra": 118,
        "statusAtivo": true,
        "titulo": "SEI_EMBRAPA - 5982599 - Termo de Referencia",
        "tipoDocumentoId": 1,
        "tipoDocumentoDescricao": "Aviso de Contratação Direta",
        "tipoDocumentoNome": "Aviso de Contratação Direta",
        "nome_real": [
            "SEI_EMBRAPA - 5982599 - Termo de Referencia.pdf"
        ],
        "extensao_real": "pdf"
    }
]