[
    {
        "uri": "https://pncp.gov.br/pncp-api/v1/orgaos/33781055000135/compras/2021/12/arquivos/1",
        "url": "https://pncp.gov.br/pncp-api/v1/orgaos/33781055000135/compras/2021/12/arquivos/1",
        "sequencialDocumento": 1,
        "dataPublicacaoPncp": "2021-11-04T07:01:14",
        "cnpj": "33781055000135",
        "anoCompra": 2021,
        "sequencialCompra": 12,
        "statusAtivo": true,
        "titulo": "SEI_FIOCRUZ - 1208473 - Aviso de Dispensa Eletronica Lei n 14.133_2021",
        "tipoDocumentoId": 1,
        "tipoDocumentoNome": "Aviso de Contratação Direta",
        "tipoDocumentoDescricao": "Aviso de Contratação Direta",
        "nome_real": [
            "SEI_FIOCRUZ - 1208473 - Aviso de Dispensa Eletronica Lei n 14.133_2021.pdf"
        ],
        "extensao_real": "pdf"
    }
]