[
    {
        "uri": "https://pncp.gov.br/pncp-api/v1/orgaos/00394502000144/compras/2021/72/arquivos/1",
        "url": "https://pncp.gov.br/pncp-api/v1/orgaos/00394502000144/compras/2021/72/arquivos/1",
        "tipoDocumentoDescricao": "Aviso de Contratação Direta",
        "sequencialDocumento": 1,
        "dataPublicacaoPncp": "2021-09-17T07:00:28",
        "cnpj": "00394502000144",
        "anoCompra": 2021,
        "sequencialCompra": 72,
        "statusAtivo": true,
        "titulo": "Cotacao 06 material de construcao",
        "tipoDocumentoNome": "Aviso de Contratação Direta",
        "tipoDocumentoId": 1,
        "nome_real": [
            "Cotacao 06 material de construcao.pdf"
        ],
        "extensao_real": "pdf"
    }
]