[
    {
        "uri": "https://pncp.gov.br/pncp-api/v1/orgaos/00348003000110/compras/2021/399/arquivos/1",
        "url": "https://pncp.gov.br/pncp-api/v1/orgaos/00348003000110/compras/2021/399/arquivos/1",
        "sequencialDocumento": 1,
        "dataPublicacaoPncp": "2021-12-10T07:00:48",
        "cnpj": "00348003000110",
        "anoCompra": 2021,
        "sequencialCompra": 399,
        "statusAtivo": true,
        "titulo": "EMBRAPA - 6274421 - Termo de Referencia",
        "tipoDocumentoId": 1,
        "tipoDocumentoNome": "Aviso de Contratação Direta",
        "tipoDocumentoDescricao": "Aviso de Contratação Direta",
        "nome_real": [
            "EMBRAPA - 6274421 - Termo de Referencia.pdf"
        ],
        "extensao_real": "pdf"
    }
]