[
    {
        "uri": "https://pncp.gov.br/pncp-api/v1/orgaos/10735145000194/compras/2021/15/arquivos/1",
        "url": "https://pncp.gov.br/pncp-api/v1/orgaos/10735145000194/compras/2021/15/arquivos/1",
        "sequencialDocumento": 1,
        "dataPublicacaoPncp": "2021-09-29T07:00:14",
        "cnpj": "10735145000194",
        "anoCompra": 2021,
        "sequencialCompra": 15,
        "statusAtivo": true,
        "titulo": "TR Informatica",
        "tipoDocumentoNome": "Aviso de Contratação Direta",
        "tipoDocumentoDescricao": "Aviso de Contratação Direta",
        "tipoDocumentoId": 1,
        "nome_real": [
            "TR Informatica.pdf"
        ],
        "extensao_real": "pdf"
    }
]