[
    {
        "uri": "https://pncp.gov.br/pncp-api/v1/orgaos/40514168000130/compras/2021/2/arquivos/1",
        "url": "https://pncp.gov.br/pncp-api/v1/orgaos/40514168000130/compras/2021/2/arquivos/1",
        "sequencialDocumento": 1,
        "dataPublicacaoPncp": "2021-09-30T07:00:08",
        "cnpj": "40514168000130",
        "anoCompra": 2021,
        "sequencialCompra": 2,
        "statusAtivo": true,
        "titulo": "TR DE 002-21",
        "tipoDocumentoId": 1,
        "tipoDocumentoDescricao": "Aviso de Contratação Direta",
        "tipoDocumentoNome": "Aviso de Contratação Direta",
        "nome_real": [
            "TR DE 002-21.pdf"
        ],
        "extensao_real": "pdf"
    }
]