[
    {
        "uri": "https://pncp.gov.br/pncp-api/v1/orgaos/00394452000103/compras/2021/1036/arquivos/1",
        "url": "https://pncp.gov.br/pncp-api/v1/orgaos/00394452000103/compras/2021/1036/arquivos/1",
        "sequencialDocumento": 1,
        "dataPublicacaoPncp": "2021-10-15T07:01:33",
        "cnpj": "00394452000103",
        "anoCompra": 2021,
        "sequencialCompra": 1036,
        "statusAtivo": true,
        "titulo": "190 Aviso - termo de referencia",
        "tipoDocumentoDescricao": "Aviso de Contratação Direta",
        "tipoDocumentoId": 1,
        "tipoDocumentoNome": "Aviso de Contratação Direta",
        "nome_real": [
            "190 Aviso - termo de referencia.pdf"
        ],
        "extensao_real": "pdf"
    }
]