[
    {
        "uri": "https://pncp.gov.br/pncp-api/v1/orgaos/26474056000171/compras/2022/14/arquivos/1",
        "url": "https://pncp.gov.br/pncp-api/v1/orgaos/26474056000171/compras/2022/14/arquivos/1",
        "sequencialDocumento": 1,
        "dataPublicacaoPncp": "2022-03-03T15:11:29",
        "cnpj": "26474056000171",
        "anoCompra": 2022,
        "sequencialCompra": 14,
        "statusAtivo": true,
        "titulo": "Edital",
        "tipoDocumentoId": 1,
        "tipoDocumentoNome": "Aviso de Contratação Direta",
        "tipoDocumentoDescricao": "Aviso de Contratação Direta",
        "nome_real": [
            "Edital.pdf"
        ],
        "extensao_real": "pdf"
    }
]