[
    {
        "uri": "https://pncp.gov.br/pncp-api/v1/orgaos/15126437000143/compras/2021/42/arquivos/1",
        "url": "https://pncp.gov.br/pncp-api/v1/orgaos/15126437000143/compras/2021/42/arquivos/1",
        "tipoDocumentoDescricao": "Aviso de Contratação Direta",
        "tipoDocumentoId": 1,
        "statusAtivo": true,
        "sequencialDocumento": 1,
        "dataPublicacaoPncp": "2021-08-31T07:42:18",
        "cnpj": "15126437000143",
        "anoCompra": 2021,
        "sequencialCompra": 42,
        "titulo": "PROJETO BASICO",
        "tipoDocumentoNome": "Aviso de Contratação Direta",
        "nome_real": [
            "PROJETO BASICO.pdf"
        ],
        "extensao_real": "pdf"
    }
]