[
    {
        "uri": "https://pncp.gov.br/pncp-api/v1/orgaos/00394502000144/compras/2022/82/arquivos/1",
        "url": "https://pncp.gov.br/pncp-api/v1/orgaos/00394502000144/compras/2022/82/arquivos/1",
        "sequencialDocumento": 1,
        "dataPublicacaoPncp": "2022-02-11T09:46:45",
        "cnpj": "00394502000144",
        "anoCompra": 2022,
        "sequencialCompra": 82,
        "statusAtivo": true,
        "tipoDocumentoId": 1,
        "tipoDocumentoDescricao": "Aviso de Contratação Direta",
        "titulo": "092022",
        "tipoDocumentoNome": "Aviso de Contratação Direta",
        "nome_real": [
            "092022.pdf"
        ],
        "extensao_real": "pdf"
    }
]