[
    {
        "uri": "https://pncp.gov.br/pncp-api/v1/orgaos/26963660000161/compras/2021/4/arquivos/1",
        "url": "https://pncp.gov.br/pncp-api/v1/orgaos/26963660000161/compras/2021/4/arquivos/1",
        "sequencialDocumento": 1,
        "dataPublicacaoPncp": "2021-09-24T07:00:54",
        "cnpj": "26963660000161",
        "anoCompra": 2021,
        "sequencialCompra": 4,
        "statusAtivo": true,
        "titulo": "SEI_MTUR - 1084176 - Funarte Documento de Formalizacao da Demanda DFD",
        "tipoDocumentoDescricao": "Aviso de Contratação Direta",
        "tipoDocumentoId": 1,
        "tipoDocumentoNome": "Aviso de Contratação Direta",
        "nome_real": [
            "SEI_MTUR - 1084176 - Funarte Documento de Formalizacao da Demanda DFD.pdf"
        ],
        "extensao_real": "pdf"
    }
]