[
    {
        "uri": "https://pncp.gov.br/pncp-api/v1/orgaos/10571982000125/compras/2021/9/arquivos/1",
        "url": "https://pncp.gov.br/pncp-api/v1/orgaos/10571982000125/compras/2021/9/arquivos/1",
        "sequencialDocumento": 1,
        "dataPublicacaoPncp": "2021-11-09T07:01:07",
        "cnpj": "10571982000125",
        "anoCompra": 2021,
        "sequencialCompra": 9,
        "statusAtivo": true,
        "titulo": "2. Termo de Referencia Simplificado - sem preco",
        "tipoDocumentoDescricao": "Aviso de Contratação Direta",
        "tipoDocumentoId": 1,
        "tipoDocumentoNome": "Aviso de Contratação Direta",
        "nome_real": [
            "2. Termo de Referencia Simplificado - sem preco.docx"
        ],
        "extensao_real": "docx"
    }
]