[
    {
        "uri": "https://pncp.gov.br/pncp-api/v1/orgaos/00394452000103/compras/2021/1263/arquivos/1",
        "url": "https://pncp.gov.br/pncp-api/v1/orgaos/00394452000103/compras/2021/1263/arquivos/1",
        "sequencialDocumento": 1,
        "dataPublicacaoPncp": "2021-10-27T07:01:32",
        "cnpj": "00394452000103",
        "anoCompra": 2021,
        "sequencialCompra": 1263,
        "statusAtivo": true,
        "titulo": "1. Aviso de Dispensa Eletronica, Anexo I e Anexo II-TR_Versao2",
        "tipoDocumentoId": 1,
        "tipoDocumentoNome": "Aviso de Contratação Direta",
        "tipoDocumentoDescricao": "Aviso de Contratação Direta",
        "nome_real": [
            "1. Aviso de Dispensa Eletronica, Anexo I e Anexo II-TR_Versao2.odt"
        ],
        "extensao_real": "odt"
    }
]