[
    {
        "uri": "https://pncp.gov.br/pncp-api/v1/orgaos/90152299000192/compras/2022/4/arquivos/1",
        "url": "https://pncp.gov.br/pncp-api/v1/orgaos/90152299000192/compras/2022/4/arquivos/1",
        "sequencialDocumento": 1,
        "dataPublicacaoPncp": "2022-03-03T16:33:30",
        "cnpj": "90152299000192",
        "anoCompra": 2022,
        "sequencialCompra": 4,
        "statusAtivo": true,
        "tipoDocumentoId": 2,
        "tipoDocumentoDescricao": "Edital",
        "titulo": "DISPENSA ELETRONICA 032_22 - nobreak e tela.pdf",
        "tipoDocumentoNome": "Edital",
        "nome_real": [
            "DISPENSA ELETRONICA 032_22 - nobreak e tela.pdf"
        ],
        "extensao_real": "pdf"
    },
    {
        "uri": "https://pncp.gov.br/pncp-api/v1/orgaos/90152299000192/compras/2022/4/arquivos/2",
        "url": "https://pncp.gov.br/pncp-api/v1/orgaos/90152299000192/compras/2022/4/arquivos/2",
        "sequencialDocumento": 2,
        "dataPublicacaoPncp": "2022-03-10T16:38:13",
        "cnpj": "90152299000192",
        "anoCompra": 2022,
        "sequencialCompra": 4,
        "statusAtivo": true,
        "tipoDocumentoId": 16,
        "tipoDocumentoDescricao": "Outros Documentos",
        "titulo": "AtaTotal_175951.pdf",
        "tipoDocumentoNome": "Outros Documentos",
        "nome_real": [
            "AtaTotal_175951.pdf"
        ],
        "extensao_real": "pdf"
    }
]