[
    {
        "uri": "https://pncp.gov.br/pncp-api/v1/orgaos/00394452000103/compras/2021/2255/arquivos/1",
        "url": "https://pncp.gov.br/pncp-api/v1/orgaos/00394452000103/compras/2021/2255/arquivos/1",
        "sequencialDocumento": 1,
        "dataPublicacaoPncp": "2021-12-06T07:00:28",
        "cnpj": "00394452000103",
        "anoCompra": 2021,
        "sequencialCompra": 2255,
        "statusAtivo": true,
        "titulo": "Aviso de Dispensa Eletronica n 13-2021 e Termo de Referencia",
        "tipoDocumentoNome": "Aviso de Contratação Direta",
        "tipoDocumentoDescricao": "Aviso de Contratação Direta",
        "tipoDocumentoId": 1,
        "nome_real": [
            "Aviso de Dispensa Eletronica n 13-2021 e Termo de Referencia.pdf"
        ],
        "extensao_real": "pdf"
    }
]