[
    {
        "uri": "https://pncp.gov.br/pncp-api/v1/orgaos/00394502000144/compras/2021/285/arquivos/1",
        "url": "https://pncp.gov.br/pncp-api/v1/orgaos/00394502000144/compras/2021/285/arquivos/1",
        "sequencialDocumento": 1,
        "dataPublicacaoPncp": "2021-11-11T07:00:20",
        "cnpj": "00394502000144",
        "anoCompra": 2021,
        "sequencialCompra": 285,
        "statusAtivo": true,
        "titulo": "Aviso 0042021",
        "tipoDocumentoDescricao": "Aviso de Contratação Direta",
        "tipoDocumentoId": 1,
        "tipoDocumentoNome": "Aviso de Contratação Direta",
        "nome_real": [
            "Aviso 0042021.rar"
        ],
        "extensao_real": "rar"
    }
]