[
    {
        "uri": "https://pncp.gov.br/pncp-api/v1/orgaos/00394452000103/compras/2021/289/arquivos/1",
        "url": "https://pncp.gov.br/pncp-api/v1/orgaos/00394452000103/compras/2021/289/arquivos/1",
        "tipoDocumentoDescricao": "Aviso de Contratação Direta",
        "sequencialDocumento": 1,
        "dataPublicacaoPncp": "2021-08-31T07:42:07",
        "cnpj": "00394452000103",
        "anoCompra": 2021,
        "sequencialCompra": 289,
        "statusAtivo": true,
        "titulo": "Termo de Referencia- Dispena Eletronica 126",
        "tipoDocumentoNome": "Aviso de Contratação Direta",
        "tipoDocumentoId": 1,
        "nome_real": [
            "Termo de Referencia- Dispena Eletronica 126.pdf"
        ],
        "extensao_real": "pdf"
    }
]