[
    {
        "uri": "https://pncp.gov.br/pncp-api/v1/orgaos/00394502000144/compras/2021/311/arquivos/1",
        "url": "https://pncp.gov.br/pncp-api/v1/orgaos/00394502000144/compras/2021/311/arquivos/1",
        "sequencialDocumento": 1,
        "dataPublicacaoPncp": "2021-11-12T10:40:58",
        "cnpj": "00394502000144",
        "anoCompra": 2021,
        "sequencialCompra": 311,
        "statusAtivo": true,
        "titulo": "02-2021 -AvisodeDispensaEletronica",
        "tipoDocumentoId": 1,
        "tipoDocumentoNome": "Aviso de Contratação Direta",
        "tipoDocumentoDescricao": "Aviso de Contratação Direta",
        "nome_real": [
            "02-2021 -AvisodeDispensaEletronica.pdf"
        ],
        "extensao_real": "pdf"
    }
]