[
    {
        "uri": "https://pncp.gov.br/pncp-api/v1/orgaos/87613071000148/compras/2024/546/arquivos/1",
        "url": "https://pncp.gov.br/pncp-api/v1/orgaos/87613071000148/compras/2024/546/arquivos/1",
        "sequencialDocumento": 1,
        "dataPublicacaoPncp": "2024-08-27T09:39:14",
        "cnpj": "87613071000148",
        "anoCompra": 2024,
        "sequencialCompra": 546,
        "statusAtivo": true,
        "tipoDocumentoNome": "Outros Documentos",
        "titulo": "103213_14_103045_DFD",
        "tipoDocumentoId": 16,
        "tipoDocumentoDescricao": "Outros Documentos",
        "nome_real": [
            "103213_14_103045_DFD.pdf"
        ],
        "extensao_real": "pdf"
    },
    {
        "uri": "https://pncp.gov.br/pncp-api/v1/orgaos/87613071000148/compras/2024/546/arquivos/2",
        "url": "https://pncp.gov.br/pncp-api/v1/orgaos/87613071000148/compras/2024/546/arquivos/2",
        "sequencialDocumento": 2,
        "dataPublicacaoPncp": "2024-08-27T09:39:15",
        "cnpj": "87613071000148",
        "anoCompra": 2024,
        "sequencialCompra": 546,
        "statusAtivo": true,
        "tipoDocumentoNome": "Edital",
        "titulo": "103213_72 - Equipamentos Academia",
        "tipoDocumentoId": 2,
        "tipoDocumentoDescricao": "Edital",
        "nome_real": [
            "103213_72+-+Equipamentos+Academia.doc"
        ],
        "extensao_real": "doc"
    },
    {
        "uri": "https://pncp.gov.br/pncp-api/v1/orgaos/87613071000148/compras/2024/546/arquivos/3",
        "url": "https://pncp.gov.br/pncp-api/v1/orgaos/87613071000148/compras/2024/546/arquivos/3",
        "sequencialDocumento": 3,
        "dataPublicacaoPncp": "2024-08-27T09:39:16",
        "cnpj": "87613071000148",
        "anoCompra": 2024,
        "sequencialCompra": 546,
        "statusAtivo": true,
        "tipoDocumentoNome": "Outros Documentos",
        "titulo": "103213_AV- DOM",
        "tipoDocumentoId": 16,
        "tipoDocumentoDescricao": "Outros Documentos",
        "nome_real": [
            "103213_AV-+DOM.pdf"
        ],
        "extensao_real": "pdf"
    },
    {
        "uri": "https://pncp.gov.br/pncp-api/v1/orgaos/87613071000148/compras/2024/546/arquivos/4",
        "url": "https://pncp.gov.br/pncp-api/v1/orgaos/87613071000148/compras/2024/546/arquivos/4",
        "sequencialDocumento": 4,
        "dataPublicacaoPncp": "2024-08-27T09:39:17",
        "cnpj": "87613071000148",
        "anoCompra": 2024,
        "sequencialCompra": 546,
        "statusAtivo": true,
        "tipoDocumentoNome": "Outros Documentos",
        "titulo": "103213_AV - JOC",
        "tipoDocumentoId": 16,
        "tipoDocumentoDescricao": "Outros Documentos",
        "nome_real": [
            "103213_AV+-+JOC.pdf"
        ],
        "extensao_real": "pdf"
    }
]