[
    {
        "uri": "https://pncp.gov.br/pncp-api/v1/orgaos/00394452000103/compras/2021/755/arquivos/1",
        "url": "https://pncp.gov.br/pncp-api/v1/orgaos/00394452000103/compras/2021/755/arquivos/1",
        "sequencialDocumento": 1,
        "dataPublicacaoPncp": "2021-09-30T07:00:51",
        "cnpj": "00394452000103",
        "anoCompra": 2021,
        "sequencialCompra": 755,
        "statusAtivo": true,
        "titulo": "DISP 221.2021 - T.A - DIEx 1205 - 4 SEC AD5",
        "tipoDocumentoId": 1,
        "tipoDocumentoNome": "Aviso de Contratação Direta",
        "tipoDocumentoDescricao": "Aviso de Contratação Direta",
        "nome_real": [
            "DISP 221.2021 - T.A - DIEx 1205 - 4 SEC AD5.pdf"
        ],
        "extensao_real": "pdf"
    }
]