[
    {
        "uri": "https://pncp.gov.br/pncp-api/v1/orgaos/04310454000110/compras/2022/1/arquivos/1",
        "url": "https://pncp.gov.br/pncp-api/v1/orgaos/04310454000110/compras/2022/1/arquivos/1",
        "sequencialDocumento": 1,
        "dataPublicacaoPncp": "2022-01-21T15:51:24",
        "cnpj": "04310454000110",
        "anoCompra": 2022,
        "sequencialCompra": 1,
        "statusAtivo": true,
        "titulo": "AVISO DE DISPENSA ELETRONICA 28.2021",
        "tipoDocumentoId": 1,
        "tipoDocumentoDescricao": "Aviso de Contratação Direta",
        "tipoDocumentoNome": "Aviso de Contratação Direta",
        "nome_real": [
            "AVISO DE DISPENSA ELETRONICA 28.2021.pdf"
        ],
        "extensao_real": "pdf"
    }
]