[
    {
        "uri": "https://pncp.gov.br/pncp-api/v1/orgaos/00394452000103/compras/2021/373/arquivos/1",
        "url": "https://pncp.gov.br/pncp-api/v1/orgaos/00394452000103/compras/2021/373/arquivos/1",
        "sequencialDocumento": 1,
        "dataPublicacaoPncp": "2021-09-06T07:04:00",
        "cnpj": "00394452000103",
        "anoCompra": 2021,
        "sequencialCompra": 373,
        "statusAtivo": true,
        "titulo": "Termo Ref Cot Ele 180 - Lona Preta",
        "tipoDocumentoId": 1,
        "tipoDocumentoDescricao": "Aviso de Contratação Direta",
        "tipoDocumentoNome": "Aviso de Contratação Direta",
        "nome_real": [
            "Termo Ref Cot Ele 180 - Lona Preta.zip",
            "Cotação Ele 180 - Lona Preta.pdf",
            "Modelo Lona 2.png",
            "Modelo Lona preta 1.png",
            "Modelo lona 3.png",
            "Modelo lona 4.png"
        ],
        "extensao_real": "zip"
    }
]