[
    {
        "uri": "https://pncp.gov.br/pncp-api/v1/orgaos/03204421000122/compras/2021/22/arquivos/1",
        "url": "https://pncp.gov.br/pncp-api/v1/orgaos/03204421000122/compras/2021/22/arquivos/1",
        "sequencialDocumento": 1,
        "dataPublicacaoPncp": "2021-12-23T07:00:13",
        "cnpj": "03204421000122",
        "anoCompra": 2021,
        "sequencialCompra": 22,
        "statusAtivo": true,
        "titulo": "SEI_54000.135146_2021_37",
        "tipoDocumentoNome": "Aviso de Contratação Direta",
        "tipoDocumentoDescricao": "Aviso de Contratação Direta",
        "tipoDocumentoId": 1,
        "nome_real": [
            "SEI_54000.135146_2021_37.pdf"
        ],
        "extensao_real": "pdf"
    }
]