[
    {
        "uri": "https://pncp.gov.br/pncp-api/v1/orgaos/32580400000100/compras/2022/2/arquivos/1",
        "url": "https://pncp.gov.br/pncp-api/v1/orgaos/32580400000100/compras/2022/2/arquivos/1",
        "sequencialDocumento": 1,
        "dataPublicacaoPncp": "2022-02-22T12:07:02",
        "cnpj": "32580400000100",
        "anoCompra": 2022,
        "sequencialCompra": 2,
        "statusAtivo": true,
        "tipoDocumentoId": 2,
        "tipoDocumentoDescricao": "Edital",
        "titulo": "5 - Termo de Referência.pdf",
        "tipoDocumentoNome": "Edital",
        "nome_real": [
            "5 - Termo de Referencia.pdf"
        ],
        "extensao_real": "pdf"
    },
    {
        "uri": "https://pncp.gov.br/pncp-api/v1/orgaos/32580400000100/compras/2022/2/arquivos/2",
        "url": "https://pncp.gov.br/pncp-api/v1/orgaos/32580400000100/compras/2022/2/arquivos/2",
        "sequencialDocumento": 2,
        "dataPublicacaoPncp": "2022-03-03T13:56:35",
        "cnpj": "32580400000100",
        "anoCompra": 2022,
        "sequencialCompra": 2,
        "statusAtivo": true,
        "tipoDocumentoId": 16,
        "tipoDocumentoDescricao": "Outros Documentos",
        "titulo": "AtaTotal_174868.pdf",
        "tipoDocumentoNome": "Outros Documentos",
        "nome_real": [
            "AtaTotal_174868.pdf"
        ],
        "extensao_real": "pdf"
    }
]