[
    {
        "uri": "https://pncp.gov.br/pncp-api/v1/orgaos/10764307000112/compras/2021/25/arquivos/1",
        "url": "https://pncp.gov.br/pncp-api/v1/orgaos/10764307000112/compras/2021/25/arquivos/1",
        "sequencialDocumento": 1,
        "dataPublicacaoPncp": "2021-11-03T07:00:14",
        "cnpj": "10764307000112",
        "anoCompra": 2021,
        "sequencialCompra": 25,
        "statusAtivo": true,
        "tipoDocumentoId": 1,
        "tipoDocumentoDescricao": "Aviso de Contratação Direta",
        "titulo": "SEI_IFBA - 2048831 - Projeto Basico",
        "tipoDocumentoNome": "Aviso de Contratação Direta",
        "nome_real": [
            "SEI_IFBA - 2048831 - Projeto Basico.pdf"
        ],
        "extensao_real": "pdf"
    }
]