[
    {
        "uri": "https://pncp.gov.br/pncp-api/v1/orgaos/90152299000192/compras/2022/3/arquivos/1",
        "url": "https://pncp.gov.br/pncp-api/v1/orgaos/90152299000192/compras/2022/3/arquivos/1",
        "sequencialDocumento": 1,
        "dataPublicacaoPncp": "2022-03-03T15:58:32",
        "cnpj": "90152299000192",
        "anoCompra": 2022,
        "sequencialCompra": 3,
        "statusAtivo": true,
        "titulo": "DISPENSA ELETRONICA 031_22 - AR CONDICIONADO.pdf",
        "tipoDocumentoId": 2,
        "tipoDocumentoDescricao": "Edital",
        "tipoDocumentoNome": "Edital",
        "nome_real": [
            "DISPENSA ELETRONICA 031_22 - AR CONDICIONADO.pdf"
        ],
        "extensao_real": "pdf"
    },
    {
        "uri": "https://pncp.gov.br/pncp-api/v1/orgaos/90152299000192/compras/2022/3/arquivos/2",
        "url": "https://pncp.gov.br/pncp-api/v1/orgaos/90152299000192/compras/2022/3/arquivos/2",
        "sequencialDocumento": 2,
        "dataPublicacaoPncp": "2022-03-09T16:01:48",
        "cnpj": "90152299000192",
        "anoCompra": 2022,
        "sequencialCompra": 3,
        "statusAtivo": true,
        "titulo": "AtaTotal_175847.pdf",
        "tipoDocumentoId": 16,
        "tipoDocumentoDescricao": "Outros Documentos",
        "tipoDocumentoNome": "Outros Documentos",
        "nome_real": [
            "AtaTotal_175847.pdf"
        ],
        "extensao_real": "pdf"
    }
]