[
    {
        "uri": "https://pncp.gov.br/pncp-api/v1/orgaos/00394536000139/compras/2022/2/arquivos/1",
        "url": "https://pncp.gov.br/pncp-api/v1/orgaos/00394536000139/compras/2022/2/arquivos/1",
        "sequencialDocumento": 1,
        "dataPublicacaoPncp": "2022-01-24T14:56:47",
        "cnpj": "00394536000139",
        "anoCompra": 2022,
        "sequencialCompra": 2,
        "statusAtivo": true,
        "titulo": "002. Projeto Basico - Revisao C4 Lounge",
        "tipoDocumentoId": 1,
        "tipoDocumentoNome": "Aviso de Contratação Direta",
        "tipoDocumentoDescricao": "Aviso de Contratação Direta",
        "nome_real": [
            "002. Projeto Basico - Revisao C4 Lounge.pdf"
        ],
        "extensao_real": "pdf"
    }
]