[
    {
        "uri": "https://pncp.gov.br/pncp-api/v1/orgaos/17217985000104/compras/2021/182/arquivos/1",
        "url": "https://pncp.gov.br/pncp-api/v1/orgaos/17217985000104/compras/2021/182/arquivos/1",
        "sequencialDocumento": 1,
        "dataPublicacaoPncp": "2021-12-03T10:04:59",
        "cnpj": "17217985000104",
        "anoCompra": 2021,
        "sequencialCompra": 182,
        "statusAtivo": true,
        "titulo": "SEI_UFMG - 1124396 - Termo de Referencia Compras",
        "tipoDocumentoNome": "Aviso de Contratação Direta",
        "tipoDocumentoDescricao": "Aviso de Contratação Direta",
        "tipoDocumentoId": 1,
        "nome_real": [
            "SEI_UFMG - 1124396 - Termo de Referencia Compras.pdf"
        ],
        "extensao_real": "pdf"
    }
]