[
    {
        "uri": "https://pncp.gov.br/pncp-api/v1/orgaos/10838653000106/compras/2021/18/arquivos/1",
        "url": "https://pncp.gov.br/pncp-api/v1/orgaos/10838653000106/compras/2021/18/arquivos/1",
        "sequencialDocumento": 1,
        "dataPublicacaoPncp": "2021-09-30T07:00:39",
        "cnpj": "10838653000106",
        "anoCompra": 2021,
        "sequencialCompra": 18,
        "statusAtivo": true,
        "titulo": "Aviso Dispensa 35-2021",
        "tipoDocumentoId": 1,
        "tipoDocumentoDescricao": "Aviso de Contratação Direta",
        "tipoDocumentoNome": "Aviso de Contratação Direta",
        "nome_real": [
            "Aviso Dispensa 35-2021.pdf"
        ],
        "extensao_real": "pdf"
    }
]