[
    {
        "uri": "https://pncp.gov.br/pncp-api/v1/orgaos/00399857000126/compras/2021/6/arquivos/1",
        "url": "https://pncp.gov.br/pncp-api/v1/orgaos/00399857000126/compras/2021/6/arquivos/1",
        "sequencialDocumento": 1,
        "dataPublicacaoPncp": "2021-09-29T07:00:39",
        "cnpj": "00399857000126",
        "anoCompra": 2021,
        "sequencialCompra": 6,
        "statusAtivo": true,
        "tipoDocumentoId": 1,
        "tipoDocumentoDescricao": "Aviso de Contratação Direta",
        "titulo": "Termo de Referencia_Dispensa_Fragmentadora",
        "tipoDocumentoNome": "Aviso de Contratação Direta",
        "nome_real": [
            "Termo de Referencia_Dispensa_Fragmentadora.pdf"
        ],
        "extensao_real": "pdf"
    }
]