[
    {
        "uri": "https://pncp.gov.br/pncp-api/v1/orgaos/00394494000136/compras/2022/23/arquivos/1",
        "url": "https://pncp.gov.br/pncp-api/v1/orgaos/00394494000136/compras/2022/23/arquivos/1",
        "sequencialDocumento": 1,
        "dataPublicacaoPncp": "2022-02-15T15:50:49",
        "cnpj": "00394494000136",
        "anoCompra": 2022,
        "sequencialCompra": 23,
        "statusAtivo": true,
        "titulo": "SEI_PF - 22038683 - Lici. Projeto Basico - agua mineral 20 litros",
        "tipoDocumentoNome": "Aviso de Contratação Direta",
        "tipoDocumentoDescricao": "Aviso de Contratação Direta",
        "tipoDocumentoId": 1,
        "nome_real": [
            "SEI_PF - 22038683 - Lici. Projeto Basico - agua mineral 20 litros.pdf"
        ],
        "extensao_real": "pdf"
    }
]