[
    {
        "uri": "https://pncp.gov.br/pncp-api/v1/orgaos/00402552000126/compras/2021/11/arquivos/1",
        "url": "https://pncp.gov.br/pncp-api/v1/orgaos/00402552000126/compras/2021/11/arquivos/1",
        "sequencialDocumento": 1,
        "dataPublicacaoPncp": "2021-09-15T07:01:31",
        "cnpj": "00402552000126",
        "anoCompra": 2021,
        "sequencialCompra": 11,
        "statusAtivo": true,
        "titulo": "especificacao",
        "tipoDocumentoNome": "Aviso de Contratação Direta",
        "tipoDocumentoId": 1,
        "tipoDocumentoDescricao": "Aviso de Contratação Direta",
        "nome_real": [
            "especificacao.pdf"
        ],
        "extensao_real": "pdf"
    }
]