[
    {
        "uri": "https://pncp.gov.br/pncp-api/v1/orgaos/04801221000110/compras/2021/21/arquivos/1",
        "url": "https://pncp.gov.br/pncp-api/v1/orgaos/04801221000110/compras/2021/21/arquivos/1",
        "sequencialDocumento": 1,
        "dataPublicacaoPncp": "2021-11-17T07:00:43",
        "cnpj": "04801221000110",
        "anoCompra": 2021,
        "sequencialCompra": 21,
        "statusAtivo": true,
        "titulo": "SEI_TJRO - 2436802 - Termo de Referencia",
        "tipoDocumentoId": 1,
        "tipoDocumentoDescricao": "Aviso de Contratação Direta",
        "tipoDocumentoNome": "Aviso de Contratação Direta",
        "nome_real": [
            "SEI_TJRO - 2436802 - Termo de Referencia.pdf"
        ],
        "extensao_real": "pdf"
    }
]