[
    {
        "uri": "https://pncp.gov.br/pncp-api/v1/orgaos/00059311000126/compras/2021/10/arquivos/1",
        "url": "https://pncp.gov.br/pncp-api/v1/orgaos/00059311000126/compras/2021/10/arquivos/1",
        "sequencialDocumento": 1,
        "dataPublicacaoPncp": "2021-10-20T16:12:31",
        "cnpj": "00059311000126",
        "anoCompra": 2021,
        "sequencialCompra": 10,
        "statusAtivo": true,
        "tipoDocumentoId": 1,
        "tipoDocumentoDescricao": "Aviso de Contratação Direta",
        "titulo": "SEI_FUNAI - 3407511 - Documento de Formalizacao da Demanda (DFD)",
        "tipoDocumentoNome": "Aviso de Contratação Direta",
        "nome_real": [
            "SEI_FUNAI - 3407511 - Documento de Formalizacao da Demanda (DFD).pdf"
        ],
        "extensao_real": "pdf"
    }
]