[
    {
        "uri": "https://pncp.gov.br/pncp-api/v1/orgaos/00394460000141/compras/2021/123/arquivos/1",
        "url": "https://pncp.gov.br/pncp-api/v1/orgaos/00394460000141/compras/2021/123/arquivos/1",
        "sequencialDocumento": 1,
        "dataPublicacaoPncp": "2021-11-29T07:01:14",
        "cnpj": "00394460000141",
        "anoCompra": 2021,
        "sequencialCompra": 123,
        "statusAtivo": true,
        "titulo": "51 - OCR",
        "tipoDocumentoDescricao": "Aviso de Contratação Direta",
        "tipoDocumentoId": 1,
        "tipoDocumentoNome": "Aviso de Contratação Direta",
        "nome_real": [
            "51 - OCR.zip",
            "1 Demanda - OCR.doc",
            "2 Representaç╞o.doc",
            "3 Minuta de Contrato.docx",
            "4 Check-list AGU.doc",
            "Formulário de cotaç╞o OCR.doc",
            "Lista mínima de materiais a serem fornecidos.xlsx",
            "Local 1 - Itapu╞.png",
            "Local 2 - Jirau.png"
        ],
        "extensao_real": "zip"
    }
]