[
    {
        "uri": "https://pncp.gov.br/pncp-api/v1/orgaos/00394502000144/compras/2021/356/arquivos/1",
        "url": "https://pncp.gov.br/pncp-api/v1/orgaos/00394502000144/compras/2021/356/arquivos/1",
        "sequencialDocumento": 1,
        "dataPublicacaoPncp": "2021-11-18T07:00:54",
        "cnpj": "00394502000144",
        "anoCompra": 2021,
        "sequencialCompra": 356,
        "statusAtivo": true,
        "titulo": "Aviso de Dispensa Eletronica 34",
        "tipoDocumentoNome": "Aviso de Contratação Direta",
        "tipoDocumentoDescricao": "Aviso de Contratação Direta",
        "tipoDocumentoId": 1,
        "nome_real": [
            "Aviso de Dispensa Eletronica 34 .pdf"
        ],
        "extensao_real": "pdf"
    }
]