[
    {
        "uri": "https://pncp.gov.br/pncp-api/v1/orgaos/10662072000158/compras/2021/3/arquivos/1",
        "url": "https://pncp.gov.br/pncp-api/v1/orgaos/10662072000158/compras/2021/3/arquivos/1",
        "sequencialDocumento": 1,
        "dataPublicacaoPncp": "2021-10-29T07:01:01",
        "cnpj": "10662072000158",
        "anoCompra": 2021,
        "sequencialCompra": 3,
        "statusAtivo": true,
        "titulo": "AVISO DE DISPENSA DE LICITACAO 50.2021 POCO ARTESIANO SVS",
        "tipoDocumentoDescricao": "Aviso de Contratação Direta",
        "tipoDocumentoId": 1,
        "tipoDocumentoNome": "Aviso de Contratação Direta",
        "nome_real": [
            "AVISO DE DISPENSA DE LICITACAO 50.2021 POCO ARTESIANO SVS.pdf"
        ],
        "extensao_real": "pdf"
    }
]