[
    {
        "uri": "https://pncp.gov.br/pncp-api/v1/orgaos/82951229000176/compras/2021/2/arquivos/1",
        "url": "https://pncp.gov.br/pncp-api/v1/orgaos/82951229000176/compras/2021/2/arquivos/1",
        "sequencialDocumento": 1,
        "dataPublicacaoPncp": "2021-09-29T07:00:38",
        "cnpj": "82951229000176",
        "anoCompra": 2021,
        "sequencialCompra": 2,
        "statusAtivo": true,
        "titulo": "ESPECIFICACOES_TECNICAS",
        "tipoDocumentoId": 1,
        "tipoDocumentoDescricao": "Aviso de Contratação Direta",
        "tipoDocumentoNome": "Aviso de Contratação Direta",
        "nome_real": [
            "ESPECIFICACOES_TECNICAS.pdf"
        ],
        "extensao_real": "pdf"
    }
]