[
    {
        "uri": "https://pncp.gov.br/pncp-api/v1/orgaos/00394429000100/compras/2022/76/arquivos/1",
        "url": "https://pncp.gov.br/pncp-api/v1/orgaos/00394429000100/compras/2022/76/arquivos/1",
        "sequencialDocumento": 1,
        "dataPublicacaoPncp": "2022-02-24T12:59:54",
        "cnpj": "00394429000100",
        "anoCompra": 2022,
        "sequencialCompra": 76,
        "statusAtivo": true,
        "titulo": "Aviso de dispensa + Projeto Basico",
        "tipoDocumentoNome": "Aviso de Contratação Direta",
        "tipoDocumentoDescricao": "Aviso de Contratação Direta",
        "tipoDocumentoId": 1,
        "nome_real": [
            "Aviso de dispensa + Projeto Basico.pdf"
        ],
        "extensao_real": "pdf"
    }
]