[
    {
        "uri": "https://pncp.gov.br/pncp-api/v1/orgaos/00394502000144/compras/2021/189/arquivos/1",
        "url": "https://pncp.gov.br/pncp-api/v1/orgaos/00394502000144/compras/2021/189/arquivos/1",
        "sequencialDocumento": 1,
        "dataPublicacaoPncp": "2021-10-22T07:01:30",
        "cnpj": "00394502000144",
        "anoCompra": 2021,
        "sequencialCompra": 189,
        "statusAtivo": true,
        "titulo": "190 dispensa eletronica",
        "tipoDocumentoId": 1,
        "tipoDocumentoNome": "Aviso de Contratação Direta",
        "tipoDocumentoDescricao": "Aviso de Contratação Direta",
        "nome_real": [
            "190 dispensa eletronica.odt"
        ],
        "extensao_real": "odt"
    }
]