[
    {
        "uri": "https://pncp.gov.br/pncp-api/v1/orgaos/06553481000149/compras/2021/1/arquivos/1",
        "url": "https://pncp.gov.br/pncp-api/v1/orgaos/06553481000149/compras/2021/1/arquivos/1",
        "sequencialDocumento": 1,
        "dataPublicacaoPncp": "2021-09-16T13:31:43",
        "cnpj": "06553481000149",
        "anoCompra": 2021,
        "sequencialCompra": 1,
        "statusAtivo": true,
        "titulo": "PROCESSO DE DISPENSA  ELETRONICA",
        "tipoDocumentoId": 1,
        "tipoDocumentoDescricao": "Aviso de Contratação Direta",
        "tipoDocumentoNome": "Aviso de Contratação Direta",
        "nome_real": [
            "PROCESSO DE DISPENSA  ELETRONICA.pdf"
        ],
        "extensao_real": "pdf"
    }
]