[
    {
        "uri": "https://pncp.gov.br/pncp-api/v1/orgaos/00394452000103/compras/2021/1417/arquivos/1",
        "url": "https://pncp.gov.br/pncp-api/v1/orgaos/00394452000103/compras/2021/1417/arquivos/1",
        "sequencialDocumento": 1,
        "dataPublicacaoPncp": "2021-11-03T07:01:21",
        "cnpj": "00394452000103",
        "anoCompra": 2021,
        "sequencialCompra": 1417,
        "statusAtivo": true,
        "titulo": "Termo de Referencia Telefonia- BENTO",
        "tipoDocumentoId": 1,
        "tipoDocumentoDescricao": "Aviso de Contratação Direta",
        "tipoDocumentoNome": "Aviso de Contratação Direta",
        "nome_real": [
            "Termo de Referencia Telefonia- BENTO.PDF"
        ],
        "extensao_real": "PDF"
    }
]