[
    {
        "uri": "https://pncp.gov.br/pncp-api/v1/orgaos/00394452000103/compras/2022/278/arquivos/1",
        "url": "https://pncp.gov.br/pncp-api/v1/orgaos/00394452000103/compras/2022/278/arquivos/1",
        "sequencialDocumento": 1,
        "dataPublicacaoPncp": "2022-02-17T10:21:54",
        "cnpj": "00394452000103",
        "anoCompra": 2022,
        "sequencialCompra": 278,
        "statusAtivo": true,
        "titulo": "AvisodeDispensaEletronica",
        "tipoDocumentoId": 1,
        "tipoDocumentoNome": "Aviso de Contratação Direta",
        "tipoDocumentoDescricao": "Aviso de Contratação Direta",
        "nome_real": [
            "AvisodeDispensaEletronica.pdf"
        ],
        "extensao_real": "pdf"
    }
]