[
    {
        "uri": "https://pncp.gov.br/pncp-api/v1/orgaos/00394452000103/compras/2021/1092/arquivos/1",
        "url": "https://pncp.gov.br/pncp-api/v1/orgaos/00394452000103/compras/2021/1092/arquivos/1",
        "sequencialDocumento": 1,
        "dataPublicacaoPncp": "2021-10-19T07:01:12",
        "cnpj": "00394452000103",
        "anoCompra": 2021,
        "sequencialCompra": 1092,
        "statusAtivo": true,
        "titulo": "drywall",
        "tipoDocumentoId": 1,
        "tipoDocumentoDescricao": "Aviso de Contratação Direta",
        "tipoDocumentoNome": "Aviso de Contratação Direta",
        "nome_real": [
            "drywall.pdf"
        ],
        "extensao_real": "pdf"
    }
]