[
    {
        "uri": "https://pncp.gov.br/pncp-api/v1/orgaos/00394452000103/compras/2021/156/arquivos/1",
        "url": "https://pncp.gov.br/pncp-api/v1/orgaos/00394452000103/compras/2021/156/arquivos/1",
        "tipoDocumentoDescricao": "Aviso de Contratação Direta",
        "sequencialDocumento": 1,
        "dataPublicacaoPncp": "2021-08-26T07:00:51",
        "cnpj": "00394452000103",
        "anoCompra": 2021,
        "sequencialCompra": 156,
        "statusAtivo": true,
        "titulo": "Cot Ele 171 - Pneu 185.60 R 15",
        "tipoDocumentoNome": "Aviso de Contratação Direta",
        "tipoDocumentoId": 1,
        "nome_real": [
            "Cot Ele 171 - Pneu 185.60 R 15 .pdf"
        ],
        "extensao_real": "pdf"
    }
]