[
    {
        "uri": "https://pncp.gov.br/pncp-api/v1/orgaos/00394452000103/compras/2021/1559/arquivos/1",
        "url": "https://pncp.gov.br/pncp-api/v1/orgaos/00394452000103/compras/2021/1559/arquivos/1",
        "sequencialDocumento": 1,
        "dataPublicacaoPncp": "2021-11-09T07:01:21",
        "cnpj": "00394452000103",
        "anoCompra": 2021,
        "sequencialCompra": 1559,
        "statusAtivo": true,
        "titulo": "Aviso de Dispensa de Eletronica n 34-2021",
        "tipoDocumentoNome": "Aviso de Contratação Direta",
        "tipoDocumentoDescricao": "Aviso de Contratação Direta",
        "tipoDocumentoId": 1,
        "nome_real": [
            "Aviso de Dispensa de Eletronica n 34-2021.PDF"
        ],
        "extensao_real": "PDF"
    }
]