[
    {
        "uri": "https://pncp.gov.br/pncp-api/v1/orgaos/10825373000155/compras/2021/3/arquivos/1",
        "url": "https://pncp.gov.br/pncp-api/v1/orgaos/10825373000155/compras/2021/3/arquivos/1",
        "sequencialDocumento": 1,
        "dataPublicacaoPncp": "2021-12-09T07:00:16",
        "cnpj": "10825373000155",
        "anoCompra": 2021,
        "sequencialCompra": 3,
        "statusAtivo": true,
        "titulo": "Aviso de Dispensa Eletronica n 04_2021",
        "tipoDocumentoDescricao": "Aviso de Contratação Direta",
        "tipoDocumentoId": 1,
        "tipoDocumentoNome": "Aviso de Contratação Direta",
        "nome_real": [
            "Aviso de Dispensa Eletronica n 04_2021.pdf"
        ],
        "extensao_real": "pdf"
    }
]