[
    {
        "uri": "https://pncp.gov.br/pncp-api/v1/orgaos/04898488000177/compras/2022/7/arquivos/1",
        "url": "https://pncp.gov.br/pncp-api/v1/orgaos/04898488000177/compras/2022/7/arquivos/1",
        "sequencialDocumento": 1,
        "dataPublicacaoPncp": "2022-02-22T12:31:02",
        "cnpj": "04898488000177",
        "anoCompra": 2022,
        "sequencialCompra": 7,
        "statusAtivo": true,
        "titulo": "Projeto Basico Simplificado - Lei 8.666_1993 - Barra Mansa",
        "tipoDocumentoId": 1,
        "tipoDocumentoDescricao": "Aviso de Contratação Direta",
        "tipoDocumentoNome": "Aviso de Contratação Direta",
        "nome_real": [
            "Projeto Basico Simplificado - Lei 8.666_1993.pdf - Barra Mansa.pdf"
        ],
        "extensao_real": "pdf"
    }
]