[
    {
        "uri": "https://pncp.gov.br/pncp-api/v1/orgaos/10784782000150/compras/2022/23/arquivos/1",
        "url": "https://pncp.gov.br/pncp-api/v1/orgaos/10784782000150/compras/2022/23/arquivos/1",
        "sequencialDocumento": 1,
        "dataPublicacaoPncp": "2022-03-03T09:01:38",
        "cnpj": "10784782000150",
        "anoCompra": 2022,
        "sequencialCompra": 23,
        "statusAtivo": true,
        "titulo": "AViso de dispensa e TR",
        "tipoDocumentoId": 1,
        "tipoDocumentoDescricao": "Aviso de Contratação Direta",
        "tipoDocumentoNome": "Aviso de Contratação Direta",
        "nome_real": [
            "AViso de dispensa e TR.pdf"
        ],
        "extensao_real": "pdf"
    }
]