[
    {
        "uri": "https://pncp.gov.br/pncp-api/v1/orgaos/83901983000164/compras/2022/1/arquivos/1",
        "url": "https://pncp.gov.br/pncp-api/v1/orgaos/83901983000164/compras/2022/1/arquivos/1",
        "sequencialDocumento": 1,
        "dataPublicacaoPncp": "2022-02-03T15:09:02",
        "cnpj": "83901983000164",
        "anoCompra": 2022,
        "sequencialCompra": 1,
        "statusAtivo": true,
        "titulo": "7- Aviso + TR assinado",
        "tipoDocumentoNome": "Aviso de Contratação Direta",
        "tipoDocumentoDescricao": "Aviso de Contratação Direta",
        "tipoDocumentoId": 1,
        "nome_real": [
            "7- Aviso + TR assinado.pdf"
        ],
        "extensao_real": "pdf"
    },
    {
        "uri": "https://pncp.gov.br/pncp-api/v1/orgaos/83901983000164/compras/2022/1/arquivos/2",
        "url": "https://pncp.gov.br/pncp-api/v1/orgaos/83901983000164/compras/2022/1/arquivos/2",
        "sequencialDocumento": 2,
        "dataPublicacaoPncp": "2022-02-04T08:48:10",
        "cnpj": "83901983000164",
        "anoCompra": 2022,
        "sequencialCompra": 1,
        "statusAtivo": true,
        "titulo": "5-AVIS~1",
        "tipoDocumentoNome": "Aviso de Contratação Direta",
        "tipoDocumentoDescricao": "Aviso de Contratação Direta",
        "tipoDocumentoId": 1,
        "nome_real": [
            "5-AVIS~1.PDF"
        ],
        "extensao_real": "PDF"
    }
]