[
    {
        "uri": "https://pncp.gov.br/pncp-api/v1/orgaos/00348003000110/compras/2021/437/arquivos/1",
        "url": "https://pncp.gov.br/pncp-api/v1/orgaos/00348003000110/compras/2021/437/arquivos/1",
        "sequencialDocumento": 1,
        "dataPublicacaoPncp": "2021-12-22T07:01:04",
        "cnpj": "00348003000110",
        "anoCompra": 2021,
        "sequencialCompra": 437,
        "statusAtivo": true,
        "titulo": "SEI_EMBRAPA - 6397566 - Termo de Referencia",
        "tipoDocumentoId": 1,
        "tipoDocumentoNome": "Aviso de Contratação Direta",
        "tipoDocumentoDescricao": "Aviso de Contratação Direta",
        "nome_real": [
            "SEI_EMBRAPA - 6397566 - Termo de Referencia.pdf"
        ],
        "extensao_real": "pdf"
    }
]