[
    {
        "uri": "https://pncp.gov.br/pncp-api/v1/orgaos/00394452000103/compras/2021/1129/arquivos/1",
        "url": "https://pncp.gov.br/pncp-api/v1/orgaos/00394452000103/compras/2021/1129/arquivos/1",
        "sequencialDocumento": 1,
        "dataPublicacaoPncp": "2021-10-20T16:13:37",
        "cnpj": "00394452000103",
        "anoCompra": 2021,
        "sequencialCompra": 1129,
        "statusAtivo": true,
        "titulo": "DISP 258.2021 - T.A - DIEx 127 - DTI",
        "tipoDocumentoDescricao": "Aviso de Contratação Direta",
        "tipoDocumentoId": 1,
        "tipoDocumentoNome": "Aviso de Contratação Direta",
        "nome_real": [
            "DISP 258.2021 - T.A - DIEx 127 - DTI.pdf"
        ],
        "extensao_real": "pdf"
    }
]