[
    {
        "uri": "https://pncp.gov.br/pncp-api/v1/orgaos/06554091000193/compras/2022/2/arquivos/1",
        "url": "https://pncp.gov.br/pncp-api/v1/orgaos/06554091000193/compras/2022/2/arquivos/1",
        "sequencialDocumento": 1,
        "dataPublicacaoPncp": "2022-02-23T12:38:29",
        "cnpj": "06554091000193",
        "anoCompra": 2022,
        "sequencialCompra": 2,
        "statusAtivo": true,
        "titulo": "termo_de_dispensa_nuvem_ok.pdf",
        "tipoDocumentoId": 1,
        "tipoDocumentoDescricao": "Aviso de Contratação Direta",
        "tipoDocumentoNome": "Aviso de Contratação Direta",
        "nome_real": [
            "termo_de_dispensa_nuvem_ok.pdf"
        ],
        "extensao_real": "pdf"
    }
]