[
    {
        "uri": "https://pncp.gov.br/pncp-api/v1/orgaos/00394502000144/compras/2021/163/arquivos/1",
        "url": "https://pncp.gov.br/pncp-api/v1/orgaos/00394502000144/compras/2021/163/arquivos/1",
        "sequencialDocumento": 1,
        "dataPublicacaoPncp": "2021-10-19T07:00:33",
        "cnpj": "00394502000144",
        "anoCompra": 2021,
        "sequencialCompra": 163,
        "statusAtivo": true,
        "titulo": "Edital e Anexos - DE 24-2021",
        "tipoDocumentoNome": "Aviso de Contratação Direta",
        "tipoDocumentoDescricao": "Aviso de Contratação Direta",
        "tipoDocumentoId": 1,
        "nome_real": [
            "Edital e Anexos - DE 24-2021.pdf"
        ],
        "extensao_real": "pdf"
    }
]