[
    {
        "uri": "https://pncp.gov.br/pncp-api/v1/orgaos/00394494000136/compras/2021/26/arquivos/1",
        "url": "https://pncp.gov.br/pncp-api/v1/orgaos/00394494000136/compras/2021/26/arquivos/1",
        "sequencialDocumento": 1,
        "dataPublicacaoPncp": "2021-10-06T07:00:47",
        "cnpj": "00394494000136",
        "anoCompra": 2021,
        "sequencialCompra": 26,
        "statusAtivo": true,
        "titulo": "Projeto Basico (Borrifadores, Papel toalha e Alcool Liquido)",
        "tipoDocumentoId": 1,
        "tipoDocumentoDescricao": "Aviso de Contratação Direta",
        "tipoDocumentoNome": "Aviso de Contratação Direta",
        "nome_real": [
            "Projeto Basico (Borrifadores, Papel toalha e Alcool Liquido).pdf"
        ],
        "extensao_real": "pdf"
    }
]