[
    {
        "uri": "https://pncp.gov.br/pncp-api/v1/orgaos/00394452000103/compras/2022/605/arquivos/1",
        "url": "https://pncp.gov.br/pncp-api/v1/orgaos/00394452000103/compras/2022/605/arquivos/1",
        "sequencialDocumento": 1,
        "dataPublicacaoPncp": "2022-03-10T16:01:58",
        "cnpj": "00394452000103",
        "anoCompra": 2022,
        "sequencialCompra": 605,
        "statusAtivo": true,
        "titulo": "Aviso 08-2022",
        "tipoDocumentoNome": "Aviso de Contratação Direta",
        "tipoDocumentoDescricao": "Aviso de Contratação Direta",
        "tipoDocumentoId": 1,
        "nome_real": [
            "Aviso 08-2022.pdf"
        ],
        "extensao_real": "pdf"
    }
]